timestamp,close,ema20,ema50,ema200,rsi,adx,atr,macd,macd_signal,bb_upper,bb_lower,rec_w,rec_d,rec_4h,dxy_rec,score_b,score_s
2026-08-09 17:07:10,1.3495,1.34166,1.33951,1.33888,60.37,21.73,0.003,0.003088,0.001991,1.35555,1.32743,BUY,STRONG_BUY,BUY,SELL,50,5
2026-08-09 17:12:41,1.3494,1.34165,1.3395,1.33888,60.28,21.73,0.003,0.00308,0.001989,1.35554,1.32743,BUY,STRONG_BUY,BUY,,50,15
2026-08-09 17:28:21,1.3494,1.34165,1.3395,1.33888,60.28,21.73,0.003,0.00308,0.001989,1.35554,1.32743,BUY,STRONG_BUY,BUY,SELL,50,5
2026-08-09 17:44:02,1.3488,1.34159,1.33948,1.33887,59.76,21.73,0.003,0.003032,0.00198,1.35544,1.32747,BUY,STRONG_BUY,BUY,SELL,50,5
2026-08-09 17:59:42,1.3491,1.34162,1.33949,1.33888,60.02,21.73,0.003,0.003056,0.001985,1.35549,1.32745,BUY,STRONG_BUY,BUY,SELL,50,5
2026-08-09 19:20:20,1.3492,1.34163,1.33949,1.33888,60.11,21.73,0.003,0.003064,0.001986,1.3555,1.32745,BUY,STRONG_BUY,BUY,SELL,50,5
2026-08-09 19:36:00,1.349,1.34161,1.33949,1.33888,59.94,21.73,0.003,0.003048,0.001983,1.35547,1.32746,BUY,STRONG_BUY,BUY,SELL,50,5
2026-08-09 19:51:41,1.3492,1.34163,1.33949,1.33888,60.11,21.73,0.003,0.003064,0.001986,1.3555,1.32745,BUY,STRONG_BUY,BUY,SELL,50,5
2026-08-09 20:07:22,1.3492,1.34162,1.33949,1.33888,60.02,21.73,0.003,0.003056,0.001985,1.35549,1.32745,BUY,STRONG_BUY,BUY,SELL,50,5
2026-08-09 20:23:02,1.3489,1.3416,1.33948,1.33888,59.85,21.73,0.003,0.00304,0.001981,1.35546,1.32746,BUY,STRONG_BUY,BUY,SELL,50,5
2026-08-09 20:38:43,1.3489,1.3416,1.33948,1.33888,59.85,21.73,0.003,0.00304,0.001981,1.35546,1.32746,BUY,STRONG_BUY,BUY,SELL,50,5
2026-08-09 20:54:23,1.3492,1.34163,1.33949,1.33888,60.11,21.73,0.003,0.003064,0.001986,1.3555,1.32745,BUY,STRONG_BUY,BUY,SELL,50,5
2026-08-09 21:03:54,1.3486,1.34157,1.33947,1.33887,59.5,21.73,0.003,0.003016,0.001977,1.35541,1.32748,BUY,STRONG_BUY,BUY,SELL,50,5
2026-08-09 21:19:35,1.3487,1.34158,1.33947,1.33887,59.63,21.73,0.003,0.003024,0.001978,1.35543,1.32747,BUY,STRONG_BUY,BUY,SELL,50,5
2026-08-09 21:35:16,1.3485,1.34156,1.33947,1.33887,59.37,21.73,0.003,0.003008,0.001975,1.3554,1.32748,BUY,STRONG_BUY,BUY,SELL,50,5
2026-08-09 21:50:57,1.3489,1.3416,1.33948,1.33888,59.85,21.73,0.003,0.00304,0.001981,1.35546,1.32746,BUY,STRONG_BUY,BUY,SELL,50,5
2026-08-09 22:04:17,1.3489,1.3416,1.33948,1.33888,59.85,21.73,0.003,0.00304,0.001981,1.35546,1.32746,BUY,STRONG_BUY,BUY,SELL,50,5
2026-08-09 22:19:57,1.3488,1.34159,1.33948,1.33887,59.76,21.73,0.003,0.003032,0.00198,1.35544,1.32747,BUY,STRONG_BUY,BUY,SELL,50,5
2026-08-09 22:35:38,1.3488,1.34159,1.33948,1.33887,59.76,21.73,0.003,0.003032,0.00198,1.35544,1.32747,BUY,STRONG_BUY,BUY,SELL,50,5
2026-08-09 22:51:19,1.3487,1.34158,1.33947,1.33887,59.63,21.73,0.003,0.003024,0.001978,1.35543,1.32747,BUY,STRONG_BUY,BUY,SELL,50,5
2026-08-09 23:06:59,1.3485,1.34156,1.33947,1.33887,59.37,21.73,0.003,0.003008,0.001975,1.3554,1.32748,BUY,STRONG_BUY,BUY,SELL,50,5
2026-08-10 08:02:54,1.3501,1.34171,1.33953,1.33889,60.87,21.73,0.003,0.003136,0.002001,1.35565,1.32739,BUY,STRONG_BUY,BUY,SELL,50,5
2026-08-10 08:18:35,1.3499,1.34169,1.33952,1.33889,60.71,21.73,0.003,0.00312,0.001997,1.35562,1.3274,BUY,STRONG_BUY,BUY,SELL,50,5
2026-08-10 08:34:15,1.3493,1.34165,1.3395,1.33888,60.28,21.73,0.003,0.00308,0.001989,1.35554,1.32743,BUY,STRONG_BUY,BUY,NEUTRAL,50,15
2026-08-10 08:45:55,1.3493,1.34164,1.3395,1.33888,60.2,21.73,0.003,0.003072,0.001988,1.35552,1.32744,BUY,STRONG_BUY,BUY,NEUTRAL,50,15
2026-08-10 09:01:36,1.3496,1.34166,1.33951,1.33888,60.45,21.73,0.003,0.003096,0.001993,1.35557,1.32742,BUY,STRONG_BUY,BUY,NEUTRAL,50,15
2026-08-10 09:17:16,1.3505,1.34175,1.33954,1.33889,61.2,21.73,0.003,0.003168,0.002007,1.35572,1.32736,BUY,STRONG_BUY,STRONG_BUY,SELL,50,5
2026-08-10 09:32:57,1.3503,1.34173,1.33954,1.33889,61.04,21.73,0.003,0.003152,0.002004,1.35569,1.32737,BUY,STRONG_BUY,STRONG_BUY,NEUTRAL,50,15
2026-08-10 10:29:11,1.3517,1.34186,1.33959,1.3389,62.16,21.84,0.003,0.003263,0.002026,1.35594,1.32726,STRONG_BUY,STRONG_BUY,STRONG_BUY,SELL,50,5
2026-08-10 10:44:51,1.3524,1.34193,1.33962,1.33891,62.7,21.92,0.003,0.003319,0.002037,1.35608,1.32719,STRONG_BUY,STRONG_BUY,STRONG_BUY,SELL,50,5
2026-08-10 11:00:32,1.352,1.34189,1.3396,1.33891,62.39,21.99,0.003,0.003287,0.002031,1.356,1.32723,STRONG_BUY,STRONG_BUY,STRONG_BUY,SELL,50,5
2026-08-10 11:16:12,1.3523,1.34192,1.33961,1.33891,62.62,21.99,0.003,0.003311,0.002036,1.35606,1.3272,STRONG_BUY,STRONG_BUY,STRONG_BUY,SELL,50,5
2026-08-10 13:59:26,1.3505,1.34175,1.33954,1.33889,61.2,21.99,0.003,0.003168,0.002007,1.35572,1.32736,BUY,STRONG_BUY,STRONG_BUY,NEUTRAL,50,15
2026-08-10 14:15:07,1.3508,1.34178,1.33956,1.33889,61.45,21.99,0.003,0.003192,0.002012,1.35578,1.32733,STRONG_BUY,STRONG_BUY,BUY,NEUTRAL,50,15
2026-08-10 14:30:47,1.3507,1.34177,1.33955,1.33889,61.37,21.99,0.003,0.003184,0.00201,1.35576,1.32734,STRONG_BUY,STRONG_BUY,BUY,NEUTRAL,50,15
2026-08-10 14:46:28,1.351,1.3418,1.33956,1.3389,61.61,21.99,0.003,0.003208,0.002015,1.35581,1.32732,STRONG_BUY,STRONG_BUY,STRONG_BUY,NEUTRAL,50,15
2026-08-10 15:02:08,1.3507,1.34177,1.33955,1.33889,61.37,21.99,0.003,0.003184,0.00201,1.35576,1.32734,STRONG_BUY,STRONG_BUY,BUY,NEUTRAL,50,15
2026-08-10 15:17:49,1.3508,1.34178,1.33956,1.33889,61.45,21.99,0.003,0.003192,0.002012,1.35578,1.32733,STRONG_BUY,STRONG_BUY,BUY,NEUTRAL,50,15
2026-08-10 15:33:29,1.3507,1.34177,1.33955,1.33889,61.37,21.99,0.003,0.003184,0.00201,1.35576,1.32734,STRONG_BUY,STRONG_BUY,BUY,NEUTRAL,50,15
2026-08-10 15:49:10,1.3509,1.34179,1.33956,1.3389,61.53,21.99,0.003,0.0032,0.002013,1.35579,1.32733,STRONG_BUY,STRONG_BUY,BUY,NEUTRAL,50,15
2026-08-10 16:04:51,1.3509,1.34179,1.33956,1.3389,61.53,21.99,0.003,0.0032,0.002013,1.35579,1.32733,STRONG_BUY,STRONG_BUY,BUY,NEUTRAL,50,15
2026-08-10 16:20:32,1.3507,1.34177,1.33955,1.33889,61.37,21.99,0.003,0.003184,0.00201,1.35576,1.32734,STRONG_BUY,STRONG_BUY,BUY,NEUTRAL,50,15
2026-08-10 16:36:12,1.3507,1.34177,1.33955,1.33889,61.37,21.99,0.003,0.003184,0.00201,1.35576,1.32734,STRONG_BUY,STRONG_BUY,BUY,NEUTRAL,50,15
2026-08-10 18:04:45,1.3508,1.34262,1.33999,1.33901,61.46,23.3,0.003,0.003488,0.002304,1.35683,1.32749,STRONG_BUY,STRONG_BUY,STRONG_BUY,NEUTRAL,50,15
2026-08-10 19:06:38,1.3509,1.34263,1.33999,1.33901,61.55,23.3,0.003,0.003496,0.002306,1.35685,1.32748,STRONG_BUY,STRONG_BUY,BUY,NEUTRAL,50,15
2026-08-10 19:22:19,1.3509,1.34263,1.33999,1.33901,61.55,23.3,0.003,0.003496,0.002306,1.35685,1.32748,STRONG_BUY,STRONG_BUY,BUY,NEUTRAL,50,15
2026-08-10 19:38:00,1.3508,1.34262,1.33999,1.33901,61.46,23.3,0.003,0.003488,0.002304,1.35683,1.32749,STRONG_BUY,STRONG_BUY,BUY,SELL,50,5
2026-08-10 19:53:41,1.3509,1.34263,1.33999,1.33901,61.55,23.3,0.003,0.003496,0.002306,1.35685,1.32748,STRONG_BUY,STRONG_BUY,BUY,SELL,50,5
2026-08-10 20:09:22,1.3511,1.34265,1.34,1.33901,61.72,23.3,0.003,0.003512,0.002309,1.35688,1.32747,STRONG_BUY,BUY,BUY,SELL,50,5
2026-08-10 20:48:36,1.3514,1.34268,1.34001,1.33902,61.97,23.3,0.003,0.003536,0.002314,1.35694,1.32744,STRONG_BUY,BUY,STRONG_BUY,SELL,50,5
2026-08-10 20:57:25,1.3512,1.34266,1.34001,1.33902,61.8,23.3,0.003,0.00352,0.002311,1.3569,1.32746,STRONG_BUY,BUY,BUY,SELL,50,5
2026-08-10 21:33:40,1.3513,1.34267,1.34001,1.33902,61.89,23.3,0.00666,0.003528,0.002312,1.35692,1.32745,STRONG_BUY,BUY,STRONG_BUY,SELL,50,5
2026-08-10 21:40:48,1.3512,1.34266,1.34001,1.33902,61.8,23.3,0.00666,0.00352,0.002311,1.3569,1.32746,STRONG_BUY,BUY,STRONG_BUY,SELL,50,5
2026-08-10 21:52:26,1.3512,1.34266,1.34001,1.33902,61.8,23.3,0.00666,0.00352,0.002311,1.3569,1.32746,STRONG_BUY,BUY,BUY,SELL,50,5
2026-08-11 08:09:15,1.3499,1.34254,1.33995,1.339,60.33,23.3,0.00677,0.003416,0.00229,1.35669,1.32754,BUY,BUY,BUY,SELL,50,5
2026-08-11 08:24:55,1.3495,1.3425,1.33994,1.339,59.79,23.3,0.00677,0.003384,0.002284,1.35662,1.32757,BUY,BUY,BUY,SELL,50,5
2026-08-11 08:40:36,1.3496,1.34251,1.33994,1.339,59.93,23.3,0.00677,0.003392,0.002285,1.35664,1.32756,BUY,BUY,BUY,SELL,50,5
2026-08-11 08:56:17,1.3498,1.34253,1.33995,1.339,60.19,23.3,0.00677,0.003408,0.002288,1.35667,1.32755,BUY,BUY,BUY,SELL,50,5
2026-08-11 09:11:57,1.3503,1.34257,1.33997,1.33901,60.87,23.3,0.00677,0.003448,0.002296,1.35675,1.32752,BUY,BUY,BUY,SELL,50,5
2026-08-11 09:27:38,1.3499,1.34256,1.33997,1.33901,60.73,23.3,0.00677,0.00344,0.002295,1.35673,1.32753,BUY,BUY,BUY,SELL,50,5
2026-08-11 09:43:19,1.3501,1.34255,1.33996,1.339,60.6,23.3,0.00677,0.003432,0.002293,1.35672,1.32753,BUY,BUY,BUY,SELL,50,5
2026-08-11 09:59:00,1.3503,1.34257,1.33997,1.33901,60.87,23.3,0.00677,0.003448,0.002296,1.35675,1.32752,BUY,BUY,BUY,SELL,50,5
2026-08-11 10:14:41,1.35,1.34254,1.33996,1.339,60.46,23.3,0.00677,0.003424,0.002292,1.3567,1.32754,BUY,BUY,BUY,SELL,50,5
2026-08-11 10:30:21,1.3501,1.34255,1.33996,1.339,60.6,23.3,0.00677,0.003432,0.002293,1.35672,1.32753,BUY,BUY,BUY,SELL,50,5
2026-08-11 10:46:02,1.3509,1.34263,1.33999,1.33901,61.55,23.3,0.00677,0.003496,0.002306,1.35685,1.32748,STRONG_BUY,STRONG_BUY,STRONG_BUY,SELL,50,5
2026-08-11 11:01:43,1.3508,1.34262,1.33999,1.33901,61.46,23.3,0.00677,0.003488,0.002304,1.35683,1.32749,STRONG_BUY,STRONG_BUY,STRONG_BUY,SELL,50,5
2026-08-11 11:17:24,1.3503,1.34257,1.33997,1.33901,60.87,23.3,0.00677,0.003448,0.002296,1.35675,1.32752,BUY,BUY,BUY,SELL,50,5
2026-08-11 11:33:04,1.351,1.34264,1.34,1.33901,61.63,23.3,0.00677,0.003504,0.002308,1.35687,1.32747,STRONG_BUY,STRONG_BUY,STRONG_BUY,SELL,50,5
2026-08-11 14:07:44,1.3499,1.34254,1.33995,1.339,60.33,23.3,0.00677,0.003416,0.00229,1.35669,1.32754,BUY,BUY,BUY,SELL,50,5
2026-08-11 14:23:24,1.3498,1.34253,1.33995,1.339,60.19,23.3,0.00677,0.003408,0.002288,1.35667,1.32755,BUY,BUY,BUY,SELL,50,5
2026-08-11 14:39:05,1.3501,1.34255,1.33996,1.339,60.6,23.3,0.00677,0.003432,0.002293,1.35672,1.32753,BUY,BUY,BUY,SELL,50,5
2026-08-11 14:54:46,1.35,1.34254,1.33996,1.339,60.46,23.3,0.00677,0.003424,0.002292,1.3567,1.32754,BUY,BUY,BUY,SELL,50,5
2026-08-11 15:10:26,1.3503,1.34257,1.33997,1.33901,60.87,23.3,0.00677,0.003448,0.002296,1.35675,1.32752,BUY,BUY,BUY,SELL,50,5
2026-08-11 15:26:07,1.3505,1.34259,1.33998,1.33901,61.15,23.3,0.00677,0.003464,0.0023,1.35678,1.32751,BUY,BUY,BUY,SELL,50,5
2026-08-11 15:41:48,1.3507,1.34261,1.33999,1.33901,61.37,23.3,0.00677,0.00348,0.002303,1.35682,1.32749,STRONG_BUY,STRONG_BUY,BUY,SELL,50,5
2026-08-11 15:57:29,1.3507,1.34261,1.33999,1.33901,61.37,23.3,0.00677,0.00348,0.002303,1.35682,1.32749,STRONG_BUY,STRONG_BUY,BUY,SELL,50,5
2026-08-11 16:13:09,1.3507,1.34261,1.33999,1.33901,61.37,23.3,0.00677,0.00348,0.002303,1.35682,1.32749,STRONG_BUY,STRONG_BUY,BUY,SELL,50,5
2026-08-11 23:51:14,1.3506,1.34337,1.3404,1.33913,61.22,24.52,0.00635,0.00367,0.002576,1.35627,1.32775,STRONG_BUY,BUY,BUY,SELL,50,5
2026-08-12 00:06:55,1.3506,1.34337,1.3404,1.33913,61.22,24.52,0.00635,0.00367,0.002576,1.35627,1.32775,STRONG_BUY,BUY,BUY,SELL,50,5
2026-08-12 00:22:36,1.3505,1.34336,1.3404,1.33912,61.08,24.52,0.00635,0.003662,0.002575,1.35625,1.32776,BUY,BUY,BUY,SELL,50,5
2026-08-12 08:02:22,1.3526,1.34356,1.34048,1.33915,63.08,24.68,0.00648,0.00383,0.002608,1.35664,1.32758,STRONG_BUY,STRONG_BUY,STRONG_BUY,SELL,50,5
2026-08-12 08:18:02,1.3522,1.34352,1.34046,1.33914,62.73,24.68,0.00648,0.003798,0.002602,1.35656,1.32762,STRONG_BUY,BUY,STRONG_BUY,SELL,50,5
2026-08-12 08:33:43,1.3525,1.34355,1.34048,1.33914,62.99,24.87,0.0066,0.003822,0.002607,1.35662,1.32759,STRONG_BUY,BUY,STRONG_BUY,SELL,50,5
2026-08-12 08:49:23,1.3535,1.34365,1.34052,1.33915,63.84,24.87,0.0066,0.003902,0.002623,1.35682,1.32749,STRONG_BUY,STRONG_BUY,STRONG_BUY,SELL,50,5
2026-08-12 09:05:04,1.3534,1.34364,1.34051,1.33915,63.76,24.87,0.0066,0.003894,0.002621,1.3568,1.3275,STRONG_BUY,STRONG_BUY,STRONG_BUY,SELL,50,5
2026-08-12 09:20:45,1.3528,1.34358,1.34049,1.33915,63.25,24.87,0.0066,0.003846,0.002611,1.35668,1.32756,STRONG_BUY,BUY,STRONG_BUY,SELL,50,5
2026-08-12 09:36:25,1.3529,1.34359,1.34049,1.33915,63.34,24.87,0.0066,0.003854,0.002613,1.3567,1.32755,STRONG_BUY,BUY,STRONG_BUY,SELL,50,5
2026-08-12 10:56:12,1.3508,1.34339,1.34041,1.33913,61.47,24.87,0.0066,0.003686,0.002579,1.35631,1.32773,STRONG_BUY,BUY,BUY,SELL,50,5
2026-08-12 11:11:53,1.3507,1.34338,1.34041,1.33913,61.37,24.87,0.0066,0.003678,0.002578,1.35629,1.32774,STRONG_BUY,BUY,BUY,SELL,50,5
2026-08-12 11:27:34,1.3507,1.34338,1.34041,1.33913,61.37,24.87,0.0066,0.003678,0.002578,1.35629,1.32774,STRONG_BUY,BUY,BUY,SELL,50,5
2026-08-12 11:43:14,1.3505,1.34336,1.3404,1.33912,61.08,24.87,0.0066,0.003662,0.002575,1.35625,1.32776,BUY,BUY,BUY,SELL,50,5
2026-08-12 11:58:55,1.3509,1.3434,1.34041,1.33913,61.56,24.87,0.0066,0.003694,0.002581,1.35632,1.32773,STRONG_BUY,BUY,BUY,NEUTRAL,50,15
2026-08-12 12:14:36,1.3509,1.3434,1.34041,1.33913,61.56,24.87,0.0066,0.003694,0.002581,1.35632,1.32773,STRONG_BUY,BUY,BUY,SELL,50,5
2026-08-12 12:30:17,1.3503,1.34334,1.34039,1.33912,60.78,24.87,0.0066,0.003646,0.002571,1.35622,1.32777,BUY,BUY,BUY,SELL,50,5
2026-08-12 12:45:57,1.35,1.34332,1.34038,1.33912,60.34,24.87,0.00661,0.003622,0.002567,1.35617,1.32779,BUY,BUY,NEUTRAL,NEUTRAL,42,15
2026-08-12 13:01:38,1.3501,1.34332,1.34038,1.33912,60.49,24.87,0.00665,0.00363,0.002568,1.35619,1.32778,BUY,BUY,NEUTRAL,NEUTRAL,42,15
2026-08-12 13:17:19,1.3495,1.34327,1.34036,1.33911,59.63,24.87,0.00665,0.003582,0.002559,1.35609,1.32782,BUY,BUY,NEUTRAL,NEUTRAL,42,15
2026-08-12 13:33:00,1.3495,1.34327,1.34036,1.33911,59.63,24.87,0.00665,0.003582,0.002559,1.35609,1.32782,BUY,BUY,NEUTRAL,NEUTRAL,42,15
2026-08-12 13:48:41,1.3492,1.34324,1.34035,1.33911,59.21,24.87,0.00667,0.003558,0.002554,1.35604,1.32784,BUY,BUY,NEUTRAL,NEUTRAL,42,15
2026-08-12 14:04:21,1.3491,1.34323,1.34034,1.33911,59.07,24.87,0.00669,0.003551,0.002552,1.35603,1.32784,BUY,BUY,NEUTRAL,NEUTRAL,42,15
2026-08-12 14:20:02,1.3493,1.34325,1.34035,1.33911,59.35,24.87,0.00669,0.003566,0.002556,1.35606,1.32783,BUY,BUY,BUY,NEUTRAL,50,15
2026-08-12 14:35:43,1.3495,1.34327,1.34036,1.33911,59.63,24.87,0.00669,0.003582,0.002559,1.35609,1.32782,BUY,BUY,BUY,NEUTRAL,50,15
2026-08-12 14:44:22,1.3491,1.34323,1.34034,1.33911,59.07,24.87,0.00669,0.003551,0.002552,1.35603,1.32784,BUY,BUY,NEUTRAL,NEUTRAL,42,15
2026-08-12 14:52:55,1.349,1.34322,1.34034,1.33911,58.93,24.87,0.00669,0.003543,0.002551,1.35601,1.32785,BUY,BUY,NEUTRAL,NEUTRAL,42,15
2026-08-12 15:19:25,1.3492,1.34324,1.34035,1.33911,59.21,24.87,0.0067,0.003558,0.002554,1.35604,1.32784,BUY,BUY,NEUTRAL,NEUTRAL,42,15
2026-08-12 15:32:18,1.3491,1.34323,1.34034,1.33911,59.07,24.87,0.0067,0.003551,0.002552,1.35603,1.32784,BUY,BUY,NEUTRAL,NEUTRAL,42,15
2026-08-12 15:37:18,1.349,1.34322,1.34034,1.33911,58.93,24.87,0.0067,0.003543,0.002551,1.35601,1.32785,BUY,BUY,NEUTRAL,NEUTRAL,42,15
2026-08-12 15:52:58,1.3491,1.34323,1.34034,1.33911,59.07,24.87,0.0067,0.003551,0.002552,1.35603,1.32784,BUY,BUY,NEUTRAL,NEUTRAL,42,15
2026-08-12 16:08:39,1.3491,1.34323,1.34034,1.33911,59.07,24.87,0.0067,0.003551,0.002552,1.35603,1.32784,BUY,BUY,NEUTRAL,NEUTRAL,42,15
2026-08-12 16:24:20,1.3491,1.34323,1.34034,1.33911,59.07,24.87,0.0067,0.003551,0.002552,1.35603,1.32784,BUY,BUY,NEUTRAL,NEUTRAL,42,15
2026-08-12 17:18:30,1.349,1.34322,1.34034,1.33911,58.93,24.87,0.0067,0.003543,0.002551,1.35601,1.32785,BUY,BUY,NEUTRAL,NEUTRAL,42,15
2026-08-12 18:17:23,1.3493,1.34383,1.34071,1.33921,59.34,26.32,0.00624,0.0036,0.002766,1.35635,1.32775,BUY,BUY,BUY,NEUTRAL,55,20
2026-08-12 18:19:04,1.3492,1.34382,1.3407,1.33921,59.19,26.32,0.00624,0.003592,0.002764,1.35634,1.32775,BUY,BUY,BUY,NEUTRAL,55,20
2026-08-12 18:34:45,1.3493,1.34383,1.34071,1.33921,59.34,26.32,0.00624,0.0036,0.002766,1.35635,1.32775,BUY,BUY,BUY,NEUTRAL,55,20
2026-08-12 18:50:25,1.3495,1.34385,1.34071,1.33922,59.59,26.32,0.00625,0.003616,0.002769,1.35638,1.32774,BUY,BUY,BUY,NEUTRAL,55,20
2026-08-12 19:06:06,1.3496,1.34386,1.34072,1.33922,59.69,26.32,0.00626,0.003624,0.00277,1.3564,1.32773,BUY,BUY,BUY,NEUTRAL,55,20
2026-08-12 19:21:46,1.3496,1.34386,1.34072,1.33922,59.69,26.32,0.00626,0.003624,0.00277,1.3564,1.32773,BUY,BUY,BUY,NEUTRAL,55,20
2026-08-12 19:37:27,1.3497,1.34387,1.34072,1.33922,59.8,26.32,0.00626,0.003632,0.002772,1.35641,1.32773,BUY,BUY,BUY,NEUTRAL,55,20
2026-08-12 20:25:58,1.3499,1.34389,1.34073,1.33922,60.0,26.32,0.00629,0.003648,0.002775,1.35645,1.32771,BUY,BUY,BUY,NEUTRAL,55,20
2026-08-12 20:41:40,1.3499,1.34389,1.34073,1.33922,60.0,26.32,0.00629,0.003648,0.002775,1.35645,1.32771,BUY,BUY,BUY,NEUTRAL,55,20
2026-08-12 20:57:21,1.3494,1.34384,1.34071,1.33922,59.49,26.32,0.00629,0.003608,0.002767,1.35637,1.32774,BUY,BUY,BUY,NEUTRAL,55,20
2026-08-12 21:13:01,1.3497,1.34387,1.34072,1.33922,59.8,26.32,0.00629,0.003632,0.002772,1.35641,1.32773,BUY,BUY,BUY,NEUTRAL,55,20
2026-08-12 21:28:43,1.3497,1.34387,1.34072,1.33922,59.8,26.32,0.00629,0.003632,0.002772,1.35641,1.32773,BUY,BUY,BUY,NEUTRAL,55,20
2026-08-12 21:44:24,1.3496,1.34386,1.34072,1.33922,59.69,26.32,0.00629,0.003624,0.00277,1.3564,1.32773,BUY,BUY,BUY,NEUTRAL,55,20
2026-08-12 22:00:06,1.3492,1.34382,1.3407,1.33921,59.19,26.32,0.00629,0.003592,0.002764,1.35634,1.32775,BUY,BUY,BUY,NEUTRAL,55,20
2026-08-13 08:04:17,1.3491,1.34381,1.3407,1.33921,59.04,25.94,0.00641,0.003584,0.002762,1.35632,1.32776,BUY,BUY,BUY,NEUTRAL,55,20
2026-08-13 08:19:58,1.349,1.3438,1.34069,1.33921,58.89,25.94,0.00641,0.003576,0.002761,1.35631,1.32776,BUY,BUY,BUY,NEUTRAL,55,20
2026-08-13 08:26:20,1.349,1.3438,1.34069,1.33921,58.89,25.94,0.00641,0.003576,0.002761,1.35631,1.32776,BUY,BUY,BUY,NEUTRAL,55,20
2026-08-13 08:42:00,1.3496,1.34386,1.34072,1.33922,59.69,25.94,0.00641,0.003624,0.00277,1.3564,1.32773,BUY,BUY,BUY,NEUTRAL,55,20
2026-08-13 08:57:41,1.3503,1.34393,1.34074,1.33922,60.4,25.94,0.00642,0.00368,0.002782,1.35651,1.32769,BUY,BUY,STRONG_BUY,SELL,55,10
2026-08-13 09:13:22,1.3504,1.34394,1.34075,1.33923,60.49,25.94,0.00647,0.003688,0.002783,1.35653,1.32768,BUY,BUY,BUY,SELL,55,10
2026-08-13 09:29:03,1.3501,1.34391,1.34074,1.33922,60.2,25.94,0.00647,0.003664,0.002778,1.35648,1.3277,BUY,BUY,BUY,SELL,55,10
2026-08-13 09:44:44,1.3501,1.34391,1.34074,1.33922,60.2,25.94,0.00647,0.003664,0.002778,1.35648,1.3277,BUY,BUY,BUY,SELL,55,10
2026-08-13 10:00:25,1.3499,1.34389,1.34073,1.33922,60.0,25.94,0.00647,0.003648,0.002775,1.35645,1.32771,BUY,BUY,BUY,SELL,55,10
2026-08-13 10:16:06,1.351,1.344,1.34077,1.33923,61.07,25.94,0.00647,0.003736,0.002793,1.35663,1.32764,STRONG_BUY,BUY,STRONG_BUY,SELL,55,10
2026-08-13 10:31:46,1.3503,1.34393,1.34074,1.33922,60.4,25.94,0.00649,0.00368,0.002782,1.35651,1.32769,BUY,BUY,BUY,SELL,55,10
2026-08-13 10:47:27,1.3501,1.34391,1.34074,1.33922,60.2,25.94,0.00649,0.003664,0.002778,1.35648,1.3277,BUY,BUY,BUY,SELL,55,10
2026-08-13 11:03:08,1.3508,1.34398,1.34076,1.33923,60.88,25.94,0.00649,0.00372,0.00279,1.35659,1.32766,STRONG_BUY,BUY,STRONG_BUY,SELL,55,10
2026-08-13 11:18:49,1.3499,1.34389,1.34073,1.33922,60.0,25.94,0.00649,0.003648,0.002775,1.35645,1.32771,BUY,BUY,BUY,SELL,55,10
2026-08-13 11:34:30,1.3498,1.34388,1.34073,1.33922,59.9,25.94,0.00649,0.00364,0.002774,1.35643,1.32772,BUY,BUY,BUY,SELL,55,10
2026-08-13 11:50:11,1.3497,1.34387,1.34072,1.33922,59.8,25.94,0.00649,0.003632,0.002772,1.35641,1.32773,BUY,BUY,BUY,SELL,55,10
2026-08-13 12:05:52,1.3494,1.34384,1.34071,1.33922,59.49,25.94,0.00649,0.003608,0.002767,1.35637,1.32774,BUY,BUY,BUY,NEUTRAL,55,20
2026-08-13 14:14:46,1.3486,1.34377,1.34068,1.33921,58.3,25.94,0.00649,0.003544,0.002755,1.35625,1.32778,BUY,BUY,NEUTRAL,NEUTRAL,47,20
2026-08-13 14:30:27,1.3486,1.34377,1.34068,1.33921,58.3,25.94,0.00649,0.003544,0.002755,1.35625,1.32778,BUY,BUY,NEUTRAL,NEUTRAL,47,20
2026-08-13 14:46:07,1.3486,1.34377,1.34068,1.33921,58.3,25.94,0.00649,0.003544,0.002755,1.35625,1.32778,BUY,BUY,NEUTRAL,NEUTRAL,47,20
2026-08-13 15:01:48,1.3484,1.34375,1.34067,1.33921,58.02,25.94,0.00649,0.003528,0.002751,1.35622,1.32779,BUY,BUY,NEUTRAL,NEUTRAL,47,20
2026-08-13 15:17:29,1.3485,1.34376,1.34067,1.33921,58.16,25.94,0.00649,0.003536,0.002753,1.35624,1.32778,BUY,BUY,NEUTRAL,NEUTRAL,47,20
2026-08-13 15:33:10,1.3487,1.34378,1.34068,1.33921,58.45,25.94,0.00649,0.003552,0.002756,1.35626,1.32778,BUY,BUY,NEUTRAL,NEUTRAL,47,20
2026-08-13 15:48:50,1.3485,1.34376,1.34067,1.33921,58.16,25.94,0.00649,0.003536,0.002753,1.35624,1.32778,BUY,BUY,NEUTRAL,NEUTRAL,47,20
2026-08-13 16:04:31,1.3487,1.34378,1.34068,1.33921,58.45,25.94,0.00649,0.003552,0.002756,1.35626,1.32778,BUY,BUY,NEUTRAL,NEUTRAL,47,20
2026-08-13 16:20:12,1.3485,1.34376,1.34067,1.33921,58.16,25.94,0.00649,0.003536,0.002753,1.35624,1.32778,BUY,BUY,NEUTRAL,NEUTRAL,47,20
2026-08-13 16:35:52,1.3486,1.34377,1.34068,1.33921,58.3,25.94,0.00649,0.003544,0.002755,1.35625,1.32778,BUY,BUY,NEUTRAL,NEUTRAL,47,20
2026-08-13 21:14:26,1.3491,1.34426,1.341,1.3393,58.79,26.94,0.00616,0.003508,0.002903,1.35668,1.32771,BUY,BUY,NEUTRAL,SELL,47,10
2026-08-13 21:30:07,1.3491,1.34426,1.341,1.3393,58.79,26.94,0.00616,0.003508,0.002903,1.35668,1.32771,BUY,BUY,NEUTRAL,SELL,47,10
2026-08-13 21:45:48,1.3494,1.34429,1.34101,1.33931,59.11,26.94,0.00616,0.003532,0.002907,1.35673,1.32769,BUY,BUY,BUY,SELL,55,10
2026-08-13 22:01:28,1.349,1.34425,1.341,1.3393,58.68,26.94,0.00616,0.0035,0.002901,1.35667,1.32771,BUY,BUY,NEUTRAL,SELL,47,10
2026-08-13 22:17:09,1.3491,1.34426,1.341,1.3393,58.79,26.94,0.00616,0.003508,0.002903,1.35668,1.32771,BUY,BUY,NEUTRAL,SELL,47,10
2026-08-13 22:32:50,1.3493,1.34428,1.34101,1.33931,59.0,26.94,0.00616,0.003524,0.002906,1.35671,1.3277,BUY,BUY,NEUTRAL,SELL,47,10
2026-08-13 22:48:31,1.3491,1.34426,1.341,1.3393,58.79,26.94,0.00616,0.003508,0.002903,1.35668,1.32771,BUY,BUY,NEUTRAL,SELL,47,10
2026-08-13 22:49:28,1.3491,1.34426,1.341,1.3393,58.79,26.94,0.00616,0.003508,0.002903,1.35668,1.32771,BUY,BUY,NEUTRAL,SELL,47,10
2026-08-13 23:05:09,1.3491,1.34426,1.341,1.3393,58.79,26.94,0.00616,0.003508,0.002903,1.35668,1.32771,BUY,BUY,NEUTRAL,SELL,47,10
2026-08-13 23:20:50,1.3494,1.34429,1.34101,1.33931,59.11,26.94,0.00616,0.003532,0.002907,1.35673,1.32769,BUY,BUY,BUY,SELL,55,10
2026-08-13 23:36:31,1.3497,1.34431,1.34102,1.33931,59.42,26.94,0.00616,0.003555,0.002912,1.35677,1.32768,BUY,BUY,BUY,SELL,55,10
2026-08-14 07:49:45,1.3539,1.34471,1.34119,1.33935,63.39,27.3,0.00648,0.00389,0.002979,1.35752,1.32735,STRONG_BUY,STRONG_BUY,STRONG_BUY,STRONG_SELL,55,0
2026-08-14 07:52:13,1.354,1.34472,1.34119,1.33935,63.48,27.3,0.00648,0.003898,0.002981,1.35754,1.32734,STRONG_BUY,STRONG_BUY,STRONG_BUY,STRONG_SELL,55,0
2026-08-14 08:07:54,1.3538,1.3447,1.34119,1.33935,63.3,27.3,0.00648,0.003883,0.002978,1.3575,1.32736,STRONG_BUY,STRONG_BUY,STRONG_BUY,STRONG_SELL,55,0
2026-08-14 08:23:34,1.3542,1.34474,1.3412,1.33936,63.64,27.3,0.00648,0.003914,0.002984,1.35758,1.32732,STRONG_BUY,STRONG_BUY,STRONG_BUY,STRONG_SELL,55,0
2026-08-14 08:39:15,1.3537,1.3447,1.34118,1.33935,63.22,27.38,0.00654,0.003875,0.002976,1.35748,1.32737,STRONG_BUY,STRONG_BUY,STRONG_BUY,STRONG_SELL,55,0
2026-08-14 08:54:56,1.3538,1.3447,1.34119,1.33935,63.3,27.38,0.00654,0.003883,0.002978,1.3575,1.32736,STRONG_BUY,STRONG_BUY,STRONG_BUY,STRONG_SELL,55,0
2026-08-14 09:10:36,1.3538,1.3447,1.34119,1.33935,63.3,27.38,0.00654,0.003883,0.002978,1.3575,1.32736,STRONG_BUY,STRONG_BUY,STRONG_BUY,STRONG_SELL,55,0
2026-08-14 09:26:17,1.3542,1.34474,1.3412,1.33936,63.64,27.38,0.00654,0.003914,0.002984,1.35758,1.32732,STRONG_BUY,STRONG_BUY,STRONG_BUY,STRONG_SELL,55,0
2026-08-14 09:41:58,1.3553,1.34485,1.34124,1.33937,64.55,27.43,0.00657,0.004002,0.003001,1.35781,1.3272,STRONG_BUY,STRONG_BUY,STRONG_BUY,STRONG_SELL,55,0
2026-08-14 09:57:39,1.3555,1.34487,1.34125,1.33937,64.7,27.49,0.00662,0.004018,0.003005,1.35786,1.32717,STRONG_BUY,STRONG_BUY,STRONG_BUY,STRONG_SELL,55,0
2026-08-14 10:13:20,1.3554,1.34486,1.34125,1.33937,64.63,27.49,0.00662,0.00401,0.003003,1.35783,1.32719,STRONG_BUY,STRONG_BUY,STRONG_BUY,STRONG_SELL,55,0
2026-08-14 10:29:01,1.3559,1.34491,1.34127,1.33937,65.1,27.49,0.00662,0.004058,0.003013,1.35797,1.32711,STRONG_BUY,STRONG_BUY,STRONG_BUY,STRONG_SELL,55,0
2026-08-14 10:44:41,1.355,1.34482,1.34123,1.33936,64.3,27.49,0.00662,0.003978,0.002997,1.35775,1.32723,STRONG_BUY,STRONG_BUY,BUY,STRONG_SELL,55,0
2026-08-14 11:00:22,1.3548,1.34481,1.34123,1.33936,64.22,27.49,0.00662,0.00397,0.002995,1.35773,1.32724,STRONG_BUY,STRONG_BUY,BUY,STRONG_SELL,55,0
2026-08-14 11:16:02,1.3546,1.34478,1.34122,1.33936,63.98,27.49,0.00662,0.003946,0.00299,1.35766,1.32728,STRONG_BUY,STRONG_BUY,BUY,STRONG_SELL,55,0
2026-08-14 11:31:43,1.3553,1.34485,1.34124,1.33937,64.55,27.49,0.00662,0.004002,0.003001,1.35781,1.3272,STRONG_BUY,STRONG_BUY,STRONG_BUY,STRONG_SELL,55,0
2026-08-14 11:47:24,1.3554,1.34486,1.34125,1.33937,64.63,27.49,0.00662,0.00401,0.003003,1.35783,1.32719,STRONG_BUY,STRONG_BUY,STRONG_BUY,STRONG_SELL,55,0
2026-08-14 12:03:04,1.3555,1.34487,1.34125,1.33937,64.7,27.49,0.00662,0.004018,0.003005,1.35786,1.32717,STRONG_BUY,STRONG_BUY,STRONG_BUY,STRONG_SELL,55,0
2026-08-14 12:18:44,1.3553,1.34485,1.34124,1.33937,64.55,27.49,0.00662,0.004002,0.003001,1.35781,1.3272,STRONG_BUY,STRONG_BUY,STRONG_BUY,STRONG_SELL,55,0
2026-08-14 12:34:25,1.3549,1.34481,1.34123,1.33936,64.22,27.49,0.00662,0.00397,0.002995,1.35773,1.32724,STRONG_BUY,STRONG_BUY,BUY,STRONG_SELL,55,0
2026-08-14 12:50:06,1.3545,1.34477,1.34121,1.33936,63.89,27.49,0.00662,0.003938,0.002989,1.35764,1.32729,STRONG_BUY,STRONG_BUY,BUY,STRONG_SELL,55,0
2026-08-14 13:05:47,1.3537,1.3447,1.34118,1.33935,63.22,27.49,0.00662,0.003875,0.002976,1.35748,1.32737,STRONG_BUY,STRONG_BUY,BUY,SELL,55,10
2026-08-14 13:21:27,1.3527,1.3446,1.34114,1.33934,62.34,27.49,0.00662,0.003795,0.00296,1.35728,1.32747,STRONG_BUY,STRONG_BUY,BUY,SELL,55,10
2026-08-14 13:37:08,1.3531,1.34464,1.34116,1.33934,62.7,27.49,0.00662,0.003827,0.002966,1.35736,1.32743,STRONG_BUY,STRONG_BUY,BUY,SELL,55,10
2026-08-14 13:52:49,1.3529,1.34462,1.34115,1.33934,62.52,27.49,0.00662,0.003811,0.002963,1.35732,1.32745,STRONG_BUY,STRONG_BUY,BUY,SELL,55,10
2026-08-14 14:08:29,1.3532,1.34465,1.34116,1.33935,62.78,27.49,0.00662,0.003835,0.002968,1.35738,1.32742,STRONG_BUY,STRONG_BUY,BUY,SELL,55,10
2026-08-14 14:24:10,1.3532,1.34465,1.34116,1.33935,62.78,27.49,0.00662,0.003835,0.002968,1.35738,1.32742,STRONG_BUY,STRONG_BUY,BUY,SELL,55,10
2026-08-14 14:39:50,1.3534,1.34467,1.34117,1.33935,62.96,27.49,0.00662,0.003851,0.002971,1.35742,1.3274,STRONG_BUY,STRONG_BUY,BUY,SELL,55,10
2026-08-14 14:55:31,1.3535,1.34468,1.34117,1.33935,63.05,27.49,0.00662,0.003859,0.002973,1.35744,1.32739,STRONG_BUY,STRONG_BUY,BUY,SELL,55,10
2026-08-14 15:11:12,1.3534,1.34467,1.34117,1.33935,62.96,27.49,0.00662,0.003851,0.002971,1.35742,1.3274,STRONG_BUY,STRONG_BUY,BUY,SELL,55,10
2026-08-14 15:26:52,1.3537,1.3447,1.34118,1.33935,63.22,27.49,0.00662,0.003875,0.002976,1.35748,1.32737,STRONG_BUY,STRONG_BUY,BUY,SELL,55,10
2026-08-14 15:42:32,1.3534,1.34467,1.34117,1.33935,62.96,27.49,0.00662,0.003851,0.002971,1.35742,1.3274,STRONG_BUY,STRONG_BUY,BUY,SELL,55,10
2026-08-14 15:58:13,1.3534,1.34467,1.34117,1.33935,62.96,27.49,0.00662,0.003851,0.002971,1.35742,1.3274,STRONG_BUY,STRONG_BUY,BUY,SELL,55,10
2026-08-14 16:13:54,1.3534,1.34467,1.34117,1.33935,62.96,27.49,0.00662,0.003851,0.002971,1.35742,1.3274,STRONG_BUY,STRONG_BUY,BUY,SELL,55,10
2026-08-14 16:29:34,1.3537,1.3447,1.34118,1.33935,63.22,27.49,0.00662,0.003875,0.002976,1.35748,1.32737,STRONG_BUY,STRONG_BUY,BUY,SELL,55,10
2026-08-14 16:45:15,1.3534,1.34467,1.34117,1.33935,62.96,27.49,0.00662,0.003851,0.002971,1.35742,1.3274,STRONG_BUY,STRONG_BUY,BUY,SELL,55,10
2026-08-16 17:19:09,1.3535,1.34547,1.34164,1.33948,63.08,28.94,0.00621,0.004043,0.00318,1.35867,1.32724,BUY,STRONG_BUY,BUY,STRONG_SELL,55,0
2026-08-16 17:34:49,1.3535,1.34547,1.34164,1.33948,63.08,28.94,0.00621,0.004043,0.00318,1.35867,1.32724,BUY,STRONG_BUY,BUY,STRONG_SELL,55,0
2026-08-16 17:50:29,1.3533,1.34545,1.34163,1.33948,62.89,28.94,0.00621,0.004027,0.003177,1.35863,1.32726,BUY,STRONG_BUY,BUY,STRONG_SELL,55,0
2026-08-16 18:00:45,1.3529,1.34542,1.34161,1.33948,62.45,28.94,0.00622,0.003995,0.003171,1.35856,1.32729,BUY,STRONG_BUY,BUY,SELL,55,10
2026-08-16 18:16:27,1.3533,1.34545,1.34163,1.33948,62.89,28.94,0.00621,0.004027,0.003177,1.35863,1.32726,BUY,STRONG_BUY,BUY,SELL,55,10
2026-08-16 18:32:09,1.3539,1.34551,1.34165,1.33949,63.45,28.94,0.00621,0.004075,0.003187,1.35874,1.32721,BUY,STRONG_BUY,BUY,SELL,55,10
2026-08-16 18:47:52,1.354,1.34552,1.34166,1.33949,63.54,28.94,0.00621,0.004083,0.003188,1.35876,1.3272,BUY,STRONG_BUY,BUY,STRONG_SELL,55,0
2026-08-16 19:03:34,1.3544,1.34556,1.34167,1.33949,63.9,28.94,0.00624,0.004114,0.003195,1.35884,1.32716,BUY,STRONG_BUY,STRONG_BUY,STRONG_SELL,55,0
2026-08-16 19:19:14,1.3543,1.34555,1.34167,1.33949,63.81,28.94,0.00625,0.004106,0.003193,1.35882,1.32717,BUY,STRONG_BUY,STRONG_BUY,STRONG_SELL,55,0
2026-08-16 19:34:55,1.3542,1.34554,1.34167,1.33949,63.72,28.94,0.00625,0.004099,0.003192,1.3588,1.32718,BUY,STRONG_BUY,STRONG_BUY,STRONG_SELL,55,0
2026-08-16 19:50:36,1.3546,1.34558,1.34168,1.3395,64.08,28.94,0.00626,0.00413,0.003198,1.35888,1.32714,BUY,STRONG_BUY,STRONG_BUY,STRONG_SELL,55,0
2026-08-16 20:06:16,1.3551,1.34563,1.3417,1.3395,64.51,28.94,0.0063,0.00417,0.003206,1.35898,1.32709,BUY,STRONG_BUY,STRONG_BUY,STRONG_SELL,55,0
2026-08-16 20:22:12,1.3552,1.34564,1.3417,1.3395,64.6,28.94,0.00631,0.004178,0.003207,1.359,1.32708,BUY,STRONG_BUY,STRONG_BUY,STRONG_SELL,55,0
2026-08-16 20:37:52,1.3552,1.34564,1.3417,1.3395,64.6,28.94,0.00633,0.004178,0.003207,1.359,1.32708,BUY,STRONG_BUY,STRONG_BUY,STRONG_SELL,55,0
2026-08-16 20:49:14,1.3553,1.34565,1.34171,1.3395,64.69,28.94,0.00633,0.004186,0.003209,1.35902,1.32707,BUY,STRONG_BUY,STRONG_BUY,STRONG_SELL,55,0
2026-08-16 21:00:49,1.3555,1.34566,1.34172,1.3395,64.86,28.94,0.00633,0.004202,0.003212,1.35906,1.32705,BUY,STRONG_BUY,STRONG_BUY,STRONG_SELL,55,0
2026-08-16 21:18:55,1.3552,1.34564,1.3417,1.3395,64.6,28.94,0.00633,0.004178,0.003207,1.359,1.32708,BUY,STRONG_BUY,STRONG_BUY,STRONG_SELL,55,0
2026-08-16 21:34:35,1.3551,1.34563,1.3417,1.3395,64.51,28.94,0.00634,0.00417,0.003206,1.35898,1.32709,BUY,STRONG_BUY,STRONG_BUY,STRONG_SELL,55,0
2026-08-17 07:58:15,1.3557,1.34568,1.34172,1.33951,65.02,29.03,0.00644,0.004218,0.003215,1.3591,1.32703,STRONG_BUY,STRONG_BUY,BUY,STRONG_SELL,55,0
2026-08-17 08:04:09,1.3559,1.3457,1.34173,1.33951,65.19,29.03,0.00644,0.004234,0.003219,1.35914,1.32701,STRONG_BUY,STRONG_BUY,BUY,STRONG_SELL,55,0
2026-08-17 08:19:50,1.3558,1.34569,1.34173,1.33951,65.11,29.03,0.00644,0.004226,0.003217,1.35912,1.32702,STRONG_BUY,STRONG_BUY,BUY,STRONG_SELL,55,0
2026-08-17 08:35:30,1.3555,1.34566,1.34172,1.3395,64.86,29.03,0.00644,0.004202,0.003212,1.35906,1.32705,BUY,STRONG_BUY,BUY,STRONG_SELL,55,0
2026-08-17 08:51:11,1.3555,1.34566,1.34172,1.3395,64.86,29.03,0.00644,0.004202,0.003212,1.35906,1.32705,BUY,STRONG_BUY,BUY,STRONG_SELL,55,0
2026-08-17 09:06:51,1.3561,1.34572,1.34174,1.33951,65.36,29.03,0.00644,0.00425,0.003222,1.35918,1.32699,STRONG_BUY,STRONG_BUY,BUY,STRONG_SELL,55,0
2026-08-17 09:22:32,1.3566,1.34577,1.34176,1.33951,65.76,29.03,0.00644,0.00429,0.00323,1.35929,1.32693,STRONG_BUY,STRONG_BUY,BUY,STRONG_SELL,55,0
2026-08-17 09:38:13,1.3559,1.3457,1.34173,1.33951,65.19,29.03,0.00644,0.004234,0.003219,1.35914,1.32701,STRONG_BUY,STRONG_BUY,BUY,STRONG_SELL,55,0
2026-08-17 09:53:53,1.3558,1.34569,1.34173,1.33951,65.11,29.03,0.00644,0.004226,0.003217,1.35912,1.32702,STRONG_BUY,STRONG_BUY,BUY,STRONG_SELL,55,0
2026-08-17 10:09:34,1.3564,1.34575,1.34175,1.33951,65.6,29.03,0.00644,0.004274,0.003227,1.35925,1.32695,STRONG_BUY,STRONG_BUY,BUY,STRONG_SELL,55,0
2026-08-17 10:25:15,1.3566,1.34577,1.34176,1.33951,65.76,29.03,0.00644,0.00429,0.00323,1.35929,1.32693,STRONG_BUY,STRONG_BUY,BUY,STRONG_SELL,55,0
2026-08-17 10:40:55,1.3558,1.34569,1.34173,1.33951,65.11,29.03,0.00644,0.004226,0.003217,1.35912,1.32702,STRONG_BUY,STRONG_BUY,BUY,STRONG_SELL,55,0
2026-08-17 10:56:36,1.3552,1.34564,1.3417,1.3395,64.6,29.03,0.00644,0.004178,0.003207,1.359,1.32708,BUY,STRONG_BUY,BUY,STRONG_SELL,55,0
2026-08-17 11:12:17,1.3555,1.34566,1.34172,1.3395,64.86,29.03,0.00644,0.004202,0.003212,1.35906,1.32705,BUY,STRONG_BUY,BUY,STRONG_SELL,55,0
2026-08-17 11:27:57,1.3555,1.34566,1.34172,1.3395,64.86,29.03,0.00644,0.004202,0.003212,1.35906,1.32705,BUY,STRONG_BUY,BUY,SELL,55,10
2026-08-17 11:43:38,1.3554,1.34565,1.34171,1.3395,64.77,29.03,0.00644,0.004194,0.003211,1.35904,1.32706,BUY,STRONG_BUY,BUY,SELL,55,10
2026-08-17 11:59:19,1.3561,1.34572,1.34174,1.33951,65.36,29.03,0.00644,0.00425,0.003222,1.35918,1.32699,STRONG_BUY,STRONG_BUY,BUY,STRONG_SELL,55,0
2026-08-17 12:14:59,1.3559,1.3457,1.34173,1.33951,65.19,29.03,0.00644,0.004234,0.003219,1.35914,1.32701,STRONG_BUY,STRONG_BUY,BUY,STRONG_SELL,55,0
2026-08-17 12:30:40,1.3562,1.34573,1.34174,1.33951,65.44,29.03,0.00644,0.004258,0.003223,1.35921,1.32697,STRONG_BUY,STRONG_BUY,BUY,STRONG_SELL,55,0
2026-08-17 12:46:20,1.356,1.34571,1.34174,1.33951,65.27,29.03,0.00644,0.004242,0.00322,1.35916,1.327,STRONG_BUY,STRONG_BUY,BUY,STRONG_SELL,55,0
2026-08-17 13:02:01,1.356,1.34571,1.34174,1.33951,65.27,29.03,0.00644,0.004242,0.00322,1.35916,1.327,STRONG_BUY,STRONG_BUY,BUY,STRONG_SELL,55,0
2026-08-17 13:17:42,1.3556,1.34567,1.34172,1.33951,64.94,29.03,0.00644,0.00421,0.003214,1.35908,1.32704,BUY,STRONG_BUY,BUY,SELL,55,10
2026-08-17 13:33:23,1.3553,1.34565,1.34171,1.3395,64.69,29.03,0.00644,0.004186,0.003209,1.35902,1.32707,BUY,STRONG_BUY,BUY,SELL,55,10
2026-08-17 13:49:04,1.3546,1.34558,1.34168,1.3395,64.08,29.03,0.00644,0.00413,0.003198,1.35888,1.32714,BUY,STRONG_BUY,BUY,SELL,55,10
2026-08-17 14:04:45,1.3543,1.34555,1.34167,1.33949,63.81,29.03,0.00644,0.004106,0.003193,1.35882,1.32717,BUY,STRONG_BUY,BUY,SELL,55,10
2026-08-17 14:20:26,1.3544,1.34556,1.34167,1.33949,63.9,29.03,0.00644,0.004114,0.003195,1.35884,1.32716,BUY,STRONG_BUY,BUY,SELL,55,10
2026-08-17 17:25:27,1.3541,1.34553,1.34166,1.33949,63.63,29.03,0.00644,0.004091,0.00319,1.35878,1.32719,BUY,STRONG_BUY,BUY,SELL,55,10
2026-08-17 18:32:38,1.3543,1.34637,1.34216,1.33964,63.82,30.46,0.006,0.004273,0.003407,1.36013,1.32757,BUY,BUY,BUY,SELL,55,10
2026-08-17 18:48:19,1.3544,1.34638,1.34216,1.33964,63.92,30.46,0.006,0.004281,0.003408,1.36015,1.32756,BUY,BUY,BUY,SELL,55,10
2026-08-17 18:54:57,1.3543,1.34637,1.34216,1.33964,63.82,30.46,0.006,0.004273,0.003407,1.36013,1.32757,BUY,BUY,BUY,SELL,55,10
2026-08-17 19:10:37,1.3546,1.34639,1.34217,1.33964,64.11,30.46,0.00601,0.004297,0.003411,1.36018,1.32755,BUY,BUY,BUY,SELL,55,10
2026-08-17 19:26:18,1.3546,1.34639,1.34217,1.33964,64.11,30.46,0.00601,0.004297,0.003411,1.36018,1.32755,BUY,BUY,BUY,SELL,55,10
2026-08-17 19:42:00,1.3549,1.34642,1.34218,1.33964,64.39,30.46,0.00603,0.004321,0.003416,1.36024,1.32752,BUY,BUY,BUY,SELL,55,10
2026-08-17 19:57:40,1.3549,1.34642,1.34218,1.33964,64.39,30.46,0.00605,0.004321,0.003416,1.36024,1.32752,BUY,STRONG_BUY,STRONG_BUY,SELL,55,10
2026-08-17 20:13:21,1.3551,1.34644,1.34219,1.33965,64.58,30.46,0.00607,0.004337,0.003419,1.36027,1.32751,BUY,STRONG_BUY,STRONG_BUY,SELL,55,10
2026-08-17 21:52:40,1.3547,1.3464,1.34217,1.33964,64.21,30.46,0.00607,0.004305,0.003413,1.3602,1.32754,BUY,STRONG_BUY,STRONG_BUY,SELL,55,10
2026-08-17 22:08:21,1.3547,1.3464,1.34217,1.33964,64.21,30.46,0.00607,0.004305,0.003413,1.3602,1.32754,BUY,STRONG_BUY,BUY,SELL,55,10
2026-08-17 22:24:02,1.3543,1.34637,1.34216,1.33964,63.82,30.46,0.00607,0.004273,0.003407,1.36013,1.32757,BUY,BUY,BUY,SELL,55,10
2026-08-17 22:39:43,1.3542,1.34636,1.34215,1.33964,63.73,30.46,0.00608,0.004265,0.003405,1.36011,1.32758,BUY,BUY,BUY,SELL,55,10
2026-08-17 22:55:24,1.3546,1.34639,1.34217,1.33964,64.11,30.46,0.00608,0.004297,0.003411,1.36018,1.32755,BUY,BUY,BUY,SELL,55,10
2026-08-18 08:02:20,1.3525,1.34619,1.34209,1.33962,61.01,30.15,0.00622,0.004129,0.003378,1.35982,1.3277,BUY,BUY,NEUTRAL,SELL,47,10
2026-08-18 08:18:00,1.3526,1.3462,1.34209,1.33962,61.17,30.15,0.00622,0.004137,0.003379,1.35984,1.32769,BUY,BUY,BUY,SELL,55,10
2026-08-18 08:33:41,1.3526,1.3462,1.34209,1.33962,61.17,30.15,0.00622,0.004137,0.003379,1.35984,1.32769,BUY,BUY,NEUTRAL,SELL,47,10
2026-08-18 08:49:22,1.3529,1.34623,1.3421,1.33962,61.65,30.15,0.00622,0.004161,0.003384,1.35989,1.32767,BUY,BUY,BUY,SELL,55,10
2026-08-18 09:05:02,1.3536,1.3463,1.34213,1.33963,62.79,30.15,0.00622,0.004217,0.003395,1.36001,1.32762,BUY,BUY,BUY,SELL,55,10
2026-08-18 09:20:44,1.3535,1.34629,1.34213,1.33963,62.62,30.15,0.00622,0.004209,0.003394,1.35999,1.32763,BUY,BUY,BUY,SELL,55,10
2026-08-18 09:36:24,1.3537,1.34631,1.34213,1.33963,62.96,30.15,0.00622,0.004225,0.003397,1.36002,1.32762,BUY,BUY,BUY,SELL,55,10
2026-08-18 09:52:05,1.3536,1.3463,1.34213,1.33963,62.79,30.15,0.00622,0.004217,0.003395,1.36001,1.32762,BUY,BUY,BUY,SELL,55,10
2026-08-18 12:18:54,1.3544,1.34638,1.34216,1.33964,63.92,30.15,0.00622,0.004281,0.003408,1.36015,1.32756,BUY,BUY,BUY,SELL,55,10
2026-08-18 12:34:34,1.3542,1.34636,1.34215,1.33964,63.73,30.15,0.00622,0.004265,0.003405,1.36011,1.32758,BUY,BUY,BUY,SELL,55,10
2026-08-18 12:50:15,1.3544,1.34638,1.34216,1.33964,63.92,30.15,0.00622,0.004281,0.003408,1.36015,1.32756,BUY,BUY,BUY,SELL,55,10
2026-08-18 13:05:56,1.3537,1.34631,1.34213,1.33963,62.96,30.15,0.00622,0.004225,0.003397,1.36002,1.32762,BUY,BUY,BUY,SELL,55,10
2026-08-18 13:21:36,1.3536,1.3463,1.34213,1.33963,62.79,30.15,0.00622,0.004217,0.003395,1.36001,1.32762,BUY,BUY,BUY,SELL,55,10
2026-08-18 13:37:17,1.3533,1.34627,1.34212,1.33963,62.29,30.15,0.00622,0.004193,0.003391,1.35996,1.32764,BUY,BUY,BUY,SELL,55,10
2026-08-18 13:52:57,1.3534,1.34628,1.34212,1.33963,62.46,30.15,0.00622,0.004201,0.003392,1.35997,1.32764,BUY,BUY,BUY,SELL,55,10
2026-08-18 14:08:38,1.3533,1.34627,1.34212,1.33963,62.29,30.15,0.00622,0.004193,0.003391,1.35996,1.32764,BUY,BUY,BUY,SELL,55,10
2026-08-18 14:18:10,1.3535,1.34629,1.34213,1.33963,62.62,30.15,0.00622,0.004209,0.003394,1.35999,1.32763,BUY,BUY,BUY,SELL,55,10
2026-08-18 14:33:51,1.3536,1.3463,1.34213,1.33963,62.79,30.15,0.00622,0.004217,0.003395,1.36001,1.32762,BUY,BUY,BUY,SELL,55,10
2026-08-18 14:49:31,1.3532,1.34626,1.34211,1.33963,62.13,30.15,0.00622,0.004185,0.003389,1.35994,1.32765,BUY,BUY,BUY,SELL,55,10
2026-08-18 15:05:12,1.3533,1.34627,1.34212,1.33963,62.29,30.15,0.00622,0.004193,0.003391,1.35996,1.32764,BUY,BUY,BUY,SELL,55,10
2026-08-18 15:20:53,1.3535,1.34629,1.34213,1.33963,62.62,30.15,0.00622,0.004209,0.003394,1.35999,1.32763,BUY,BUY,BUY,SELL,55,10
2026-08-18 15:36:33,1.3535,1.34629,1.34213,1.33963,62.62,30.15,0.00622,0.004209,0.003394,1.35999,1.32763,BUY,BUY,BUY,SELL,55,10
2026-08-18 15:52:14,1.3535,1.34629,1.34213,1.33963,62.62,30.15,0.00622,0.004209,0.003394,1.35999,1.32763,BUY,BUY,BUY,SELL,55,10
2026-08-18 16:07:54,1.353,1.34624,1.34211,1.33962,61.81,30.15,0.00622,0.004169,0.003386,1.35991,1.32766,BUY,BUY,NEUTRAL,SELL,47,10
2026-08-18 16:23:35,1.3529,1.34623,1.3421,1.33962,61.65,30.15,0.00622,0.004161,0.003384,1.35989,1.32767,BUY,BUY,NEUTRAL,SELL,47,10
2026-08-18 16:39:15,1.3532,1.34626,1.34211,1.33963,62.13,30.15,0.00622,0.004185,0.003389,1.35994,1.32765,BUY,BUY,NEUTRAL,SELL,47,10
2026-08-18 16:54:56,1.3532,1.34626,1.34211,1.33963,62.13,30.15,0.00622,0.004185,0.003389,1.35994,1.32765,BUY,BUY,NEUTRAL,SELL,47,10
2026-08-19 00:20:05,1.3539,1.34701,1.34258,1.33977,62.98,31.18,0.00592,0.00428,0.00357,1.36107,1.32823,BUY,BUY,STRONG_BUY,SELL,55,10
2026-08-19 00:35:45,1.354,1.34702,1.34259,1.33977,63.09,31.18,0.00592,0.004288,0.003571,1.36109,1.32822,BUY,BUY,STRONG_BUY,SELL,55,10
2026-08-19 00:51:26,1.3539,1.34701,1.34258,1.33977,62.98,31.18,0.00592,0.00428,0.00357,1.36107,1.32823,BUY,BUY,STRONG_BUY,SELL,55,10
2026-08-19 08:08:29,1.3557,1.34718,1.34265,1.33979,64.76,31.33,0.00607,0.004423,0.003598,1.36138,1.3281,STRONG_BUY,STRONG_BUY,STRONG_BUY,STRONG_SELL,55,0
2026-08-19 08:24:10,1.3563,1.34723,1.34268,1.33979,65.31,31.33,0.00607,0.004471,0.003608,1.36149,1.32805,STRONG_BUY,STRONG_BUY,STRONG_BUY,STRONG_SELL,55,0
2026-08-19 08:39:51,1.3582,1.34742,1.34275,1.33981,66.95,31.54,0.00622,0.004623,0.003638,1.36187,1.32786,STRONG_BUY,STRONG_BUY,STRONG_BUY,STRONG_SELL,55,0
2026-08-19 08:48:56,1.3594,1.34753,1.3428,1.33983,67.92,31.62,0.00627,0.004718,0.003657,1.36212,1.32773,STRONG_BUY,STRONG_BUY,STRONG_BUY,STRONG_SELL,55,0
2026-08-19 08:58:26,1.3603,1.34762,1.34283,1.33983,68.6,31.71,0.00634,0.00479,0.003672,1.36232,1.32762,STRONG_BUY,STRONG_BUY,STRONG_BUY,STRONG_SELL,55,0
2026-08-19 09:29:06,1.3617,1.34775,1.34289,1.33985,69.61,31.88,0.00647,0.004902,0.003694,1.36265,1.32743,STRONG_BUY,STRONG_BUY,STRONG_BUY,STRONG_SELL,55,0
2026-08-19 09:59:47,1.362,1.34778,1.3429,1.33985,69.82,31.89,0.00649,0.004926,0.003699,1.36272,1.32739,STRONG_BUY,STRONG_BUY,STRONG_BUY,STRONG_SELL,55,0
2026-08-19 10:30:28,1.3623,1.34781,1.34291,1.33985,70.02,31.9,0.0065,0.00495,0.003704,1.36279,1.32735,STRONG_BUY,STRONG_BUY,STRONG_BUY,STRONG_SELL,55,0
2026-08-19 11:01:09,1.3609,1.34767,1.34286,1.33984,69.04,31.94,0.00653,0.004838,0.003681,1.36246,1.32754,STRONG_BUY,STRONG_BUY,BUY,STRONG_SELL,55,0
2026-08-19 11:31:50,1.3608,1.34766,1.34285,1.33984,68.97,31.94,0.00653,0.00483,0.00368,1.36244,1.32755,STRONG_BUY,STRONG_BUY,BUY,STRONG_SELL,55,0
2026-08-19 12:02:31,1.3605,1.34763,1.34284,1.33984,68.75,31.94,0.00653,0.004806,0.003675,1.36237,1.32759,STRONG_BUY,STRONG_BUY,BUY,STRONG_SELL,55,0
2026-08-19 12:33:11,1.3611,1.34769,1.34287,1.33984,69.18,31.94,0.00653,0.004854,0.003685,1.36251,1.32751,STRONG_BUY,STRONG_BUY,BUY,STRONG_SELL,55,0
2026-08-19 13:03:52,1.3611,1.34769,1.34287,1.33984,69.18,31.94,0.00653,0.004854,0.003685,1.36251,1.32751,STRONG_BUY,STRONG_BUY,BUY,STRONG_SELL,55,0
2026-08-19 13:34:33,1.3596,1.34755,1.34281,1.33983,68.07,31.94,0.00653,0.004734,0.003661,1.36217,1.3277,STRONG_BUY,STRONG_BUY,BUY,STRONG_SELL,55,0
2026-08-19 14:05:14,1.36,1.34759,1.34282,1.33983,68.38,31.94,0.00653,0.004766,0.003667,1.36225,1.32766,STRONG_BUY,STRONG_BUY,BUY,STRONG_SELL,55,0
2026-08-19 14:28:11,1.3592,1.34751,1.34279,1.33982,67.76,31.94,0.00653,0.004702,0.003654,1.36208,1.32775,STRONG_BUY,STRONG_BUY,BUY,STRONG_SELL,55,0
2026-08-19 14:58:51,1.3608,1.34766,1.34285,1.33984,68.97,31.94,0.00653,0.00483,0.00368,1.36244,1.32755,STRONG_BUY,STRONG_BUY,BUY,STRONG_SELL,55,0
2026-08-19 15:20:55,1.3607,1.34765,1.34285,1.33984,68.9,31.94,0.00653,0.004822,0.003678,1.36241,1.32757,STRONG_BUY,STRONG_BUY,BUY,STRONG_SELL,55,0
2026-08-19 15:51:36,1.3607,1.34765,1.34285,1.33984,68.9,31.94,0.00653,0.004822,0.003678,1.36241,1.32757,STRONG_BUY,STRONG_BUY,BUY,STRONG_SELL,55,0
2026-08-19 18:06:59,1.3609,1.3489,1.34355,1.34005,69.06,33.61,0.0061,0.005257,0.003991,1.36399,1.32892,STRONG_BUY,STRONG_BUY,BUY,STRONG_SELL,55,0
2026-08-19 18:22:39,1.3608,1.34889,1.34355,1.34004,68.98,33.61,0.0061,0.005249,0.00399,1.36397,1.32893,STRONG_BUY,STRONG_BUY,BUY,STRONG_SELL,55,0
2026-08-19 18:38:20,1.3606,1.34887,1.34354,1.34004,68.83,33.61,0.0061,0.005233,0.003987,1.36392,1.32896,STRONG_BUY,STRONG_BUY,BUY,STRONG_SELL,55,0
2026-08-19 18:54:00,1.3604,1.34885,1.34353,1.34004,68.57,33.61,0.00611,0.005217,0.003983,1.36388,1.32898,STRONG_BUY,STRONG_BUY,BUY,STRONG_SELL,55,0
2026-08-19 19:09:41,1.3604,1.34885,1.34353,1.34004,68.57,33.61,0.00612,0.005217,0.003983,1.36388,1.32898,STRONG_BUY,STRONG_BUY,BUY,STRONG_SELL,55,0
2026-08-19 19:25:22,1.3603,1.34884,1.34353,1.34004,68.4,33.61,0.00612,0.00521,0.003982,1.36386,1.32899,STRONG_BUY,STRONG_BUY,BUY,STRONG_SELL,55,0
2026-08-19 19:41:03,1.3601,1.34882,1.34352,1.34004,68.06,33.61,0.00614,0.005194,0.003979,1.36382,1.32901,STRONG_BUY,STRONG_BUY,BUY,STRONG_SELL,55,0
2026-08-19 19:56:43,1.36,1.34881,1.34352,1.34004,67.89,33.61,0.00614,0.005186,0.003977,1.3638,1.32902,STRONG_BUY,STRONG_BUY,BUY,STRONG_SELL,55,0
2026-08-19 20:12:24,1.3601,1.34882,1.34352,1.34004,68.06,33.61,0.00614,0.005194,0.003979,1.36382,1.32901,STRONG_BUY,STRONG_BUY,BUY,STRONG_SELL,55,0
2026-08-19 20:20:54,1.3602,1.34883,1.34352,1.34004,68.23,33.61,0.00614,0.005202,0.00398,1.36384,1.329,STRONG_BUY,STRONG_BUY,BUY,STRONG_SELL,55,0
2026-08-19 20:36:37,1.3603,1.34884,1.34353,1.34004,68.4,33.61,0.00614,0.00521,0.003982,1.36386,1.32899,STRONG_BUY,STRONG_BUY,BUY,STRONG_SELL,55,0
2026-08-19 20:52:20,1.3598,1.34879,1.34351,1.34003,67.55,33.61,0.00615,0.00517,0.003974,1.36376,1.32904,STRONG_BUY,STRONG_BUY,BUY,STRONG_SELL,55,0
2026-08-19 21:08:01,1.3596,1.34877,1.3435,1.34003,67.21,33.61,0.00617,0.005154,0.003971,1.36372,1.32906,STRONG_BUY,BUY,BUY,STRONG_SELL,55,0
2026-08-19 21:23:42,1.3604,1.34885,1.34353,1.34004,68.57,33.61,0.00617,0.005217,0.003983,1.36388,1.32898,STRONG_BUY,STRONG_BUY,BUY,STRONG_SELL,55,0
2026-08-19 21:39:26,1.3605,1.34886,1.34353,1.34004,68.75,33.61,0.00617,0.005225,0.003985,1.3639,1.32897,STRONG_BUY,STRONG_BUY,BUY,STRONG_SELL,55,0
2026-08-19 21:49:26,1.3604,1.34885,1.34353,1.34004,68.57,33.61,0.00617,0.005217,0.003983,1.36388,1.32898,STRONG_BUY,STRONG_BUY,BUY,STRONG_SELL,55,0
2026-08-19 22:05:07,1.3611,1.34892,1.34356,1.34005,69.22,33.61,0.00621,0.005273,0.003995,1.36403,1.3289,STRONG_BUY,STRONG_BUY,BUY,STRONG_SELL,55,0
2026-08-19 22:20:47,1.3602,1.34883,1.34352,1.34004,68.23,33.61,0.00621,0.005202,0.00398,1.36384,1.329,STRONG_BUY,STRONG_BUY,BUY,STRONG_SELL,55,0
2026-08-19 22:36:28,1.3603,1.34884,1.34353,1.34004,68.4,33.61,0.00621,0.00521,0.003982,1.36386,1.32899,STRONG_BUY,STRONG_BUY,BUY,STRONG_SELL,55,0
2026-08-19 22:52:08,1.3603,1.34884,1.34353,1.34004,68.4,33.61,0.00621,0.00521,0.003982,1.36386,1.32899,STRONG_BUY,STRONG_BUY,BUY,STRONG_SELL,55,0
2026-08-19 23:07:48,1.3605,1.34886,1.34353,1.34004,68.75,33.61,0.00621,0.005225,0.003985,1.3639,1.32897,STRONG_BUY,STRONG_BUY,BUY,STRONG_SELL,55,0
2026-08-19 23:23:29,1.3611,1.34892,1.34356,1.34005,69.22,33.61,0.00621,0.005273,0.003995,1.36403,1.3289,STRONG_BUY,STRONG_BUY,BUY,STRONG_SELL,55,0
2026-08-19 23:39:10,1.3611,1.34892,1.34356,1.34005,69.22,33.61,0.00621,0.005273,0.003995,1.36403,1.3289,STRONG_BUY,STRONG_BUY,BUY,STRONG_SELL,55,0
2026-08-19 23:54:50,1.3613,1.34894,1.34357,1.34005,69.37,33.61,0.00621,0.005289,0.003998,1.36408,1.32887,STRONG_BUY,STRONG_BUY,BUY,STRONG_SELL,55,0
2026-08-20 00:10:31,1.3614,1.34895,1.34357,1.34005,69.45,33.61,0.00621,0.005297,0.003999,1.3641,1.32886,STRONG_BUY,STRONG_BUY,BUY,STRONG_SELL,55,0
2026-08-20 00:54:29,1.3609,1.3489,1.34355,1.34005,69.06,33.61,0.00622,0.005257,0.003991,1.36399,1.32892,STRONG_BUY,STRONG_BUY,BUY,STRONG_SELL,55,0
2026-08-20 08:03:38,1.3631,1.34913,1.34363,1.34006,70.37,32.65,0.00653,0.005473,0.004052,1.36479,1.32827,STRONG_BUY,STRONG_BUY,BUY,STRONG_SELL,55,0
2026-08-20 08:19:32,1.3637,1.34919,1.34366,1.34007,70.78,32.65,0.00653,0.00552,0.004062,1.36493,1.32819,STRONG_BUY,STRONG_BUY,BUY,STRONG_SELL,55,0
2026-08-20 08:35:27,1.3631,1.34913,1.34363,1.34006,70.37,32.65,0.00653,0.005473,0.004052,1.36479,1.32827,STRONG_BUY,STRONG_BUY,BUY,STRONG_SELL,55,0
2026-08-20 08:51:21,1.3638,1.3492,1.34366,1.34007,70.85,32.65,0.00653,0.005528,0.004063,1.36495,1.32818,STRONG_BUY,STRONG_BUY,BUY,STRONG_SELL,55,0
2026-08-20 09:07:15,1.3651,1.34932,1.34371,1.34008,71.7,32.65,0.00653,0.005632,0.004084,1.36527,1.32799,STRONG_BUY,STRONG_BUY,STRONG_BUY,STRONG_SELL,55,0
2026-08-20 09:23:09,1.3643,1.34924,1.34368,1.34007,71.18,32.65,0.00653,0.005568,0.004071,1.36507,1.32811,STRONG_BUY,STRONG_BUY,BUY,STRONG_SELL,55,0
2026-08-20 09:39:03,1.3641,1.34923,1.34367,1.34007,71.05,32.65,0.00653,0.005552,0.004068,1.36502,1.32814,STRONG_BUY,STRONG_BUY,BUY,STRONG_SELL,55,0
2026-08-20 09:54:58,1.3635,1.34917,1.34365,1.34007,70.64,32.65,0.00653,0.005504,0.004059,1.36488,1.32822,STRONG_BUY,STRONG_BUY,BUY,STRONG_SELL,55,0
2026-08-20 10:10:51,1.3633,1.34915,1.34364,1.34006,70.51,32.65,0.00653,0.005489,0.004055,1.36483,1.32825,STRONG_BUY,STRONG_BUY,BUY,STRONG_SELL,55,0
2026-08-20 10:26:45,1.3635,1.34917,1.34365,1.34007,70.64,32.65,0.00653,0.005504,0.004059,1.36488,1.32822,STRONG_BUY,STRONG_BUY,BUY,STRONG_SELL,55,0
2026-08-20 10:42:39,1.3632,1.34914,1.34364,1.34006,70.44,32.65,0.00653,0.005481,0.004054,1.36481,1.32826,STRONG_BUY,STRONG_BUY,BUY,STRONG_SELL,55,0
2026-08-20 10:58:33,1.3631,1.34913,1.34363,1.34006,70.37,32.65,0.00653,0.005473,0.004052,1.36479,1.32827,STRONG_BUY,STRONG_BUY,BUY,STRONG_SELL,55,0
2026-08-20 11:14:27,1.3636,1.34918,1.34365,1.34007,70.71,32.65,0.00653,0.005512,0.00406,1.3649,1.32821,STRONG_BUY,STRONG_BUY,BUY,STRONG_SELL,55,0
2026-08-20 11:30:21,1.3643,1.34924,1.34368,1.34007,71.18,32.65,0.00653,0.005568,0.004071,1.36507,1.32811,STRONG_BUY,STRONG_BUY,BUY,STRONG_SELL,55,0
2026-08-20 11:46:15,1.3629,1.34911,1.34363,1.34006,70.23,32.65,0.00653,0.005457,0.004049,1.36474,1.3283,STRONG_BUY,STRONG_BUY,BUY,STRONG_SELL,55,0
2026-08-20 12:02:10,1.3635,1.34917,1.34365,1.34007,70.64,32.65,0.00653,0.005504,0.004059,1.36488,1.32822,STRONG_BUY,STRONG_BUY,BUY,STRONG_SELL,55,0
2026-08-20 12:18:04,1.3631,1.34914,1.34364,1.34006,70.44,32.65,0.00653,0.005481,0.004054,1.36481,1.32826,STRONG_BUY,STRONG_BUY,BUY,STRONG_SELL,55,0
2026-08-20 12:33:58,1.3625,1.34907,1.34361,1.34006,69.94,32.65,0.00653,0.005425,0.004043,1.36465,1.32835,STRONG_BUY,STRONG_BUY,BUY,STRONG_SELL,55,0
2026-08-20 12:49:51,1.363,1.34912,1.34363,1.34006,70.3,32.65,0.00653,0.005465,0.004051,1.36476,1.32829,STRONG_BUY,STRONG_BUY,BUY,STRONG_SELL,55,0
2026-08-20 13:05:46,1.3629,1.34911,1.34363,1.34006,70.23,32.65,0.00653,0.005457,0.004049,1.36474,1.3283,STRONG_BUY,STRONG_BUY,BUY,STRONG_SELL,55,0
2026-08-20 13:21:40,1.3624,1.34906,1.34361,1.34006,69.87,32.65,0.00653,0.005417,0.004041,1.36463,1.32836,STRONG_BUY,STRONG_BUY,BUY,STRONG_SELL,55,0
2026-08-20 13:37:34,1.3624,1.34906,1.34361,1.34006,69.87,32.65,0.00653,0.005417,0.004041,1.36463,1.32836,STRONG_BUY,STRONG_BUY,BUY,STRONG_SELL,55,0
2026-08-20 13:53:29,1.3626,1.34908,1.34361,1.34006,70.02,32.65,0.00653,0.005433,0.004044,1.36467,1.32834,STRONG_BUY,STRONG_BUY,BUY,STRONG_SELL,55,0
2026-08-20 14:09:23,1.3625,1.34907,1.34361,1.34006,69.94,32.65,0.00653,0.005425,0.004043,1.36465,1.32835,STRONG_BUY,STRONG_BUY,BUY,STRONG_SELL,55,0
2026-08-20 14:25:17,1.3622,1.34904,1.3436,1.34005,69.73,32.65,0.00653,0.005401,0.004038,1.36458,1.32839,STRONG_BUY,STRONG_BUY,BUY,STRONG_SELL,55,0
2026-08-20 14:41:11,1.3625,1.34907,1.34361,1.34006,69.94,32.65,0.00653,0.005425,0.004043,1.36465,1.32835,STRONG_BUY,STRONG_BUY,BUY,STRONG_SELL,55,0
2026-08-20 14:57:05,1.3627,1.34909,1.34362,1.34006,70.09,32.65,0.00653,0.005441,0.004046,1.36469,1.32833,STRONG_BUY,STRONG_BUY,BUY,STRONG_SELL,55,0
2026-08-20 15:12:59,1.3629,1.34911,1.34363,1.34006,70.23,32.65,0.00653,0.005457,0.004049,1.36474,1.3283,STRONG_BUY,STRONG_BUY,BUY,STRONG_SELL,55,0
2026-08-20 15:28:52,1.363,1.34912,1.34363,1.34006,70.3,32.65,0.00653,0.005465,0.004051,1.36476,1.32829,STRONG_BUY,STRONG_BUY,BUY,STRONG_SELL,55,0
2026-08-20 17:52:30,1.3626,1.34908,1.34361,1.34006,70.02,32.65,0.00653,0.005433,0.004044,1.36467,1.32834,STRONG_BUY,STRONG_BUY,BUY,STRONG_SELL,55,0
2026-08-20 18:47:09,1.3634,1.35049,1.34441,1.34029,70.59,34.44,0.0061,0.005919,0.004425,1.36648,1.32973,STRONG_BUY,BUY,BUY,STRONG_SELL,55,0
2026-08-20 19:03:02,1.3638,1.35053,1.34442,1.3403,70.88,34.44,0.00611,0.00595,0.004432,1.36656,1.32969,STRONG_BUY,BUY,BUY,STRONG_SELL,55,0
2026-08-20 19:18:56,1.364,1.35055,1.34443,1.3403,71.03,34.44,0.00613,0.005966,0.004435,1.36661,1.32966,STRONG_BUY,BUY,STRONG_BUY,STRONG_SELL,55,0
2026-08-20 19:34:50,1.3638,1.35053,1.34442,1.3403,70.88,34.44,0.00614,0.00595,0.004432,1.36656,1.32969,STRONG_BUY,BUY,BUY,STRONG_SELL,55,0
2026-08-20 19:50:44,1.3642,1.35056,1.34444,1.3403,71.1,34.44,0.00614,0.005974,0.004437,1.36663,1.32965,STRONG_BUY,BUY,STRONG_BUY,SELL,55,0
2026-08-20 20:06:38,1.3639,1.35054,1.34443,1.3403,70.96,34.44,0.00616,0.005958,0.004433,1.36658,1.32968,STRONG_BUY,BUY,STRONG_BUY,SELL,55,0
2026-08-20 20:22:31,1.3645,1.35059,1.34445,1.34031,71.38,34.44,0.00618,0.006006,0.004443,1.36672,1.3296,STRONG_BUY,BUY,STRONG_BUY,SELL,55,0
2026-08-20 22:03:29,1.3645,1.35059,1.34445,1.34031,71.38,34.44,0.00619,0.006006,0.004443,1.36672,1.3296,STRONG_BUY,BUY,BUY,SELL,55,0
2026-08-20 22:19:23,1.3643,1.35058,1.34444,1.3403,71.24,34.44,0.00619,0.00599,0.00444,1.36667,1.32963,STRONG_BUY,BUY,STRONG_BUY,SELL,55,0
2026-08-20 22:35:18,1.3648,1.35062,1.34446,1.34031,71.59,34.44,0.00621,0.00603,0.004448,1.36679,1.32956,STRONG_BUY,BUY,STRONG_BUY,SELL,55,0
2026-08-20 23:18:59,1.3649,1.35063,1.34447,1.34031,71.66,34.44,0.00624,0.006038,0.004449,1.36681,1.32955,STRONG_BUY,BUY,STRONG_BUY,SELL,55,0
2026-08-20 23:34:53,1.3646,1.3506,1.34446,1.34031,71.45,34.44,0.00624,0.006014,0.004445,1.36674,1.32959,STRONG_BUY,BUY,STRONG_BUY,SELL,55,0
2026-08-20 23:50:47,1.3644,1.35058,1.34445,1.3403,71.31,34.44,0.00624,0.005998,0.004441,1.3667,1.32961,STRONG_BUY,BUY,STRONG_BUY,SELL,55,0
2026-08-21 08:07:23,1.3658,1.35072,1.3445,1.34032,72.26,34.56,0.00639,0.00611,0.004464,1.36702,1.32943,STRONG_BUY,STRONG_BUY,BUY,SELL,55,0
2026-08-21 08:23:17,1.3656,1.3507,1.34449,1.34032,72.13,34.56,0.00639,0.006094,0.004461,1.36697,1.32946,STRONG_BUY,STRONG_BUY,BUY,SELL,55,0
2026-08-21 08:39:11,1.3635,1.3505,1.34441,1.3403,70.66,34.56,0.00639,0.005927,0.004427,1.3665,1.32972,STRONG_BUY,BUY,BUY,SELL,55,0
2026-08-21 08:55:05,1.3642,1.35057,1.34444,1.3403,71.17,34.56,0.00639,0.005982,0.004438,1.36665,1.32964,STRONG_BUY,BUY,BUY,SELL,55,0
2026-08-21 09:10:59,1.3638,1.35053,1.34442,1.3403,70.88,34.56,0.00639,0.00595,0.004432,1.36656,1.32969,STRONG_BUY,BUY,BUY,SELL,55,0
2026-08-21 10:46:06,1.3624,1.35038,1.34436,1.34028,69.35,34.56,0.00647,0.005826,0.004405,1.36622,1.32987,STRONG_BUY,BUY,BUY,SELL,55,0
2026-08-21 11:02:00,1.3625,1.35039,1.34437,1.34028,69.52,34.56,0.00647,0.005834,0.004406,1.36624,1.32986,STRONG_BUY,BUY,BUY,SELL,55,0
2026-08-21 11:17:54,1.3624,1.35039,1.34437,1.34028,69.14,34.56,0.00647,0.005839,0.00441,1.36626,1.32985,STRONG_BUY,BUY,BUY,SELL,55,0
2026-08-21 11:33:48,1.3634,1.35049,1.34441,1.34029,70.59,34.56,0.00647,0.005919,0.004425,1.36648,1.32973,STRONG_BUY,BUY,BUY,SELL,55,0
2026-08-21 11:49:42,1.3635,1.3505,1.34441,1.3403,70.66,34.56,0.00647,0.005927,0.004427,1.3665,1.32972,STRONG_BUY,BUY,BUY,SELL,55,0
2026-08-21 12:05:36,1.3641,1.35058,1.34444,1.3403,71.24,34.56,0.00647,0.00599,0.00444,1.36667,1.32963,STRONG_BUY,BUY,BUY,SELL,55,0
2026-08-21 12:21:30,1.3644,1.35058,1.34445,1.3403,71.31,34.56,0.00647,0.005998,0.004441,1.3667,1.32961,STRONG_BUY,BUY,BUY,SELL,55,0
2026-08-21 12:37:25,1.3642,1.35057,1.34444,1.3403,71.17,34.56,0.00647,0.005982,0.004438,1.36665,1.32964,STRONG_BUY,BUY,BUY,SELL,55,0
2026-08-21 12:53:19,1.3641,1.35056,1.34444,1.3403,71.1,34.56,0.00647,0.005974,0.004437,1.36663,1.32965,STRONG_BUY,BUY,BUY,SELL,55,0
2026-08-21 13:09:13,1.3641,1.35056,1.34444,1.3403,71.1,34.56,0.00647,0.005974,0.004437,1.36663,1.32965,STRONG_BUY,BUY,BUY,SELL,55,0
2026-08-21 13:25:07,1.3643,1.35058,1.34444,1.3403,71.24,34.56,0.00647,0.00599,0.00444,1.36667,1.32963,STRONG_BUY,BUY,BUY,SELL,55,0
2026-08-21 13:41:01,1.3647,1.35061,1.34446,1.34031,71.52,34.56,0.00647,0.006022,0.004446,1.36676,1.32958,STRONG_BUY,STRONG_BUY,BUY,SELL,55,0
2026-08-21 13:56:55,1.3647,1.35061,1.34446,1.34031,71.52,34.56,0.00647,0.006022,0.004446,1.36676,1.32958,STRONG_BUY,STRONG_BUY,BUY,SELL,55,0
2026-08-21 14:12:49,1.3652,1.35066,1.34448,1.34031,71.86,34.56,0.00647,0.006062,0.004454,1.36688,1.32951,STRONG_BUY,STRONG_BUY,STRONG_BUY,SELL,55,0
2026-08-21 14:28:44,1.3651,1.35065,1.34447,1.34031,71.79,34.56,0.00647,0.006054,0.004453,1.36686,1.32952,STRONG_BUY,STRONG_BUY,STRONG_BUY,SELL,55,0
2026-08-21 14:44:38,1.3651,1.35065,1.34447,1.34031,71.79,34.56,0.00647,0.006054,0.004453,1.36686,1.32952,STRONG_BUY,STRONG_BUY,STRONG_BUY,SELL,55,0
2026-08-21 15:00:33,1.3653,1.35067,1.34448,1.34031,71.93,34.56,0.00647,0.00607,0.004456,1.3669,1.3295,STRONG_BUY,STRONG_BUY,STRONG_BUY,SELL,55,0
2026-08-21 15:00:44,1.3653,1.35067,1.34448,1.34031,71.93,34.56,0.00647,0.00607,0.004456,1.3669,1.3295,STRONG_BUY,STRONG_BUY,STRONG_BUY,SELL,55,0
2026-08-21 15:01:21,1.3651,1.35065,1.34447,1.34031,71.79,34.56,0.00647,0.006054,0.004453,1.36686,1.32952,STRONG_BUY,STRONG_BUY,STRONG_BUY,SELL,55,0
2026-08-21 15:54:35,1.3648,1.35062,1.34446,1.34031,71.59,34.56,0.00647,0.00603,0.004448,1.36679,1.32956,STRONG_BUY,STRONG_BUY,STRONG_BUY,SELL,55,0
2026-08-21 16:10:29,1.3649,1.35063,1.34447,1.34031,71.66,34.56,0.00647,0.006038,0.004449,1.36681,1.32955,STRONG_BUY,STRONG_BUY,STRONG_BUY,SELL,55,0
2026-08-21 16:17:18,1.3647,1.35061,1.34446,1.34031,71.52,34.56,0.00647,0.006022,0.004446,1.36676,1.32958,STRONG_BUY,STRONG_BUY,STRONG_BUY,SELL,55,0
2026-08-23 17:13:12,1.3629,1.35176,1.34517,1.34053,68.6,36.34,0.00612,0.006222,0.004798,1.3672,1.33252,BUY,BUY,BUY,SELL,55,0
2026-08-23 17:29:05,1.3632,1.35179,1.34518,1.34053,69.12,36.34,0.0061,0.006246,0.004802,1.36726,1.33249,BUY,BUY,BUY,SELL,55,0
2026-08-23 17:45:00,1.3636,1.35182,1.3452,1.34054,69.84,36.34,0.00607,0.006278,0.004809,1.36734,1.33245,BUY,BUY,BUY,SELL,55,0
2026-08-23 18:00:54,1.3637,1.35183,1.3452,1.34054,70.02,36.34,0.00607,0.006286,0.00481,1.36736,1.33244,BUY,BUY,BUY,SELL,55,0
2026-08-23 18:16:49,1.3645,1.35191,1.34523,1.34055,71.39,36.34,0.00609,0.00635,0.004823,1.36753,1.33235,STRONG_BUY,BUY,BUY,SELL,55,0
2026-08-23 18:32:43,1.3645,1.35191,1.34523,1.34055,71.39,36.34,0.00609,0.00635,0.004823,1.36753,1.33235,STRONG_BUY,BUY,BUY,SELL,55,0
2026-08-23 18:48:37,1.3644,1.3519,1.34523,1.34054,71.31,36.34,0.00609,0.006342,0.004822,1.36751,1.33236,BUY,BUY,BUY,SELL,55,0
2026-08-23 19:04:31,1.3643,1.35189,1.34523,1.34054,71.12,36.34,0.00609,0.006334,0.00482,1.36749,1.33237,BUY,BUY,BUY,SELL,55,0
2026-08-23 19:20:25,1.3644,1.35189,1.34523,1.34054,71.12,36.34,0.00609,0.006334,0.00482,1.36749,1.33237,BUY,BUY,BUY,SELL,55,0
2026-08-23 19:36:20,1.3646,1.35192,1.34524,1.34055,71.46,36.34,0.00609,0.006358,0.004825,1.36756,1.33233,STRONG_BUY,BUY,BUY,SELL,55,0
2026-08-23 19:43:15,1.3646,1.35192,1.34524,1.34055,71.46,36.34,0.0061,0.006358,0.004825,1.36756,1.33233,STRONG_BUY,BUY,BUY,SELL,55,0
2026-08-23 19:59:09,1.3654,1.352,1.34527,1.34055,72.05,36.34,0.00615,0.006422,0.004837,1.36773,1.33224,STRONG_BUY,BUY,BUY,SELL,55,0
2026-08-23 20:01:51,1.3654,1.352,1.34527,1.34055,72.05,36.34,0.00615,0.006422,0.004837,1.36773,1.33224,STRONG_BUY,BUY,BUY,SELL,55,0
2026-08-23 20:17:45,1.3653,1.35199,1.34527,1.34055,71.98,36.34,0.00616,0.006414,0.004836,1.36771,1.33225,STRONG_BUY,BUY,BUY,SELL,55,0
2026-08-23 20:33:39,1.3652,1.35198,1.34526,1.34055,71.9,36.34,0.00616,0.006406,0.004834,1.36769,1.33226,STRONG_BUY,BUY,BUY,SELL,55,0
2026-08-23 20:49:34,1.365,1.35196,1.34525,1.34055,71.76,36.34,0.00616,0.00639,0.004831,1.36764,1.33229,STRONG_BUY,BUY,BUY,SELL,55,0
2026-08-23 21:00:44,1.3656,1.35201,1.34528,1.34056,72.19,36.34,0.00616,0.006438,0.004841,1.36778,1.33221,STRONG_BUY,BUY,BUY,SELL,55,0
2026-08-23 21:51:57,1.3646,1.35192,1.34524,1.34055,71.46,36.34,0.00616,0.006358,0.004825,1.36756,1.33233,STRONG_BUY,BUY,BUY,SELL,55,0
2026-08-23 22:07:51,1.3647,1.35193,1.34524,1.34055,71.54,36.34,0.00616,0.006366,0.004826,1.36758,1.33232,STRONG_BUY,BUY,BUY,SELL,55,0
2026-08-23 22:23:45,1.3651,1.35197,1.34526,1.34055,71.83,36.34,0.00616,0.006398,0.004833,1.36766,1.33228,STRONG_BUY,BUY,BUY,SELL,55,0
2026-08-24 06:17:23,1.3632,1.35179,1.34518,1.34053,69.12,36.34,0.00626,0.006246,0.004802,1.36726,1.33249,BUY,BUY,BUY,SELL,55,0
2026-08-24 06:33:18,1.3632,1.35179,1.34518,1.34053,69.12,36.34,0.00626,0.006246,0.004802,1.36726,1.33249,BUY,BUY,BUY,SELL,55,0
2026-08-24 06:38:16,1.3631,1.35178,1.34518,1.34053,68.95,36.34,0.00626,0.006238,0.004801,1.36724,1.3325,BUY,BUY,BUY,SELL,55,0
2026-08-24 18:27:19,1.3632,1.35286,1.34588,1.34076,69.13,37.98,0.00583,0.006362,0.00511,1.36693,1.33625,BUY,BUY,BUY,SELL,55,0
2026-08-24 18:38:51,1.3633,1.35287,1.34589,1.34076,69.22,37.98,0.00584,0.00637,0.005111,1.36695,1.33624,BUY,BUY,BUY,SELL,55,0
2026-08-24 18:54:45,1.3633,1.35287,1.34589,1.34076,69.22,37.98,0.00584,0.00637,0.005111,1.36695,1.33624,BUY,BUY,BUY,SELL,55,0
2026-08-24 19:10:39,1.3634,1.35288,1.34589,1.34076,69.3,37.98,0.00585,0.006378,0.005113,1.36697,1.33623,BUY,BUY,BUY,SELL,55,0
2026-08-24 19:26:33,1.3635,1.35289,1.34589,1.34076,69.39,37.98,0.00585,0.006386,0.005114,1.36699,1.33622,BUY,BUY,BUY,SELL,55,0
2026-08-24 19:42:26,1.3633,1.35287,1.34589,1.34076,69.22,37.98,0.00585,0.00637,0.005111,1.36695,1.33624,BUY,BUY,BUY,SELL,55,0
2026-08-24 19:58:20,1.3637,1.35291,1.3459,1.34076,69.55,37.98,0.00587,0.006402,0.005118,1.36703,1.3362,BUY,BUY,BUY,SELL,55,0
2026-08-24 20:14:14,1.364,1.35294,1.34591,1.34076,69.8,37.98,0.00588,0.006426,0.005122,1.36709,1.33617,BUY,BUY,BUY,SELL,55,0
2026-08-24 20:30:08,1.3639,1.35293,1.34591,1.34076,69.72,37.98,0.00588,0.006418,0.005121,1.36707,1.33618,BUY,BUY,BUY,SELL,55,0
2026-08-24 20:46:02,1.364,1.35294,1.34591,1.34076,69.8,37.98,0.00589,0.006426,0.005122,1.36709,1.33617,BUY,BUY,BUY,SELL,55,0
2026-08-24 21:00:58,1.3637,1.35291,1.3459,1.34076,69.55,37.98,0.00589,0.006402,0.005118,1.36703,1.3362,BUY,BUY,BUY,SELL,55,0
2026-08-24 21:16:52,1.3637,1.35291,1.3459,1.34076,69.55,37.98,0.00589,0.006402,0.005118,1.36703,1.3362,BUY,BUY,BUY,SELL,55,0
2026-08-24 21:32:47,1.3637,1.35291,1.3459,1.34076,69.55,37.98,0.00589,0.006402,0.005118,1.36703,1.3362,BUY,BUY,BUY,SELL,55,0
2026-08-24 21:48:41,1.3635,1.35289,1.34589,1.34076,69.39,37.98,0.00589,0.006386,0.005114,1.36699,1.33622,BUY,BUY,BUY,SELL,55,0
2026-08-24 22:04:35,1.363,1.35284,1.34587,1.34075,68.76,37.98,0.00589,0.006346,0.005106,1.36689,1.33627,BUY,BUY,BUY,SELL,55,0
2026-08-25 06:20:43,1.3636,1.3529,1.3459,1.34076,69.47,37.98,0.00601,0.006394,0.005116,1.36701,1.33621,BUY,BUY,BUY,SELL,55,0
2026-08-25 06:36:37,1.3636,1.3529,1.3459,1.34076,69.47,37.98,0.00601,0.006394,0.005116,1.36701,1.33621,BUY,BUY,BUY,SELL,55,0
2026-08-25 18:23:35,1.3646,1.35409,1.34667,1.34101,70.28,39.51,0.00564,0.00658,0.00542,1.36778,1.33843,STRONG_BUY,BUY,BUY,SELL,55,0
2026-08-25 18:39:30,1.3648,1.35411,1.34667,1.34101,70.45,39.51,0.00566,0.006596,0.005423,1.36782,1.33841,STRONG_BUY,BUY,BUY,SELL,55,0
2026-08-25 18:55:23,1.365,1.35413,1.34668,1.34101,70.62,39.51,0.00566,0.006612,0.005427,1.36786,1.33839,STRONG_BUY,BUY,STRONG_BUY,SELL,55,0
2026-08-25 19:11:17,1.3648,1.35411,1.34667,1.34101,70.45,39.51,0.00566,0.006596,0.005423,1.36782,1.33841,STRONG_BUY,BUY,BUY,SELL,55,0
2026-08-25 19:27:12,1.3647,1.3541,1.34667,1.34101,70.37,39.51,0.00566,0.006588,0.005422,1.3678,1.33842,STRONG_BUY,BUY,BUY,SELL,55,0
2026-08-25 19:43:06,1.3646,1.35409,1.34667,1.34101,70.28,39.51,0.00566,0.00658,0.00542,1.36778,1.33843,STRONG_BUY,BUY,BUY,SELL,55,0
2026-08-25 19:59:00,1.3647,1.3541,1.34667,1.34101,70.37,39.51,0.00566,0.006588,0.005422,1.3678,1.33842,STRONG_BUY,BUY,BUY,SELL,55,0
2026-08-25 20:14:54,1.3648,1.35411,1.34667,1.34101,70.45,39.51,0.00566,0.006596,0.005423,1.36782,1.33841,STRONG_BUY,BUY,BUY,SELL,55,0
2026-08-25 20:30:48,1.3646,1.35409,1.34667,1.34101,70.28,39.51,0.00566,0.00658,0.00542,1.36778,1.33843,STRONG_BUY,BUY,BUY,SELL,55,0
2026-08-25 20:46:43,1.3649,1.35412,1.34668,1.34101,70.54,39.51,0.00566,0.006604,0.005425,1.36784,1.3384,STRONG_BUY,BUY,BUY,SELL,55,0
2026-08-25 21:02:40,1.3645,1.35408,1.34666,1.34101,70.2,39.51,0.00566,0.006572,0.005419,1.36775,1.33845,STRONG_BUY,BUY,BUY,SELL,55,0
2026-08-25 21:18:37,1.3647,1.3541,1.34667,1.34101,70.37,39.51,0.00566,0.006588,0.005422,1.3678,1.33842,STRONG_BUY,BUY,BUY,SELL,55,0
2026-08-25 21:34:33,1.3645,1.35408,1.34666,1.34101,70.2,39.51,0.00566,0.006572,0.005419,1.36775,1.33845,STRONG_BUY,BUY,BUY,SELL,55,0
2026-08-25 21:50:30,1.3646,1.35409,1.34667,1.34101,70.28,39.51,0.00566,0.00658,0.00542,1.36778,1.33843,STRONG_BUY,BUY,BUY,SELL,55,0
2026-08-25 22:06:25,1.3645,1.35408,1.34666,1.34101,70.2,39.51,0.00566,0.006572,0.005419,1.36775,1.33845,STRONG_BUY,BUY,BUY,SELL,55,0
2026-08-25 22:22:20,1.3645,1.35408,1.34666,1.34101,70.2,39.51,0.00566,0.006572,0.005419,1.36775,1.33845,STRONG_BUY,BUY,BUY,SELL,55,0
2026-08-25 22:32:13,1.3642,1.35405,1.34665,1.341,69.6,39.51,0.00567,0.006548,0.005414,1.36769,1.33848,BUY,BUY,BUY,SELL,55,0
2026-08-25 22:48:07,1.3644,1.35407,1.34666,1.341,70.0,39.51,0.00567,0.006564,0.005417,1.36773,1.33846,BUY,BUY,BUY,SELL,55,0
2026-08-25 23:04:00,1.364,1.35403,1.34664,1.341,69.21,39.51,0.00569,0.006532,0.005411,1.36765,1.3385,BUY,BUY,BUY,SELL,55,0
2026-08-25 23:19:54,1.364,1.35403,1.34664,1.341,69.21,39.51,0.0057,0.006532,0.005411,1.36765,1.3385,BUY,BUY,BUY,SELL,55,0
2026-08-25 23:35:48,1.3637,1.354,1.34663,1.341,68.63,39.51,0.00571,0.006508,0.005406,1.36759,1.33853,BUY,BUY,BUY,SELL,55,0
2026-08-25 23:51:42,1.3637,1.354,1.34663,1.341,68.63,39.51,0.00571,0.006508,0.005406,1.36759,1.33853,BUY,BUY,NEUTRAL,SELL,47,0
2026-08-26 18:13:25,1.3594,1.3541,1.34695,1.34113,61.09,38.47,0.00572,0.005826,0.005426,1.36736,1.33958,BUY,BUY,NEUTRAL,SELL,47,10
2026-08-26 18:29:19,1.3596,1.35412,1.34695,1.34113,61.29,38.47,0.00572,0.005842,0.005429,1.36739,1.33957,BUY,STRONG_BUY,NEUTRAL,SELL,47,10
2026-08-26 18:45:13,1.3597,1.35413,1.34696,1.34114,61.39,38.47,0.00572,0.00585,0.00543,1.3674,1.33957,BUY,STRONG_BUY,NEUTRAL,SELL,47,10
2026-08-26 19:01:07,1.3596,1.35412,1.34695,1.34113,61.29,38.47,0.00572,0.005842,0.005429,1.36739,1.33957,BUY,STRONG_BUY,NEUTRAL,SELL,47,10
2026-08-26 19:17:00,1.3596,1.35412,1.34695,1.34113,61.29,38.47,0.00572,0.005842,0.005429,1.36739,1.33957,BUY,STRONG_BUY,NEUTRAL,SELL,47,10
2026-08-26 19:32:54,1.3595,1.35411,1.34695,1.34113,61.19,38.47,0.00572,0.005834,0.005427,1.36738,1.33957,BUY,STRONG_BUY,NEUTRAL,SELL,47,10
2026-08-26 19:48:48,1.3597,1.35413,1.34696,1.34114,61.39,38.47,0.00572,0.00585,0.00543,1.3674,1.33957,BUY,STRONG_BUY,NEUTRAL,SELL,47,10
2026-08-26 20:04:42,1.3595,1.35411,1.34695,1.34113,61.19,38.47,0.00572,0.005834,0.005427,1.36738,1.33957,BUY,STRONG_BUY,NEUTRAL,SELL,47,10
2026-08-26 20:20:36,1.3594,1.3541,1.34695,1.34113,61.09,38.47,0.00572,0.005826,0.005426,1.36736,1.33958,BUY,BUY,NEUTRAL,SELL,47,10
2026-08-26 20:36:30,1.3594,1.3541,1.34695,1.34113,61.09,38.47,0.00572,0.005826,0.005426,1.36736,1.33958,BUY,BUY,NEUTRAL,SELL,47,10
2026-08-26 20:52:25,1.3591,1.35407,1.34693,1.34113,60.78,38.47,0.00572,0.005802,0.005421,1.36732,1.33959,BUY,BUY,SELL,SELL,47,10
2026-08-26 21:08:19,1.3591,1.35407,1.34693,1.34113,60.78,38.47,0.00572,0.005802,0.005421,1.36732,1.33959,BUY,BUY,SELL,SELL,47,10
2026-08-26 21:24:13,1.3594,1.3541,1.34695,1.34113,61.09,38.47,0.00572,0.005826,0.005426,1.36736,1.33958,BUY,BUY,NEUTRAL,SELL,47,10
2026-08-26 21:40:07,1.359,1.35406,1.34693,1.34113,60.68,38.47,0.00572,0.005794,0.005419,1.36731,1.33959,BUY,BUY,SELL,SELL,47,10
2026-08-26 21:56:01,1.3593,1.35409,1.34694,1.34113,60.99,38.47,0.00572,0.005818,0.005424,1.36735,1.33958,BUY,BUY,NEUTRAL,SELL,47,10
2026-08-26 22:54:43,1.3591,1.35407,1.34693,1.34113,60.78,38.47,0.00572,0.005802,0.005421,1.36732,1.33959,BUY,BUY,NEUTRAL,SELL,47,10
2026-08-27 20:52:36,1.3596,1.3546,1.34743,1.34131,61.33,37.99,0.00552,0.005525,0.005442,1.36791,1.34016,BUY,BUY,NEUTRAL,SELL,47,10
2026-08-27 21:08:30,1.3598,1.35462,1.34744,1.34131,61.55,37.99,0.00552,0.005541,0.005445,1.36794,1.34015,BUY,BUY,NEUTRAL,SELL,47,10
2026-08-27 21:24:23,1.3595,1.35459,1.34743,1.34131,61.22,37.99,0.00552,0.005517,0.00544,1.3679,1.34016,BUY,BUY,NEUTRAL,SELL,47,10
2026-08-27 21:40:17,1.3596,1.3546,1.34743,1.34131,61.33,37.99,0.00552,0.005525,0.005442,1.36791,1.34016,BUY,BUY,NEUTRAL,SELL,47,10
2026-08-27 21:56:11,1.359,1.35454,1.34741,1.34131,60.61,37.99,0.00552,0.005477,0.005432,1.36784,1.34017,BUY,BUY,NEUTRAL,SELL,47,10
2026-08-27 22:12:07,1.3589,1.35453,1.3474,1.34131,60.43,37.99,0.00553,0.005469,0.005431,1.36782,1.34018,BUY,BUY,SELL,SELL,47,10
2026-08-27 22:28:02,1.3591,1.35455,1.34741,1.34131,60.78,37.99,0.00554,0.005485,0.005434,1.36785,1.34017,BUY,BUY,SELL,SELL,47,10
2026-08-27 22:43:56,1.359,1.35454,1.34741,1.34131,60.61,37.99,0.00554,0.005477,0.005432,1.36784,1.34017,BUY,BUY,SELL,SELL,47,10
2026-08-27 22:59:51,1.3593,1.35457,1.34742,1.34131,61.0,37.99,0.00554,0.005501,0.005437,1.36787,1.34017,BUY,BUY,NEUTRAL,SELL,47,10
2026-08-27 23:15:46,1.3593,1.35457,1.34742,1.34131,61.0,37.99,0.00554,0.005501,0.005437,1.36787,1.34017,BUY,BUY,NEUTRAL,SELL,47,10
2026-08-27 23:31:41,1.3594,1.35458,1.34742,1.34131,61.11,37.99,0.00554,0.005509,0.005439,1.36789,1.34016,BUY,BUY,NEUTRAL,SELL,47,10
2026-08-27 23:47:37,1.3589,1.35453,1.3474,1.34131,60.43,37.99,0.00554,0.005469,0.005431,1.36782,1.34018,BUY,BUY,SELL,SELL,47,10
2026-08-28 00:03:32,1.3589,1.35453,1.3474,1.34131,60.43,37.99,0.00554,0.005469,0.005431,1.36782,1.34018,BUY,BUY,SELL,SELL,47,10
2026-08-28 00:19:28,1.359,1.35454,1.34741,1.34131,60.61,37.99,0.00554,0.005477,0.005432,1.36784,1.34017,BUY,BUY,SELL,SELL,47,10
2026-08-28 00:35:23,1.3588,1.35452,1.3474,1.34131,60.26,37.99,0.00554,0.005461,0.005429,1.36781,1.34018,BUY,BUY,SELL,SELL,47,10
2026-08-28 06:48:51,1.359,1.35454,1.34741,1.34131,60.61,37.99,0.0056,0.005477,0.005432,1.36784,1.34017,BUY,BUY,NEUTRAL,SELL,47,10
2026-08-30 17:10:20,1.3531,1.35392,1.34742,1.34137,51.85,35.54,0.00558,0.004345,0.005143,1.3669,1.34161,BUY,NEUTRAL,SELL,BUY,21,28
2026-08-30 17:26:14,1.3532,1.35393,1.34742,1.34137,51.98,35.54,0.00558,0.004353,0.005145,1.3669,1.34162,BUY,NEUTRAL,SELL,BUY,21,28
2026-08-30 17:42:09,1.3533,1.35394,1.34743,1.34137,52.12,35.54,0.00558,0.004361,0.005146,1.3669,1.34163,BUY,NEUTRAL,SELL,BUY,21,28
2026-08-30 17:58:03,1.3532,1.35393,1.34742,1.34137,51.98,35.54,0.00559,0.004353,0.005145,1.3669,1.34162,BUY,NEUTRAL,SELL,BUY,21,28
2026-08-30 18:04:46,1.3531,1.35392,1.34742,1.34137,51.85,35.54,0.0056,0.004345,0.005143,1.3669,1.34161,BUY,NEUTRAL,SELL,NEUTRAL,31,28
2026-08-30 18:20:40,1.3532,1.35393,1.34742,1.34137,51.98,35.54,0.0056,0.004353,0.005145,1.3669,1.34162,BUY,NEUTRAL,SELL,NEUTRAL,31,28
2026-08-30 18:36:34,1.3535,1.35396,1.34744,1.34137,52.38,35.54,0.0056,0.004377,0.00515,1.36691,1.34164,BUY,NEUTRAL,SELL,NEUTRAL,31,28
2026-08-30 18:52:28,1.3534,1.35395,1.34743,1.34137,52.26,35.54,0.0056,0.004369,0.005148,1.36691,1.34163,BUY,NEUTRAL,SELL,NEUTRAL,31,28
2026-08-30 19:08:22,1.3536,1.35397,1.34744,1.34137,52.51,35.54,0.00561,0.004385,0.005151,1.36692,1.34164,BUY,NEUTRAL,SELL,NEUTRAL,31,28
2026-08-30 20:49:21,1.3543,1.35403,1.34747,1.34138,53.37,35.54,0.00565,0.004441,0.005162,1.36695,1.34168,BUY,BUY,SELL,NEUTRAL,52,28
2026-08-30 21:05:15,1.3544,1.35404,1.34747,1.34138,53.49,35.54,0.00568,0.004449,0.005164,1.36695,1.34169,BUY,BUY,SELL,NEUTRAL,52,28
2026-08-30 21:21:10,1.3539,1.354,1.34745,1.34138,52.88,35.54,0.00568,0.004409,0.005156,1.36693,1.34166,BUY,NEUTRAL,SELL,NEUTRAL,31,28
2026-08-30 21:37:06,1.3543,1.35403,1.34747,1.34138,53.37,35.54,0.00568,0.004441,0.005162,1.36695,1.34168,BUY,BUY,SELL,NEUTRAL,52,28
2026-08-30 21:53:01,1.3544,1.35404,1.34747,1.34138,53.49,35.54,0.00568,0.004449,0.005164,1.36695,1.34169,BUY,BUY,SELL,NEUTRAL,52,28
2026-08-30 22:08:55,1.3545,1.35405,1.34748,1.34138,53.61,35.54,0.00568,0.004457,0.005166,1.36696,1.34169,BUY,BUY,SELL,NEUTRAL,52,28
2026-08-30 22:24:49,1.3543,1.35403,1.34747,1.34138,53.37,35.54,0.00568,0.004441,0.005162,1.36695,1.34168,BUY,BUY,SELL,NEUTRAL,52,28
2026-08-30 22:40:44,1.3541,1.35401,1.34746,1.34138,53.13,35.54,0.00568,0.004425,0.005159,1.36694,1.34167,BUY,BUY,SELL,NEUTRAL,52,28
2026-08-30 22:56:39,1.3544,1.35404,1.34747,1.34138,53.49,35.54,0.00568,0.004449,0.005164,1.36695,1.34169,BUY,BUY,SELL,NEUTRAL,52,28
2026-08-30 23:12:34,1.3546,1.35406,1.34748,1.34138,53.73,35.54,0.00568,0.004465,0.005167,1.36696,1.3417,BUY,BUY,SELL,NEUTRAL,52,28
2026-08-30 23:28:29,1.3546,1.35406,1.34748,1.34138,53.73,35.54,0.00568,0.004465,0.005167,1.36696,1.3417,BUY,BUY,SELL,NEUTRAL,52,28
2026-08-30 23:44:22,1.3543,1.35403,1.34747,1.34138,53.37,35.54,0.00568,0.004441,0.005162,1.36695,1.34168,BUY,BUY,SELL,NEUTRAL,52,28
2026-08-31 00:00:16,1.3543,1.35403,1.34747,1.34138,53.37,35.54,0.00568,0.004441,0.005162,1.36695,1.34168,BUY,BUY,SELL,NEUTRAL,52,28
2026-08-31 00:06:19,1.3546,1.35406,1.34748,1.34138,53.73,35.54,0.00568,0.004465,0.005167,1.36696,1.3417,BUY,BUY,SELL,NEUTRAL,52,28
2026-08-31 07:55:36,1.3539,1.354,1.34745,1.34138,52.88,35.54,0.00574,0.004409,0.005156,1.36693,1.34166,BUY,NEUTRAL,SELL,SELL,31,18
2026-08-31 08:11:30,1.3538,1.35399,1.34745,1.34138,52.76,35.54,0.00574,0.004401,0.005154,1.36692,1.34166,BUY,NEUTRAL,SELL,NEUTRAL,31,28
2026-08-31 08:27:24,1.3542,1.35402,1.34746,1.34138,53.25,35.54,0.00574,0.004433,0.005161,1.36694,1.34168,BUY,BUY,SELL,NEUTRAL,52,28
2026-08-31 08:43:18,1.3539,1.354,1.34745,1.34138,52.88,35.54,0.00574,0.004409,0.005156,1.36693,1.34166,BUY,NEUTRAL,SELL,NEUTRAL,31,28
2026-08-31 08:59:12,1.3539,1.354,1.34745,1.34138,52.88,35.54,0.00574,0.004409,0.005156,1.36693,1.34166,BUY,NEUTRAL,SELL,NEUTRAL,31,28
2026-08-31 09:15:06,1.3542,1.35402,1.34746,1.34138,53.25,35.54,0.00574,0.004433,0.005161,1.36694,1.34168,BUY,BUY,SELL,NEUTRAL,52,28
2026-08-31 09:31:00,1.3547,1.35407,1.34748,1.34139,53.85,35.54,0.00574,0.004473,0.005169,1.36697,1.3417,BUY,BUY,SELL,SELL,52,18
2026-08-31 09:46:54,1.3545,1.35405,1.34748,1.34138,53.61,35.54,0.00574,0.004457,0.005166,1.36696,1.34169,BUY,BUY,SELL,NEUTRAL,52,28
2026-08-31 10:02:48,1.3538,1.35399,1.34745,1.34138,52.76,35.54,0.00574,0.004401,0.005154,1.36692,1.34166,BUY,NEUTRAL,SELL,NEUTRAL,31,28
2026-08-31 10:18:42,1.3541,1.35401,1.34746,1.34138,53.13,35.54,0.00574,0.004425,0.005159,1.36694,1.34167,BUY,BUY,SELL,SELL,52,18
2026-08-31 10:34:36,1.3542,1.35402,1.34746,1.34138,53.25,35.54,0.00574,0.004433,0.005161,1.36694,1.34168,BUY,BUY,SELL,SELL,52,18
2026-08-31 10:50:30,1.3543,1.35403,1.34747,1.34138,53.37,35.54,0.00574,0.004441,0.005162,1.36695,1.34168,BUY,BUY,SELL,SELL,52,18
2026-08-31 11:06:24,1.3551,1.35411,1.3475,1.34139,54.32,35.54,0.0058,0.004505,0.005175,1.36699,1.34172,BUY,BUY,SELL,SELL,52,18
2026-08-31 11:22:18,1.3547,1.35407,1.34748,1.34139,53.85,35.54,0.0058,0.004473,0.005169,1.36697,1.3417,BUY,BUY,SELL,SELL,52,18
2026-08-31 11:38:13,1.3552,1.35412,1.3475,1.34139,54.43,35.54,0.0058,0.004512,0.005177,1.367,1.34172,BUY,BUY,SELL,SELL,52,18
2026-08-31 11:54:07,1.3551,1.35411,1.3475,1.34139,54.32,35.54,0.0058,0.004505,0.005175,1.36699,1.34172,BUY,BUY,SELL,SELL,52,18
2026-08-31 12:10:01,1.3549,1.35409,1.34749,1.34139,54.08,35.54,0.0058,0.004489,0.005172,1.36698,1.34171,BUY,BUY,SELL,SELL,52,18
2026-08-31 12:25:55,1.3551,1.35411,1.3475,1.34139,54.32,35.54,0.0058,0.004505,0.005175,1.36699,1.34172,BUY,BUY,SELL,SELL,52,18
2026-08-31 12:41:49,1.3548,1.35408,1.34749,1.34139,53.97,35.54,0.0058,0.004481,0.00517,1.36697,1.34171,BUY,BUY,SELL,SELL,52,18
2026-08-31 12:57:43,1.3547,1.35407,1.34748,1.34139,53.85,35.54,0.0058,0.004473,0.005169,1.36697,1.3417,BUY,BUY,SELL,SELL,52,18
2026-08-31 13:13:38,1.3549,1.35409,1.34749,1.34139,54.08,35.54,0.0058,0.004489,0.005172,1.36698,1.34171,BUY,BUY,SELL,SELL,52,18
2026-08-31 13:29:32,1.355,1.3541,1.34749,1.34139,54.2,35.54,0.0058,0.004497,0.005174,1.36699,1.34171,BUY,BUY,SELL,SELL,52,18
2026-08-31 13:45:27,1.3551,1.35411,1.3475,1.34139,54.32,35.54,0.0058,0.004505,0.005175,1.36699,1.34172,BUY,BUY,SELL,SELL,52,18
2026-08-31 14:01:20,1.355,1.3541,1.34749,1.34139,54.2,35.54,0.0058,0.004497,0.005174,1.36699,1.34171,BUY,BUY,SELL,SELL,52,18
2026-08-31 14:17:15,1.355,1.3541,1.34749,1.34139,54.2,35.54,0.0058,0.004497,0.005174,1.36699,1.34171,BUY,BUY,SELL,SELL,52,18
2026-08-31 15:02:53,1.3549,1.35409,1.34749,1.34139,54.08,35.54,0.0058,0.004489,0.005172,1.36698,1.34171,BUY,BUY,SELL,SELL,52,18
2026-08-31 15:18:46,1.3547,1.35407,1.34748,1.34139,53.85,35.54,0.0058,0.004473,0.005169,1.36697,1.3417,BUY,BUY,SELL,SELL,52,18
2026-08-31 15:34:40,1.3549,1.35409,1.34749,1.34139,54.08,35.54,0.0058,0.004489,0.005172,1.36698,1.34171,BUY,BUY,SELL,SELL,52,18
2026-08-31 15:50:34,1.355,1.3541,1.34749,1.34139,54.2,35.54,0.0058,0.004497,0.005174,1.36699,1.34171,BUY,BUY,SELL,SELL,52,18
2026-08-31 16:06:28,1.3551,1.35411,1.3475,1.34139,54.32,35.54,0.0058,0.004505,0.005175,1.36699,1.34172,BUY,BUY,SELL,SELL,52,18
2026-08-31 16:22:22,1.3546,1.35406,1.34748,1.34138,53.73,35.54,0.0058,0.004465,0.005167,1.36696,1.3417,BUY,BUY,SELL,SELL,52,18
2026-08-31 16:38:16,1.3547,1.35407,1.34748,1.34139,53.85,35.54,0.0058,0.004473,0.005169,1.36697,1.3417,BUY,BUY,SELL,SELL,52,18
2026-08-31 16:54:09,1.3548,1.35408,1.34749,1.34139,53.97,35.54,0.0058,0.004481,0.00517,1.36697,1.34171,BUY,BUY,SELL,SELL,52,18
2026-08-31 17:10:03,1.3546,1.35406,1.34748,1.34138,53.73,35.54,0.0058,0.004465,0.005167,1.36696,1.3417,BUY,BUY,SELL,SELL,52,18
2026-08-31 17:25:57,1.3543,1.35403,1.34747,1.34138,53.37,35.54,0.0058,0.004441,0.005162,1.36695,1.34168,BUY,BUY,SELL,SELL,52,18
2026-08-31 17:41:51,1.355,1.3541,1.34749,1.34139,54.2,35.54,0.0058,0.004497,0.005174,1.36699,1.34171,BUY,BUY,SELL,SELL,52,18
2026-08-31 17:57:45,1.3549,1.35409,1.34749,1.34139,54.08,35.54,0.0058,0.004489,0.005172,1.36698,1.34171,BUY,BUY,SELL,SELL,52,18
2026-08-31 18:07:34,1.355,1.35418,1.34779,1.34152,54.21,34.4,0.00542,0.004021,0.004942,1.36668,1.34305,BUY,BUY,SELL,SELL,52,18
2026-08-31 18:23:28,1.355,1.35418,1.34779,1.34152,54.21,34.4,0.00542,0.004021,0.004942,1.36668,1.34305,BUY,BUY,SELL,SELL,52,18
2026-08-31 18:39:22,1.3548,1.35416,1.34778,1.34152,53.93,34.4,0.00543,0.004005,0.004939,1.36667,1.34304,BUY,BUY,SELL,SELL,52,18
2026-08-31 18:55:15,1.3546,1.35414,1.34777,1.34152,53.64,34.4,0.00544,0.003989,0.004935,1.36666,1.34303,BUY,BUY,SELL,SELL,52,18
2026-08-31 19:11:09,1.3545,1.35413,1.34777,1.34152,53.5,34.4,0.00545,0.003981,0.004934,1.36666,1.34302,BUY,BUY,SELL,SELL,52,18
2026-08-31 20:26:44,1.3556,1.35423,1.34781,1.34153,54.95,34.4,0.00549,0.004068,0.004951,1.36672,1.34307,BUY,BUY,NEUTRAL,SELL,52,18
2026-08-31 20:42:37,1.3557,1.35424,1.34781,1.34153,55.07,34.4,0.0055,0.004076,0.004953,1.36672,1.34308,BUY,BUY,NEUTRAL,SELL,32,18
2026-08-31 20:58:31,1.3552,1.3542,1.34779,1.34152,54.46,34.4,0.0055,0.004037,0.004945,1.36669,1.34306,BUY,BUY,SELL,SELL,52,18
2026-08-31 21:14:25,1.3548,1.35416,1.34778,1.34152,53.93,34.4,0.0055,0.004005,0.004939,1.36667,1.34304,BUY,BUY,SELL,SELL,52,18
2026-08-31 21:30:19,1.3545,1.35413,1.34777,1.34152,53.5,34.4,0.0055,0.003981,0.004934,1.36666,1.34302,BUY,BUY,SELL,SELL,52,18
2026-08-31 21:46:13,1.3548,1.35416,1.34778,1.34152,53.93,34.4,0.0055,0.004005,0.004939,1.36667,1.34304,BUY,BUY,SELL,SELL,52,18
2026-08-31 22:02:07,1.3545,1.35413,1.34777,1.34152,53.5,34.4,0.00552,0.003981,0.004934,1.36666,1.34302,BUY,BUY,SELL,SELL,52,18
2026-08-31 22:18:01,1.3543,1.35411,1.34776,1.34152,53.21,34.4,0.00552,0.003965,0.004931,1.36665,1.34301,BUY,BUY,SELL,SELL,52,18
2026-09-01 08:05:27,1.3531,1.354,1.34771,1.3415,51.54,34.37,0.00561,0.003869,0.004911,1.36661,1.34293,BUY,BUY,SELL,NEUTRAL,48,28
2026-09-01 08:21:21,1.3531,1.354,1.34771,1.3415,51.54,34.37,0.00561,0.003869,0.004911,1.36661,1.34293,BUY,BUY,SELL,NEUTRAL,48,28
2026-09-01 08:37:15,1.3532,1.35401,1.34771,1.3415,51.67,34.37,0.00561,0.003877,0.004913,1.36661,1.34294,BUY,BUY,SELL,NEUTRAL,48,28
2026-09-01 08:53:09,1.353,1.35399,1.34771,1.3415,51.4,34.37,0.00561,0.003861,0.00491,1.36661,1.34292,BUY,BUY,SELL,NEUTRAL,48,28
2026-09-01 09:09:03,1.353,1.35399,1.34771,1.3415,51.4,34.26,0.00564,0.003861,0.00491,1.36661,1.34292,BUY,NEUTRAL,SELL,NEUTRAL,31,28
2026-09-01 09:24:57,1.3531,1.354,1.34771,1.3415,51.54,34.26,0.00564,0.003869,0.004911,1.36661,1.34293,BUY,NEUTRAL,SELL,NEUTRAL,31,28
2026-09-01 09:40:51,1.3539,1.35407,1.34774,1.34151,52.64,34.26,0.00564,0.003933,0.004924,1.36663,1.34299,BUY,NEUTRAL,SELL,NEUTRAL,31,28
2026-09-01 09:56:45,1.354,1.35408,1.34775,1.34151,52.78,34.26,0.00564,0.003941,0.004926,1.36664,1.34299,BUY,NEUTRAL,SELL,NEUTRAL,31,28
2026-09-01 10:12:40,1.3552,1.3542,1.34779,1.34152,54.46,34.26,0.00564,0.004037,0.004945,1.36669,1.34306,BUY,BUY,SELL,SELL,52,18
2026-09-01 10:28:34,1.3544,1.35412,1.34776,1.34152,53.35,34.26,0.00564,0.003973,0.004932,1.36665,1.34302,BUY,BUY,SELL,NEUTRAL,52,28
2026-09-01 10:44:29,1.3542,1.3541,1.34775,1.34151,53.06,34.26,0.00564,0.003957,0.004929,1.36664,1.34301,BUY,BUY,SELL,NEUTRAL,52,28
2026-09-01 11:00:22,1.354,1.35408,1.34775,1.34151,52.78,34.26,0.00564,0.003941,0.004926,1.36664,1.34299,BUY,NEUTRAL,SELL,NEUTRAL,31,28
2026-09-01 11:16:16,1.3531,1.354,1.34771,1.3415,51.54,34.26,0.00564,0.003869,0.004911,1.36661,1.34293,BUY,NEUTRAL,SELL,NEUTRAL,31,28
2026-09-01 11:32:10,1.3528,1.35397,1.3477,1.3415,51.14,34.26,0.00564,0.003845,0.004907,1.36661,1.3429,BUY,BUY,SELL,NEUTRAL,48,28
2026-09-01 11:48:04,1.3528,1.35397,1.3477,1.3415,51.14,34.26,0.00564,0.003845,0.004907,1.36661,1.3429,BUY,BUY,SELL,NEUTRAL,48,28
2026-09-01 12:03:59,1.3526,1.35395,1.34769,1.3415,50.87,34.23,0.00565,0.003829,0.004903,1.3666,1.34289,BUY,NEUTRAL,SELL,NEUTRAL,31,28
2026-09-01 12:19:53,1.3523,1.35392,1.34768,1.3415,50.48,34.21,0.00565,0.003805,0.004899,1.3666,1.34286,BUY,NEUTRAL,SELL,NEUTRAL,31,28
2026-09-01 12:35:47,1.3522,1.35391,1.34768,1.34149,50.35,34.16,0.00567,0.003797,0.004897,1.3666,1.34285,BUY,NEUTRAL,SELL,NEUTRAL,31,28
2026-09-01 12:51:41,1.3519,1.35388,1.34766,1.34149,49.97,34.08,0.00569,0.003773,0.004892,1.3666,1.34282,BUY,NEUTRAL,SELL,NEUTRAL,31,28
2026-09-01 13:07:35,1.3515,1.35384,1.34765,1.34149,49.47,33.97,0.00572,0.003741,0.004886,1.3666,1.34278,BUY,NEUTRAL,SELL,NEUTRAL,31,28
2026-09-01 13:23:29,1.3516,1.35385,1.34765,1.34149,49.72,33.97,0.00572,0.003757,0.004889,1.3666,1.3428,BUY,NEUTRAL,SELL,NEUTRAL,31,28
2026-09-01 13:39:24,1.3516,1.35385,1.34765,1.34149,49.59,33.97,0.00572,0.003749,0.004887,1.3666,1.34279,BUY,NEUTRAL,SELL,NEUTRAL,31,28
2026-09-01 13:55:18,1.3514,1.35383,1.34764,1.34149,49.34,33.92,0.00573,0.003733,0.004884,1.3666,1.34277,BUY,NEUTRAL,SELL,NEUTRAL,31,28
2026-09-01 14:11:12,1.3513,1.35382,1.34764,1.34149,49.22,33.92,0.00573,0.003725,0.004883,1.3666,1.34276,BUY,NEUTRAL,SELL,NEUTRAL,31,28
2026-09-01 14:27:07,1.3512,1.35382,1.34764,1.34148,49.1,33.9,0.00574,0.003717,0.004881,1.3666,1.34275,BUY,NEUTRAL,SELL,NEUTRAL,31,28
2026-09-01 14:43:01,1.3507,1.35377,1.34762,1.34148,48.49,33.78,0.00578,0.003678,0.004873,1.3666,1.3427,BUY,NEUTRAL,STRONG_SELL,BUY,21,28
2026-09-01 14:58:55,1.3512,1.35382,1.34764,1.34148,49.1,33.78,0.00578,0.003717,0.004881,1.3666,1.34275,BUY,NEUTRAL,SELL,NEUTRAL,31,28
2026-09-01 15:14:49,1.3515,1.35384,1.34765,1.34149,49.47,33.78,0.00578,0.003741,0.004886,1.3666,1.34278,BUY,NEUTRAL,SELL,NEUTRAL,31,28
2026-09-01 15:30:44,1.3514,1.35383,1.34764,1.34149,49.34,33.78,0.00578,0.003733,0.004884,1.3666,1.34277,BUY,NEUTRAL,SELL,NEUTRAL,31,28
2026-09-01 15:46:38,1.351,1.3538,1.34763,1.34148,48.86,33.78,0.00578,0.003702,0.004878,1.3666,1.34273,BUY,NEUTRAL,SELL,NEUTRAL,31,28
2026-09-01 16:02:32,1.351,1.3538,1.34763,1.34148,48.86,33.78,0.00578,0.003702,0.004878,1.3666,1.34273,BUY,NEUTRAL,SELL,NEUTRAL,31,28
2026-09-01 16:18:26,1.3512,1.35382,1.34764,1.34148,49.1,33.78,0.00578,0.003717,0.004881,1.3666,1.34275,BUY,NEUTRAL,SELL,NEUTRAL,31,28
2026-09-01 16:34:19,1.3513,1.35382,1.34764,1.34149,49.22,33.78,0.00578,0.003725,0.004883,1.3666,1.34276,BUY,NEUTRAL,SELL,NEUTRAL,31,28
2026-09-01 16:50:13,1.3516,1.35385,1.34765,1.34149,49.59,33.78,0.00578,0.003749,0.004887,1.3666,1.34279,BUY,NEUTRAL,SELL,NEUTRAL,31,28
2026-09-01 17:06:07,1.3512,1.35382,1.34764,1.34148,49.1,33.78,0.00578,0.003717,0.004881,1.3666,1.34275,BUY,NEUTRAL,SELL,NEUTRAL,31,28
2026-09-01 17:22:02,1.351,1.3538,1.34763,1.34148,48.86,33.78,0.00578,0.003702,0.004878,1.3666,1.34273,BUY,NEUTRAL,SELL,NEUTRAL,31,28
2026-09-01 17:38:02,1.3512,1.35382,1.34764,1.34148,49.1,33.78,0.00578,0.003717,0.004881,1.3666,1.34275,BUY,NEUTRAL,SELL,NEUTRAL,31,28
2026-09-01 18:35:57,1.3516,1.3536,1.34779,1.34158,49.65,32.14,0.00542,0.003097,0.004523,1.36635,1.3435,BUY,BUY,SELL,NEUTRAL,48,28
2026-09-01 18:51:51,1.3516,1.3536,1.34779,1.34158,49.65,32.14,0.00542,0.003097,0.004523,1.36635,1.3435,BUY,BUY,SELL,NEUTRAL,48,28
2026-09-01 19:07:45,1.3515,1.35359,1.34778,1.34158,49.52,32.14,0.00542,0.003089,0.004521,1.36635,1.34349,BUY,BUY,SELL,NEUTRAL,48,28
2026-09-01 19:23:39,1.3515,1.35359,1.34778,1.34158,49.52,32.14,0.00542,0.003089,0.004521,1.36635,1.34349,BUY,BUY,SELL,NEUTRAL,48,28
2026-09-01 19:39:33,1.3516,1.3536,1.34779,1.34158,49.65,32.14,0.00542,0.003097,0.004523,1.36635,1.3435,BUY,BUY,SELL,NEUTRAL,48,28
2026-09-01 19:55:27,1.3514,1.35358,1.34778,1.34158,49.38,32.14,0.00542,0.003081,0.00452,1.36635,1.34348,BUY,BUY,SELL,NEUTRAL,48,28
2026-09-01 21:22:29,1.3506,1.3535,1.34775,1.34157,48.33,32.09,0.00547,0.003017,0.004507,1.36637,1.34338,BUY,NEUTRAL,SELL,BUY,21,28
2026-09-01 21:38:24,1.3503,1.35347,1.34774,1.34157,47.95,32.06,0.00548,0.002993,0.004502,1.36638,1.34334,BUY,NEUTRAL,STRONG_SELL,BUY,21,28
2026-09-01 21:54:17,1.3502,1.35346,1.34773,1.34157,47.83,32.04,0.00548,0.002985,0.004501,1.36638,1.34333,BUY,NEUTRAL,STRONG_SELL,BUY,21,28
2026-09-01 22:01:01,1.3502,1.35346,1.34773,1.34157,47.83,32.04,0.00548,0.002985,0.004501,1.36638,1.34333,BUY,NEUTRAL,SELL,BUY,21,28
2026-09-01 22:05:08,1.3503,1.35347,1.34774,1.34157,47.95,32.01,0.00549,0.002993,0.004502,1.36638,1.34334,BUY,NEUTRAL,SELL,BUY,21,28
2026-09-01 22:21:02,1.3507,1.35351,1.34775,1.34158,48.46,32.01,0.00549,0.003025,0.004509,1.36637,1.34339,BUY,NEUTRAL,SELL,BUY,21,28
2026-09-01 22:36:56,1.3506,1.3535,1.34775,1.34157,48.33,32.01,0.00549,0.003017,0.004507,1.36637,1.34338,BUY,NEUTRAL,SELL,BUY,21,28
2026-09-02 08:24:38,1.3485,1.35335,1.34769,1.34156,45.79,31.45,0.00566,0.002877,0.00449,1.36648,1.34312,BUY,SELL,SELL,BUY,21,45
2026-09-02 08:40:32,1.3478,1.35328,1.34766,1.34155,45.0,31.45,0.00566,0.002822,0.004479,1.36653,1.343,BUY,SELL,STRONG_SELL,BUY,21,45
2026-09-02 08:56:26,1.3476,1.35326,1.34765,1.34155,44.79,31.43,0.00567,0.002806,0.004476,1.36654,1.34297,BUY,SELL,STRONG_SELL,BUY,10,25
2026-09-02 09:12:20,1.3478,1.35328,1.34766,1.34155,45.0,31.41,0.00568,0.002822,0.004479,1.36653,1.343,BUY,SELL,STRONG_SELL,BUY,21,45
2026-09-02 09:28:15,1.35,1.35349,1.34775,1.34157,47.55,31.41,0.00568,0.002997,0.004514,1.36641,1.34334,BUY,NEUTRAL,SELL,NEUTRAL,31,28
2026-09-02 09:44:09,1.3505,1.35354,1.34777,1.34158,48.17,31.41,0.00568,0.003037,0.004522,1.3664,1.3434,BUY,NEUTRAL,SELL,NEUTRAL,31,28
2026-09-02 10:00:03,1.3513,1.35361,1.3478,1.34159,49.2,31.41,0.00568,0.003101,0.004535,1.36638,1.3435,BUY,NEUTRAL,SELL,NEUTRAL,31,28
2026-09-02 10:15:57,1.3505,1.35354,1.34777,1.34158,48.17,31.41,0.00568,0.003037,0.004522,1.3664,1.3434,BUY,NEUTRAL,SELL,NEUTRAL,31,28
2026-09-02 10:31:51,1.3501,1.3535,1.34775,1.34158,47.67,31.41,0.00568,0.003005,0.004515,1.36641,1.34335,BUY,NEUTRAL,SELL,NEUTRAL,31,28
2026-09-02 10:47:44,1.35,1.35349,1.34775,1.34157,47.55,31.41,0.00568,0.002997,0.004514,1.36641,1.34334,BUY,NEUTRAL,SELL,NEUTRAL,31,28
2026-09-02 11:03:38,1.3509,1.35358,1.34778,1.34158,48.68,31.41,0.00568,0.003069,0.004528,1.36639,1.34345,BUY,NEUTRAL,SELL,NEUTRAL,31,28
2026-09-02 11:19:32,1.3503,1.35352,1.34776,1.34158,47.92,31.41,0.00568,0.003021,0.004519,1.3664,1.34338,BUY,NEUTRAL,SELL,NEUTRAL,31,28
2026-09-02 11:35:25,1.3501,1.3535,1.34775,1.34158,47.67,31.41,0.00568,0.003005,0.004515,1.36641,1.34335,BUY,NEUTRAL,SELL,NEUTRAL,31,28
2026-09-02 11:51:20,1.3496,1.35345,1.34773,1.34157,47.07,31.41,0.00568,0.002965,0.004508,1.36643,1.34328,BUY,NEUTRAL,SELL,NEUTRAL,31,28
2026-09-02 12:07:14,1.35,1.35349,1.34775,1.34157,47.55,31.41,0.00568,0.002997,0.004514,1.36641,1.34334,BUY,NEUTRAL,SELL,NEUTRAL,31,28
2026-09-02 12:23:08,1.3502,1.35351,1.34775,1.34158,47.8,31.41,0.00568,0.003013,0.004517,1.36641,1.34336,BUY,NEUTRAL,SELL,NEUTRAL,31,28
2026-09-02 12:39:03,1.3497,1.35345,1.34773,1.34157,47.07,31.41,0.00568,0.002965,0.004508,1.36643,1.34328,BUY,NEUTRAL,SELL,NEUTRAL,31,28
2026-09-02 12:54:56,1.3497,1.35346,1.34773,1.34157,47.19,31.41,0.00568,0.002973,0.004509,1.36642,1.3433,BUY,NEUTRAL,SELL,NEUTRAL,31,28
2026-09-02 13:10:50,1.349,1.35339,1.34771,1.34156,46.36,31.41,0.00568,0.002917,0.004498,1.36645,1.3432,BUY,SELL,SELL,NEUTRAL,31,45
2026-09-02 13:26:44,1.3488,1.35338,1.3477,1.34156,46.13,31.41,0.00568,0.002901,0.004495,1.36646,1.34317,BUY,SELL,SELL,NEUTRAL,31,45
2026-09-02 13:42:38,1.3488,1.35338,1.3477,1.34156,46.13,31.41,0.00568,0.002901,0.004495,1.36646,1.34317,BUY,SELL,SELL,NEUTRAL,31,45
2026-09-02 13:58:32,1.3487,1.35337,1.3477,1.34156,46.01,31.41,0.00568,0.002893,0.004493,1.36647,1.34315,BUY,SELL,SELL,NEUTRAL,31,45
2026-09-02 14:14:26,1.3487,1.35337,1.3477,1.34156,46.01,31.41,0.00568,0.002893,0.004493,1.36647,1.34315,BUY,SELL,STRONG_SELL,NEUTRAL,31,45
2026-09-02 14:30:19,1.3487,1.35337,1.3477,1.34156,46.01,31.41,0.00568,0.002893,0.004493,1.36647,1.34315,BUY,SELL,STRONG_SELL,NEUTRAL,31,45
2026-09-02 14:46:13,1.3487,1.35337,1.3477,1.34156,46.01,31.41,0.00568,0.002893,0.004493,1.36647,1.34315,BUY,SELL,STRONG_SELL,NEUTRAL,31,45
2026-09-02 15:02:07,1.3485,1.35335,1.34769,1.34156,45.79,31.41,0.00568,0.002877,0.00449,1.36648,1.34312,BUY,SELL,STRONG_SELL,NEUTRAL,31,45
2026-09-02 15:18:01,1.3487,1.35337,1.3477,1.34156,46.01,31.41,0.00568,0.002893,0.004493,1.36647,1.34315,BUY,SELL,STRONG_SELL,NEUTRAL,31,45
2026-09-02 15:33:55,1.3486,1.35336,1.34769,1.34156,45.9,31.41,0.00568,0.002885,0.004492,1.36648,1.34313,BUY,SELL,STRONG_SELL,NEUTRAL,31,45
2026-09-02 15:49:48,1.3484,1.35334,1.34768,1.34156,45.67,31.41,0.00568,0.002869,0.004488,1.36649,1.3431,BUY,SELL,STRONG_SELL,NEUTRAL,31,45
2026-09-02 16:05:42,1.3491,1.3534,1.34771,1.34157,46.48,31.41,0.00568,0.002925,0.0045,1.36645,1.34321,BUY,SELL,SELL,NEUTRAL,31,45
2026-09-02 16:21:36,1.3488,1.35338,1.3477,1.34156,46.13,31.41,0.00568,0.002901,0.004495,1.36646,1.34317,BUY,SELL,SELL,NEUTRAL,31,45
2026-09-02 16:37:30,1.3488,1.35338,1.3477,1.34156,46.13,31.41,0.00568,0.002901,0.004495,1.36646,1.34317,BUY,SELL,SELL,NEUTRAL,31,45
2026-09-02 16:53:24,1.3489,1.35339,1.3477,1.34156,46.24,31.41,0.00568,0.002909,0.004496,1.36646,1.34318,BUY,SELL,SELL,NEUTRAL,31,45
2026-09-02 17:09:18,1.3484,1.35334,1.34768,1.34156,45.67,31.41,0.00568,0.002869,0.004488,1.36649,1.3431,BUY,SELL,STRONG_SELL,NEUTRAL,31,45
2026-09-02 17:25:12,1.3485,1.35335,1.34769,1.34156,45.79,31.41,0.00568,0.002877,0.00449,1.36648,1.34312,BUY,SELL,STRONG_SELL,NEUTRAL,31,45
2026-09-02 17:41:06,1.348,1.3533,1.34767,1.34155,45.23,31.41,0.00568,0.002837,0.004482,1.36651,1.34304,BUY,SELL,STRONG_SELL,NEUTRAL,31,45
2026-09-02 17:57:01,1.348,1.3533,1.34767,1.34155,45.23,31.41,0.00568,0.002837,0.004482,1.36651,1.34304,BUY,SELL,STRONG_SELL,NEUTRAL,31,45
2026-09-02 18:12:55,1.3481,1.3528,1.34768,1.34162,45.4,29.21,0.00531,0.002095,0.004003,1.36625,1.34358,BUY,NEUTRAL,SELL,NEUTRAL,31,28
2026-09-02 18:22:12,1.3482,1.35281,1.34769,1.34162,45.54,29.21,0.00531,0.002103,0.004005,1.36625,1.34359,BUY,NEUTRAL,SELL,NEUTRAL,31,28
2026-09-02 19:38:28,1.348,1.35279,1.34768,1.34162,45.26,29.21,0.00531,0.002087,0.004002,1.36626,1.34356,BUY,NEUTRAL,SELL,SELL,31,18
2026-09-02 19:54:22,1.3481,1.3528,1.34768,1.34162,45.4,29.21,0.00531,0.002095,0.004003,1.36625,1.34358,BUY,NEUTRAL,SELL,SELL,31,18
2026-09-02 20:10:16,1.3482,1.35281,1.34769,1.34162,45.54,29.21,0.00531,0.002103,0.004005,1.36625,1.34359,BUY,NEUTRAL,SELL,SELL,31,18
2026-09-02 20:26:10,1.3485,1.35283,1.3477,1.34162,45.97,29.21,0.00531,0.002127,0.00401,1.36623,1.34364,BUY,NEUTRAL,SELL,SELL,31,18
2026-09-02 20:42:03,1.3485,1.35283,1.3477,1.34162,45.97,29.21,0.00532,0.002127,0.00401,1.36623,1.34364,BUY,NEUTRAL,SELL,SELL,31,18
2026-09-02 20:57:57,1.3488,1.35286,1.34771,1.34163,46.38,29.21,0.00535,0.002151,0.004014,1.36621,1.34369,BUY,NEUTRAL,SELL,SELL,31,18
2026-09-03 08:07:48,1.3498,1.35296,1.34775,1.34164,47.72,29.21,0.00547,0.002231,0.00403,1.36616,1.34384,BUY,NEUTRAL,SELL,STRONG_SELL,31,8
2026-09-03 08:23:42,1.3491,1.35289,1.34772,1.34163,46.79,29.21,0.00547,0.002175,0.004019,1.36619,1.34374,BUY,NEUTRAL,SELL,STRONG_SELL,31,8
2026-09-03 08:39:35,1.351,1.35307,1.3478,1.34165,49.25,29.21,0.00551,0.002326,0.00405,1.36612,1.344,BUY,BUY,NEUTRAL,STRONG_SELL,48,8
2026-09-03 08:55:29,1.3521,1.35318,1.34784,1.34166,50.57,29.28,0.00558,0.002414,0.004067,1.3661,1.34413,BUY,BUY,BUY,STRONG_SELL,56,8
2026-09-03 09:11:22,1.3511,1.35308,1.3478,1.34165,49.37,29.28,0.00558,0.002334,0.004051,1.36611,1.34402,BUY,BUY,NEUTRAL,STRONG_SELL,48,8
2026-09-03 09:27:16,1.351,1.35307,1.3478,1.34165,49.25,29.28,0.00558,0.002326,0.00405,1.36612,1.344,BUY,BUY,NEUTRAL,STRONG_SELL,48,8
2026-09-03 09:43:10,1.3507,1.35304,1.34778,1.34164,48.88,29.28,0.00558,0.002302,0.004045,1.36612,1.34397,BUY,BUY,NEUTRAL,STRONG_SELL,48,8
2026-09-03 09:59:04,1.3515,1.35312,1.34781,1.34165,49.86,29.28,0.00558,0.002366,0.004058,1.36611,1.34406,BUY,BUY,NEUTRAL,STRONG_SELL,48,8
2026-09-03 10:14:58,1.3513,1.3531,1.34781,1.34165,49.62,29.28,0.00558,0.00235,0.004054,1.36611,1.34404,BUY,BUY,NEUTRAL,STRONG_SELL,48,8
2026-09-03 10:30:52,1.3511,1.35308,1.3478,1.34165,49.37,29.28,0.00558,0.002334,0.004051,1.36611,1.34402,BUY,BUY,NEUTRAL,STRONG_SELL,48,8
2026-09-03 10:46:45,1.3503,1.35301,1.34777,1.34164,48.37,29.28,0.00558,0.00227,0.004038,1.36614,1.34391,BUY,BUY,SELL,STRONG_SELL,48,8
2026-09-03 11:02:39,1.3525,1.35321,1.34785,1.34166,51.03,29.34,0.0056,0.002446,0.004073,1.3661,1.34417,BUY,BUY,BUY,STRONG_SELL,56,8
2026-09-03 11:18:33,1.3536,1.35332,1.3479,1.34167,52.26,29.64,0.0057,0.002534,0.004091,1.36611,1.34427,BUY,BUY,BUY,STRONG_SELL,60,8
2026-09-03 11:34:27,1.3537,1.35333,1.3479,1.34167,52.37,29.68,0.00571,0.002542,0.004093,1.36611,1.34428,BUY,BUY,BUY,STRONG_SELL,60,8
2026-09-03 11:50:20,1.3529,1.35325,1.34787,1.34167,51.49,29.68,0.00571,0.002478,0.00408,1.3661,1.34421,BUY,BUY,BUY,STRONG_SELL,56,8
2026-09-03 12:06:14,1.3532,1.35328,1.34788,1.34167,51.82,29.68,0.00571,0.002502,0.004085,1.3661,1.34424,BUY,BUY,BUY,STRONG_SELL,56,8
2026-09-03 12:22:08,1.3541,1.35337,1.34792,1.34168,52.8,29.72,0.00573,0.002574,0.004099,1.36612,1.34431,BUY,BUY,BUY,STRONG_SELL,60,8
2026-09-03 12:38:02,1.3542,1.35338,1.34792,1.34168,52.91,29.81,0.00576,0.002582,0.004101,1.36613,1.34431,BUY,BUY,BUY,STRONG_SELL,60,8
2026-09-03 12:53:56,1.3546,1.35341,1.34794,1.34168,53.33,29.81,0.00576,0.002613,0.004107,1.36614,1.34434,BUY,BUY,BUY,STRONG_SELL,60,8
2026-09-03 13:09:50,1.354,1.35336,1.34791,1.34168,52.7,29.81,0.00576,0.002566,0.004097,1.36612,1.3443,BUY,BUY,BUY,STRONG_SELL,60,8
2026-09-03 13:25:45,1.3545,1.35341,1.34793,1.34168,53.23,29.81,0.00576,0.002605,0.004105,1.36614,1.34433,BUY,BUY,BUY,STRONG_SELL,60,8
2026-09-03 13:41:39,1.3544,1.3534,1.34793,1.34168,53.12,29.81,0.00576,0.002597,0.004104,1.36613,1.34433,BUY,BUY,BUY,STRONG_SELL,60,8
2026-09-03 13:57:34,1.3541,1.35337,1.34792,1.34168,52.8,29.81,0.00576,0.002574,0.004099,1.36612,1.34431,BUY,BUY,BUY,STRONG_SELL,60,8
2026-09-03 14:13:28,1.3543,1.35339,1.34792,1.34168,53.02,29.81,0.00576,0.002589,0.004102,1.36613,1.34432,BUY,BUY,BUY,STRONG_SELL,60,8
2026-09-03 14:29:22,1.3541,1.35337,1.34792,1.34168,52.8,29.81,0.00576,0.002574,0.004099,1.36612,1.34431,BUY,BUY,BUY,STRONG_SELL,60,8
2026-09-03 14:45:16,1.3539,1.35335,1.34791,1.34168,52.59,29.81,0.00576,0.002558,0.004096,1.36612,1.34429,BUY,BUY,BUY,STRONG_SELL,60,8
2026-09-03 15:01:10,1.3538,1.35334,1.34791,1.34168,52.48,29.81,0.00576,0.00255,0.004094,1.36612,1.34428,BUY,BUY,BUY,STRONG_SELL,60,8
2026-09-03 15:17:04,1.353,1.35326,1.34787,1.34167,51.6,29.81,0.00576,0.002486,0.004081,1.3661,1.34422,BUY,BUY,NEUTRAL,STRONG_SELL,48,8
2026-09-03 15:32:58,1.3525,1.35321,1.34785,1.34166,51.03,29.81,0.00576,0.002446,0.004073,1.3661,1.34417,BUY,BUY,NEUTRAL,STRONG_SELL,48,8
2026-09-03 15:48:51,1.3527,1.35323,1.34786,1.34166,51.26,29.81,0.00576,0.002462,0.004077,1.3661,1.34419,BUY,BUY,NEUTRAL,STRONG_SELL,48,8
2026-09-03 16:04:45,1.3529,1.35325,1.34787,1.34167,51.49,29.81,0.00576,0.002478,0.00408,1.3661,1.34421,BUY,BUY,NEUTRAL,STRONG_SELL,48,8
2026-09-03 16:20:39,1.3525,1.35321,1.34785,1.34166,51.03,29.81,0.00576,0.002446,0.004073,1.3661,1.34417,BUY,BUY,NEUTRAL,STRONG_SELL,48,8
2026-09-03 16:36:34,1.3526,1.35322,1.34786,1.34166,51.15,29.81,0.00576,0.002454,0.004075,1.3661,1.34418,BUY,BUY,NEUTRAL,STRONG_SELL,48,8
2026-09-03 16:52:28,1.3526,1.35322,1.34786,1.34166,51.15,29.81,0.00576,0.002454,0.004075,1.3661,1.34418,BUY,BUY,NEUTRAL,STRONG_SELL,48,8
2026-09-03 17:08:22,1.3526,1.35322,1.34786,1.34166,51.15,29.81,0.00576,0.002454,0.004075,1.3661,1.34418,BUY,BUY,NEUTRAL,STRONG_SELL,48,8
2026-09-03 17:24:17,1.3524,1.35321,1.34785,1.34166,50.92,29.81,0.00576,0.002438,0.004072,1.3661,1.34416,BUY,BUY,NEUTRAL,STRONG_SELL,48,8
2026-09-03 17:40:16,1.3525,1.35321,1.34785,1.34166,51.03,29.81,0.00576,0.002446,0.004073,1.3661,1.34417,BUY,BUY,NEUTRAL,STRONG_SELL,48,8
2026-09-03 17:56:17,1.3524,1.35321,1.34785,1.34166,50.92,29.81,0.00576,0.002438,0.004072,1.3661,1.34416,BUY,BUY,NEUTRAL,STRONG_SELL,48,8
2026-09-03 18:03:48,1.3524,1.35311,1.34802,1.34177,50.94,28.33,0.00538,0.002091,0.003673,1.36597,1.34463,BUY,BUY,NEUTRAL,STRONG_SELL,48,8
2026-09-03 18:19:43,1.3523,1.3531,1.34802,1.34177,50.81,28.33,0.00538,0.002083,0.003672,1.36597,1.34462,BUY,BUY,NEUTRAL,STRONG_SELL,48,8
2026-09-03 18:35:37,1.3523,1.3531,1.34802,1.34177,50.81,28.33,0.00538,0.002083,0.003672,1.36597,1.34462,BUY,BUY,NEUTRAL,STRONG_SELL,48,8
2026-09-03 18:51:32,1.3524,1.35311,1.34802,1.34177,50.94,28.33,0.00538,0.002091,0.003673,1.36597,1.34463,BUY,BUY,NEUTRAL,STRONG_SELL,48,8
2026-09-03 19:07:26,1.3524,1.35311,1.34802,1.34177,50.94,28.33,0.00538,0.002091,0.003673,1.36597,1.34463,BUY,BUY,NEUTRAL,STRONG_SELL,48,8
2026-09-03 19:23:20,1.3526,1.35313,1.34803,1.34177,51.18,28.33,0.00539,0.002107,0.003676,1.36597,1.34465,BUY,BUY,NEUTRAL,STRONG_SELL,48,8
2026-09-03 20:12:55,1.3528,1.35315,1.34804,1.34177,51.43,28.33,0.00541,0.002123,0.00368,1.36597,1.34467,BUY,BUY,NEUTRAL,STRONG_SELL,48,8
2026-09-03 20:28:49,1.3526,1.35313,1.34803,1.34177,51.18,28.33,0.00541,0.002107,0.003676,1.36597,1.34465,BUY,BUY,NEUTRAL,STRONG_SELL,48,8
2026-09-03 20:44:43,1.3528,1.35315,1.34804,1.34177,51.43,28.33,0.00541,0.002123,0.00368,1.36597,1.34467,BUY,BUY,BUY,STRONG_SELL,56,8
2026-09-03 20:54:40,1.3534,1.35321,1.34806,1.34178,52.15,28.33,0.00544,0.002171,0.003689,1.36598,1.34472,BUY,BUY,BUY,STRONG_SELL,60,8
2026-09-03 21:10:34,1.3531,1.35318,1.34805,1.34177,51.79,28.33,0.00544,0.002147,0.003684,1.36597,1.3447,BUY,BUY,BUY,STRONG_SELL,56,8
2026-09-03 21:26:29,1.3532,1.35319,1.34805,1.34177,51.91,28.33,0.00545,0.002155,0.003686,1.36597,1.34471,BUY,BUY,BUY,STRONG_SELL,60,8
2026-09-03 21:42:23,1.3533,1.3532,1.34806,1.34178,52.03,28.33,0.00545,0.002163,0.003688,1.36598,1.34471,BUY,BUY,BUY,STRONG_SELL,60,8
2026-09-03 21:58:18,1.3534,1.35321,1.34806,1.34178,52.15,28.33,0.00545,0.002171,0.003689,1.36598,1.34472,BUY,BUY,BUY,STRONG_SELL,60,8
2026-09-04 08:14:11,1.3529,1.35316,1.34804,1.34177,51.55,28.35,0.00555,0.002131,0.003681,1.36597,1.34468,BUY,BUY,BUY,SELL,56,18
2026-09-04 08:30:05,1.3493,1.35282,1.3479,1.34174,47.21,28.35,0.00575,0.001844,0.003624,1.36607,1.34422,BUY,NEUTRAL,BUY,SELL,48,18
2026-09-04 08:45:59,1.3493,1.35282,1.3479,1.34174,47.21,28.35,0.00582,0.001844,0.003624,1.36607,1.34422,BUY,NEUTRAL,SELL,SELL,31,18
2026-09-04 09:01:53,1.3502,1.3529,1.34793,1.34174,48.23,28.35,0.00582,0.001916,0.003638,1.36602,1.34436,BUY,NEUTRAL,SELL,SELL,31,18
2026-09-04 09:17:47,1.3504,1.35292,1.34794,1.34175,48.47,28.35,0.00582,0.001931,0.003641,1.36602,1.34438,BUY,NEUTRAL,SELL,SELL,31,18
2026-09-04 09:33:41,1.3511,1.35299,1.34797,1.34175,49.31,28.35,0.00582,0.001987,0.003652,1.36599,1.34448,BUY,BUY,SELL,SELL,48,18
2026-09-04 09:35:22,1.3515,1.35303,1.34799,1.34176,49.8,28.35,0.00582,0.002019,0.003659,1.36598,1.34453,BUY,BUY,SELL,SELL,48,18
2026-09-04 09:51:16,1.3519,1.35306,1.348,1.34176,50.3,28.35,0.00582,0.002051,0.003665,1.36598,1.34457,BUY,BUY,SELL,SELL,48,18
2026-09-04 10:07:11,1.3511,1.35299,1.34797,1.34175,49.31,28.35,0.00582,0.001987,0.003652,1.36599,1.34448,BUY,BUY,SELL,SELL,48,18
2026-09-04 10:23:05,1.3512,1.353,1.34797,1.34175,49.43,28.35,0.00582,0.001995,0.003654,1.36599,1.34449,BUY,BUY,SELL,SELL,48,18
2026-09-04 10:38:59,1.3518,1.35305,1.348,1.34176,50.18,28.35,0.00582,0.002043,0.003664,1.36598,1.34456,BUY,BUY,SELL,SELL,48,18
2026-09-04 10:54:53,1.3517,1.35304,1.34799,1.34176,50.05,28.35,0.00582,0.002035,0.003662,1.36598,1.34455,BUY,BUY,SELL,SELL,48,18
2026-09-04 11:10:47,1.3517,1.35304,1.34799,1.34176,50.05,28.35,0.00582,0.002035,0.003662,1.36598,1.34455,BUY,BUY,NEUTRAL,SELL,48,18
2026-09-04 11:26:41,1.3522,1.35309,1.34801,1.34176,50.69,28.35,0.00582,0.002075,0.00367,1.36597,1.34461,BUY,BUY,BUY,SELL,56,18
2026-09-04 11:42:34,1.3525,1.35312,1.34802,1.34177,51.06,28.35,0.00582,0.002099,0.003675,1.36597,1.34464,BUY,BUY,BUY,SELL,56,18
2026-09-04 11:58:28,1.3521,1.35308,1.34801,1.34176,50.56,28.35,0.00582,0.002067,0.003668,1.36597,1.3446,BUY,BUY,BUY,SELL,56,18
2026-09-04 12:14:22,1.3523,1.3531,1.34802,1.34177,50.81,28.35,0.00582,0.002083,0.003672,1.36597,1.34462,BUY,BUY,BUY,SELL,56,18
2026-09-04 12:30:16,1.352,1.35307,1.34801,1.34176,50.43,28.35,0.00582,0.002059,0.003667,1.36598,1.34458,BUY,BUY,NEUTRAL,SELL,48,18
2026-09-04 12:46:10,1.3519,1.35306,1.348,1.34176,50.3,28.35,0.00582,0.002051,0.003665,1.36598,1.34457,BUY,BUY,NEUTRAL,SELL,48,18
2026-09-04 13:02:03,1.3517,1.35304,1.34799,1.34176,50.05,28.35,0.00582,0.002035,0.003662,1.36598,1.34455,BUY,BUY,NEUTRAL,SELL,48,18
2026-09-04 13:17:57,1.3517,1.35304,1.34799,1.34176,50.05,28.35,0.00582,0.002035,0.003662,1.36598,1.34455,BUY,BUY,SELL,SELL,48,18
2026-09-04 13:33:51,1.3515,1.35303,1.34799,1.34176,49.8,28.35,0.00582,0.002019,0.003659,1.36598,1.34453,BUY,BUY,SELL,SELL,48,18
2026-09-04 13:49:45,1.3511,1.35299,1.34797,1.34175,49.31,28.35,0.00582,0.001987,0.003652,1.36599,1.34448,BUY,BUY,SELL,SELL,48,18
2026-09-04 14:05:39,1.3513,1.35301,1.34798,1.34176,49.55,28.35,0.00582,0.002003,0.003656,1.36599,1.3445,BUY,BUY,SELL,SELL,48,18
2026-09-04 14:21:33,1.3511,1.35299,1.34797,1.34175,49.31,28.35,0.00582,0.001987,0.003652,1.36599,1.34448,BUY,BUY,SELL,SELL,48,18
2026-09-04 14:37:27,1.3513,1.35301,1.34798,1.34176,49.55,28.35,0.00582,0.002003,0.003656,1.36599,1.3445,BUY,BUY,SELL,SELL,48,18
2026-09-04 14:53:21,1.3511,1.35299,1.34797,1.34175,49.31,28.35,0.00582,0.001987,0.003652,1.36599,1.34448,BUY,BUY,SELL,SELL,48,18
2026-09-04 15:09:15,1.3515,1.35303,1.34799,1.34176,49.8,28.35,0.00582,0.002019,0.003659,1.36598,1.34453,BUY,BUY,SELL,SELL,48,18
2026-09-04 15:25:08,1.3518,1.35305,1.348,1.34176,50.18,28.35,0.00582,0.002043,0.003664,1.36598,1.34456,BUY,BUY,SELL,SELL,48,18
2026-09-06 17:19:57,1.3515,1.35293,1.34815,1.34186,49.74,26.99,0.00552,0.001718,0.003278,1.36595,1.34471,BUY,BUY,NEUTRAL,SELL,48,18
2026-09-06 18:31:16,1.3515,1.35293,1.34815,1.34186,49.74,26.99,0.00552,0.001718,0.003278,1.36595,1.34471,BUY,BUY,SELL,SELL,48,18
2026-09-06 18:47:10,1.3515,1.35293,1.34815,1.34186,49.74,26.99,0.00552,0.001718,0.003278,1.36595,1.34471,BUY,BUY,SELL,SELL,48,18
2026-09-06 19:03:04,1.3516,1.35294,1.34815,1.34186,49.88,26.99,0.00552,0.001726,0.00328,1.36595,1.34472,BUY,BUY,SELL,SELL,48,18
2026-09-06 19:18:59,1.3518,1.35296,1.34816,1.34186,50.15,26.99,0.00552,0.001742,0.003283,1.36594,1.34475,BUY,BUY,SELL,SELL,48,18
2026-09-06 19:34:55,1.352,1.35298,1.34817,1.34187,50.42,26.99,0.00552,0.001758,0.003286,1.36594,1.34477,BUY,BUY,NEUTRAL,SELL,48,18
2026-09-06 19:50:50,1.3516,1.35294,1.34815,1.34186,49.88,26.99,0.00552,0.001726,0.00328,1.36595,1.34472,BUY,BUY,SELL,SELL,48,18
2026-09-06 20:06:44,1.3516,1.35294,1.34815,1.34186,49.88,26.99,0.00552,0.001726,0.00328,1.36595,1.34472,BUY,BUY,SELL,SELL,48,18
2026-09-06 20:22:37,1.3518,1.35296,1.34816,1.34186,50.15,26.99,0.00552,0.001742,0.003283,1.36594,1.34475,BUY,BUY,SELL,SELL,48,18
2026-09-06 20:38:31,1.3521,1.35299,1.34817,1.34187,50.56,26.99,0.00552,0.001765,0.003288,1.36594,1.34478,BUY,BUY,NEUTRAL,SELL,48,18
2026-09-06 20:54:25,1.3519,1.35297,1.34816,1.34186,50.28,26.99,0.00553,0.00175,0.003285,1.36594,1.34476,BUY,BUY,NEUTRAL,SELL,48,18
2026-09-06 21:10:19,1.3515,1.35293,1.34815,1.34186,49.74,26.99,0.00553,0.001718,0.003278,1.36595,1.34471,BUY,BUY,SELL,SELL,48,18
2026-09-06 21:26:13,1.3516,1.35294,1.34815,1.34186,49.88,26.99,0.00553,0.001726,0.00328,1.36595,1.34472,BUY,BUY,SELL,SELL,48,18
2026-09-06 21:42:07,1.3513,1.35291,1.34814,1.34186,49.48,26.99,0.00553,0.001702,0.003275,1.36595,1.34469,BUY,BUY,SELL,SELL,48,18
2026-09-06 21:58:00,1.3512,1.3529,1.34813,1.34186,49.35,26.99,0.00553,0.001694,0.003273,1.36596,1.34467,BUY,BUY,SELL,SELL,48,18
2026-09-06 22:13:54,1.3508,1.35287,1.34812,1.34185,48.82,26.99,0.00553,0.001662,0.003267,1.36597,1.34462,BUY,NEUTRAL,SELL,SELL,31,18
2026-09-06 22:29:48,1.3509,1.35287,1.34812,1.34185,48.95,26.99,0.00553,0.00167,0.003269,1.36596,1.34464,BUY,NEUTRAL,SELL,SELL,31,18
2026-09-06 22:45:42,1.3507,1.35286,1.34811,1.34185,48.7,26.99,0.00553,0.001654,0.003265,1.36597,1.34461,BUY,NEUTRAL,SELL,SELL,31,18
2026-09-06 23:01:36,1.3507,1.35286,1.34811,1.34185,48.7,26.99,0.00553,0.001654,0.003265,1.36597,1.34461,BUY,NEUTRAL,SELL,SELL,31,18
2026-09-07 08:07:56,1.3533,1.3531,1.34822,1.34188,52.13,26.99,0.00569,0.001861,0.003307,1.36594,1.3449,BUY,BUY,BUY,SELL,60,18
2026-09-07 08:23:50,1.3533,1.3531,1.34822,1.34188,52.13,26.99,0.00569,0.001861,0.003307,1.36594,1.3449,BUY,BUY,BUY,SELL,60,18
2026-09-07 08:39:43,1.3537,1.35314,1.34823,1.34188,52.63,26.99,0.00569,0.001893,0.003313,1.36594,1.34494,BUY,BUY,BUY,SELL,60,18
2026-09-07 08:55:37,1.3535,1.35312,1.34822,1.34188,52.38,26.99,0.00569,0.001877,0.00331,1.36594,1.34492,BUY,BUY,BUY,SELL,60,18
2026-09-07 09:11:31,1.3538,1.35315,1.34824,1.34188,52.75,26.99,0.00569,0.001901,0.003315,1.36594,1.34495,BUY,BUY,BUY,SELL,60,18
2026-09-07 09:27:25,1.3538,1.35315,1.34824,1.34188,52.75,26.99,0.00569,0.001901,0.003315,1.36594,1.34495,BUY,BUY,BUY,SELL,60,18
2026-09-07 09:43:19,1.3537,1.35314,1.34823,1.34188,52.63,26.99,0.00569,0.001893,0.003313,1.36594,1.34494,BUY,BUY,BUY,SELL,60,18
2026-09-07 09:59:13,1.3539,1.35316,1.34824,1.34188,52.87,26.99,0.00569,0.001909,0.003317,1.36595,1.34495,BUY,BUY,BUY,SELL,60,18
2026-09-07 10:15:06,1.354,1.35317,1.34824,1.34189,53.0,26.99,0.00569,0.001917,0.003318,1.36595,1.34496,BUY,BUY,BUY,SELL,60,18
2026-09-07 10:31:00,1.3538,1.35315,1.34824,1.34188,52.75,26.99,0.00569,0.001901,0.003315,1.36594,1.34495,BUY,BUY,BUY,SELL,60,18
2026-09-07 10:46:54,1.3539,1.35316,1.34824,1.34188,52.87,26.99,0.00569,0.001909,0.003317,1.36595,1.34495,BUY,BUY,BUY,SELL,60,18
2026-09-07 11:02:48,1.3546,1.35323,1.34827,1.34189,53.72,26.99,0.0057,0.001965,0.003328,1.36596,1.34501,BUY,BUY,BUY,SELL,60,18
2026-09-07 11:18:42,1.3542,1.35319,1.34825,1.34189,53.24,26.99,0.00571,0.001933,0.003321,1.36595,1.34498,BUY,BUY,BUY,SELL,60,18
2026-09-07 11:34:35,1.3541,1.35318,1.34825,1.34189,53.12,26.99,0.00571,0.001925,0.00332,1.36595,1.34497,BUY,BUY,BUY,SELL,60,18
2026-09-07 11:50:29,1.3541,1.35318,1.34825,1.34189,53.12,26.99,0.00571,0.001925,0.00332,1.36595,1.34497,BUY,BUY,BUY,SELL,60,18
2026-09-07 12:06:24,1.3541,1.35318,1.34825,1.34189,53.12,26.99,0.00571,0.001925,0.00332,1.36595,1.34497,BUY,BUY,BUY,SELL,60,18
2026-09-07 12:22:18,1.354,1.35317,1.34824,1.34189,53.0,26.99,0.00571,0.001917,0.003318,1.36595,1.34496,BUY,BUY,BUY,SELL,60,18
2026-09-07 12:38:11,1.3545,1.35322,1.34826,1.34189,53.6,26.99,0.00571,0.001957,0.003326,1.36596,1.345,BUY,BUY,BUY,SELL,60,18
2026-09-07 12:54:06,1.3547,1.35324,1.34827,1.34189,53.84,26.99,0.00572,0.001973,0.003329,1.36597,1.34501,BUY,BUY,BUY,SELL,60,18
2026-09-07 13:10:00,1.3543,1.3532,1.34826,1.34189,53.36,26.99,0.00572,0.001941,0.003323,1.36596,1.34498,BUY,BUY,BUY,SELL,60,18
2026-09-07 13:25:53,1.3543,1.3532,1.34826,1.34189,53.36,26.99,0.00572,0.001941,0.003323,1.36596,1.34498,BUY,BUY,BUY,SELL,60,18
2026-09-07 13:41:47,1.3543,1.3532,1.34826,1.34189,53.36,26.99,0.00572,0.001941,0.003323,1.36596,1.34498,BUY,BUY,BUY,SELL,60,18
2026-09-07 13:57:41,1.3542,1.35319,1.34825,1.34189,53.24,26.99,0.00572,0.001933,0.003321,1.36595,1.34498,BUY,BUY,BUY,SELL,60,18
2026-09-07 14:13:35,1.3541,1.35318,1.34825,1.34189,53.12,26.99,0.00572,0.001925,0.00332,1.36595,1.34497,BUY,BUY,BUY,SELL,60,18
2026-09-07 14:29:29,1.3541,1.35318,1.34825,1.34189,53.12,26.99,0.00572,0.001925,0.00332,1.36595,1.34497,BUY,BUY,BUY,SELL,60,18
2026-09-07 14:45:23,1.3542,1.35319,1.34825,1.34189,53.24,26.99,0.00572,0.001933,0.003321,1.36595,1.34498,BUY,BUY,BUY,SELL,60,18
2026-09-07 15:01:17,1.3541,1.35318,1.34825,1.34189,53.12,26.99,0.00572,0.001925,0.00332,1.36595,1.34497,BUY,BUY,BUY,SELL,60,18
2026-09-07 15:17:10,1.354,1.35317,1.34824,1.34189,53.0,26.99,0.00572,0.001917,0.003318,1.36595,1.34496,BUY,BUY,BUY,SELL,60,18
2026-09-07 15:33:05,1.3539,1.35316,1.34824,1.34188,52.87,26.99,0.00572,0.001909,0.003317,1.36595,1.34495,BUY,BUY,BUY,SELL,60,18
2026-09-07 15:48:59,1.3539,1.35316,1.34824,1.34188,52.87,26.99,0.00572,0.001909,0.003317,1.36595,1.34495,BUY,BUY,BUY,SELL,60,18
2026-09-07 16:04:53,1.3539,1.35316,1.34824,1.34188,52.87,26.99,0.00572,0.001909,0.003317,1.36595,1.34495,BUY,BUY,BUY,SELL,60,18
2026-09-07 16:20:47,1.354,1.35317,1.34824,1.34189,53.0,26.99,0.00572,0.001917,0.003318,1.36595,1.34496,BUY,BUY,BUY,SELL,60,18
2026-09-07 16:36:41,1.3541,1.35318,1.34825,1.34189,53.12,26.99,0.00572,0.001925,0.00332,1.36595,1.34497,BUY,BUY,BUY,SELL,60,18
2026-09-07 16:52:35,1.354,1.35317,1.34824,1.34189,53.0,26.99,0.00572,0.001917,0.003318,1.36595,1.34496,BUY,BUY,BUY,SELL,60,18
2026-09-07 17:06:58,1.3537,1.35314,1.34823,1.34188,52.63,26.99,0.00572,0.001893,0.003313,1.36594,1.34494,BUY,BUY,NEUTRAL,SELL,52,18
2026-09-07 17:22:52,1.3537,1.35314,1.34823,1.34188,52.63,26.99,0.00572,0.001893,0.003313,1.36594,1.34494,BUY,BUY,NEUTRAL,SELL,52,18
2026-09-07 17:38:46,1.3539,1.35316,1.34824,1.34188,52.87,26.99,0.00572,0.001909,0.003317,1.36595,1.34495,BUY,BUY,BUY,SELL,60,18
2026-09-07 17:54:40,1.354,1.35317,1.34824,1.34189,53.0,26.99,0.00572,0.001917,0.003318,1.36595,1.34496,BUY,BUY,NEUTRAL,SELL,52,18
2026-09-07 18:10:34,1.3541,1.35325,1.34847,1.34201,53.14,25.73,0.00534,0.001779,0.003009,1.36591,1.34533,BUY,BUY,BUY,SELL,60,18
2026-09-07 18:26:28,1.3543,1.35327,1.34848,1.34201,53.4,25.73,0.00534,0.001795,0.003012,1.36591,1.34535,BUY,BUY,BUY,SELL,60,18
2026-09-07 18:42:22,1.3542,1.35326,1.34847,1.34201,53.27,25.73,0.00534,0.001787,0.003011,1.36591,1.34534,BUY,BUY,BUY,SELL,60,18
2026-09-07 18:58:16,1.3543,1.35327,1.34848,1.34201,53.4,25.73,0.00534,0.001795,0.003012,1.36591,1.34535,BUY,BUY,BUY,SELL,60,18
2026-09-07 19:14:10,1.3544,1.35328,1.34848,1.34201,53.53,25.73,0.00536,0.001803,0.003014,1.36592,1.34535,BUY,BUY,BUY,SELL,60,18
2026-09-07 19:30:04,1.3546,1.3533,1.34849,1.34201,53.78,25.73,0.00538,0.001819,0.003017,1.36592,1.34537,BUY,BUY,BUY,SELL,60,18
2026-09-07 19:45:58,1.3548,1.35332,1.3485,1.34201,54.03,25.75,0.00539,0.001835,0.00302,1.36593,1.34538,BUY,BUY,BUY,SELL,60,18
2026-09-07 20:01:52,1.3547,1.35331,1.34849,1.34201,53.91,25.75,0.00539,0.001827,0.003019,1.36593,1.34537,BUY,BUY,BUY,STRONG_SELL,60,8
2026-09-07 20:17:46,1.3541,1.35325,1.34847,1.34201,53.14,25.75,0.00539,0.001779,0.003009,1.36591,1.34533,BUY,BUY,BUY,SELL,60,18
2026-09-07 20:33:40,1.3544,1.35328,1.34848,1.34201,53.53,25.75,0.00539,0.001803,0.003014,1.36592,1.34535,BUY,BUY,BUY,STRONG_SELL,60,8
2026-09-07 20:49:33,1.3544,1.35328,1.34848,1.34201,53.53,25.75,0.00539,0.001803,0.003014,1.36592,1.34535,BUY,BUY,BUY,SELL,60,18
2026-09-07 21:05:27,1.3542,1.35326,1.34847,1.34201,53.27,25.75,0.00539,0.001787,0.003011,1.36591,1.34534,BUY,BUY,BUY,SELL,60,18
2026-09-07 21:21:21,1.3543,1.35327,1.34848,1.34201,53.4,25.75,0.00539,0.001795,0.003012,1.36591,1.34535,BUY,BUY,BUY,STRONG_SELL,60,8
2026-09-07 21:37:15,1.3546,1.3533,1.34849,1.34201,53.78,25.78,0.00539,0.001819,0.003017,1.36592,1.34537,BUY,BUY,BUY,STRONG_SELL,60,8
2026-09-07 22:04:02,1.3548,1.35332,1.3485,1.34201,54.03,25.78,0.00539,0.001835,0.00302,1.36593,1.34538,BUY,BUY,BUY,STRONG_SELL,60,8
2026-09-07 22:07:15,1.3547,1.35331,1.34849,1.34201,53.91,25.78,0.00539,0.001827,0.003019,1.36593,1.34537,BUY,BUY,BUY,STRONG_SELL,60,8
2026-09-07 22:10:03,1.3545,1.35329,1.34849,1.34201,53.65,25.78,0.00539,0.001811,0.003015,1.36592,1.34536,BUY,BUY,BUY,STRONG_SELL,60,8
2026-09-07 22:14:21,1.3542,1.35326,1.34847,1.34201,53.27,25.78,0.00539,0.001787,0.003011,1.36591,1.34534,BUY,BUY,BUY,STRONG_SELL,60,8
2026-09-08 08:03:05,1.3544,1.35328,1.34848,1.34201,53.53,25.85,0.00553,0.001803,0.003014,1.36592,1.34535,BUY,BUY,BUY,SELL,60,18
2026-09-08 08:18:59,1.3547,1.35331,1.34849,1.34201,53.91,25.85,0.00553,0.001827,0.003019,1.36593,1.34537,BUY,BUY,BUY,SELL,60,18
2026-09-08 08:34:54,1.355,1.35334,1.34851,1.34201,54.28,25.85,0.00553,0.001851,0.003023,1.36594,1.34539,BUY,BUY,BUY,SELL,60,18
2026-09-08 08:50:47,1.3553,1.35336,1.34852,1.34202,54.65,25.89,0.00554,0.001875,0.003028,1.36595,1.34541,BUY,BUY,BUY,SELL,60,18
2026-09-08 09:06:41,1.3556,1.35339,1.34853,1.34202,55.02,25.94,0.00556,0.001899,0.003033,1.36596,1.34543,BUY,BUY,BUY,SELL,40,18
2026-09-08 09:22:35,1.356,1.35343,1.34854,1.34202,55.5,26.02,0.00559,0.001931,0.003039,1.36598,1.34545,BUY,STRONG_BUY,BUY,STRONG_SELL,40,8
2026-09-08 09:38:29,1.3555,1.35338,1.34852,1.34202,54.9,26.04,0.00559,0.001891,0.003031,1.36596,1.34542,BUY,BUY,BUY,SELL,60,18
2026-09-08 09:54:22,1.3553,1.35336,1.34852,1.34202,54.65,26.04,0.00559,0.001875,0.003028,1.36595,1.34541,BUY,BUY,BUY,SELL,60,18
2026-09-08 10:10:17,1.3548,1.35332,1.3485,1.34201,54.03,26.04,0.00559,0.001835,0.00302,1.36593,1.34538,BUY,BUY,BUY,SELL,60,18
2026-09-08 10:26:11,1.3554,1.35337,1.34852,1.34202,54.78,26.04,0.00559,0.001883,0.00303,1.36595,1.34542,BUY,BUY,BUY,SELL,60,18
2026-09-08 10:42:05,1.3552,1.35335,1.34851,1.34202,54.53,26.04,0.00559,0.001867,0.003027,1.36594,1.34541,BUY,BUY,BUY,STRONG_SELL,60,8
2026-09-08 10:58:00,1.3551,1.35335,1.34851,1.34202,54.41,26.04,0.00559,0.001859,0.003025,1.36594,1.3454,BUY,BUY,BUY,STRONG_SELL,60,8
2026-09-08 11:13:54,1.3549,1.35333,1.3485,1.34201,54.16,26.04,0.00559,0.001843,0.003022,1.36593,1.34539,BUY,BUY,BUY,STRONG_SELL,60,8
2026-09-08 11:29:48,1.3547,1.35331,1.34849,1.34201,53.91,26.04,0.00559,0.001827,0.003019,1.36593,1.34537,BUY,BUY,BUY,SELL,60,18
2026-09-08 11:45:42,1.354,1.35324,1.34847,1.342,53.01,26.04,0.00559,0.001771,0.003008,1.36591,1.34532,BUY,BUY,BUY,SELL,60,18
2026-09-08 12:01:36,1.3539,1.35323,1.34846,1.342,52.87,26.04,0.00559,0.001764,0.003006,1.36591,1.34531,BUY,BUY,BUY,SELL,60,18
2026-09-08 12:17:30,1.3535,1.35319,1.34845,1.342,52.29,26.04,0.00559,0.001732,0.003,1.3659,1.34528,BUY,BUY,NEUTRAL,SELL,52,18
2026-09-08 14:31:25,1.3544,1.35328,1.34848,1.34201,53.53,26.04,0.00559,0.001803,0.003014,1.36592,1.34535,BUY,BUY,BUY,SELL,60,18
2026-09-08 14:47:19,1.3551,1.35335,1.34851,1.34202,54.41,26.04,0.00559,0.001859,0.003025,1.36594,1.3454,BUY,BUY,BUY,STRONG_SELL,60,8
2026-09-08 15:03:13,1.3547,1.35331,1.34849,1.34201,53.91,26.04,0.00559,0.001827,0.003019,1.36593,1.34537,BUY,BUY,BUY,STRONG_SELL,60,8
2026-09-08 15:19:06,1.3543,1.35327,1.34848,1.34201,53.4,26.04,0.00559,0.001795,0.003012,1.36591,1.34535,BUY,BUY,BUY,SELL,60,18
2026-09-08 15:35:00,1.3542,1.35326,1.34847,1.34201,53.27,26.04,0.00559,0.001787,0.003011,1.36591,1.34534,BUY,BUY,BUY,SELL,60,18
2026-09-08 15:50:54,1.354,1.35324,1.34847,1.342,53.01,26.04,0.00559,0.001771,0.003008,1.36591,1.34532,BUY,BUY,BUY,SELL,60,18
2026-09-08 16:06:47,1.3538,1.35322,1.34846,1.342,52.73,26.04,0.00559,0.001756,0.003004,1.36591,1.3453,BUY,BUY,NEUTRAL,SELL,52,18
2026-09-08 16:22:41,1.3541,1.35325,1.34847,1.34201,53.14,26.04,0.00559,0.001779,0.003009,1.36591,1.34533,BUY,BUY,BUY,SELL,60,18
2026-09-08 16:38:35,1.3542,1.35326,1.34847,1.34201,53.27,26.04,0.00559,0.001787,0.003011,1.36591,1.34534,BUY,BUY,BUY,SELL,60,18
2026-09-08 16:54:29,1.3541,1.35325,1.34847,1.34201,53.14,26.04,0.00559,0.001779,0.003009,1.36591,1.34533,BUY,BUY,BUY,SELL,60,18
2026-09-08 17:10:22,1.3533,1.35317,1.34844,1.342,52.0,26.04,0.00559,0.001716,0.002996,1.3659,1.34526,BUY,BUY,NEUTRAL,SELL,52,18
2026-09-08 17:26:16,1.3533,1.35317,1.34844,1.342,52.0,26.04,0.00559,0.001716,0.002996,1.3659,1.34526,BUY,BUY,SELL,SELL,52,18
2026-09-08 17:42:10,1.3533,1.35317,1.34844,1.342,52.0,26.04,0.00559,0.001716,0.002996,1.3659,1.34526,BUY,BUY,NEUTRAL,SELL,52,18
2026-09-08 17:58:04,1.3532,1.35316,1.34843,1.342,51.86,26.04,0.00559,0.001708,0.002995,1.3659,1.34525,BUY,BUY,SELL,SELL,52,18
2026-09-08 18:37:55,1.354,1.35324,1.34865,1.34212,52.97,25.16,0.00526,0.001594,0.002715,1.36575,1.34588,BUY,BUY,BUY,SELL,60,18
2026-09-08 18:53:48,1.354,1.35324,1.34865,1.34212,52.97,25.16,0.00526,0.001594,0.002715,1.36575,1.34588,BUY,BUY,BUY,SELL,60,18
2026-09-08 19:09:41,1.3542,1.35326,1.34866,1.34212,53.24,25.16,0.00526,0.00161,0.002718,1.36575,1.3459,BUY,BUY,BUY,SELL,60,18
2026-09-08 20:22:01,1.3546,1.3533,1.34868,1.34212,53.77,25.16,0.0053,0.001642,0.002724,1.36576,1.34593,BUY,BUY,BUY,STRONG_SELL,60,8
2026-09-08 20:37:54,1.3544,1.35328,1.34867,1.34212,53.51,25.16,0.0053,0.001626,0.002721,1.36576,1.34591,BUY,BUY,BUY,STRONG_SELL,60,8
2026-09-08 20:53:48,1.3546,1.3533,1.34868,1.34212,53.77,25.16,0.0053,0.001642,0.002724,1.36576,1.34593,BUY,BUY,BUY,STRONG_SELL,60,8
2026-09-08 21:09:41,1.3546,1.3533,1.34868,1.34212,53.77,25.16,0.00531,0.001642,0.002724,1.36576,1.34593,BUY,BUY,BUY,STRONG_SELL,60,8
2026-09-08 21:25:35,1.3544,1.35328,1.34867,1.34212,53.51,25.16,0.00531,0.001626,0.002721,1.36576,1.34591,BUY,BUY,BUY,SELL,60,18
2026-09-08 21:41:29,1.3543,1.35327,1.34866,1.34212,53.38,25.16,0.00531,0.001618,0.002719,1.36576,1.3459,BUY,BUY,BUY,STRONG_SELL,60,8
2026-09-08 21:57:23,1.3546,1.3533,1.34868,1.34212,53.77,25.16,0.00531,0.001642,0.002724,1.36576,1.34593,BUY,BUY,BUY,STRONG_SELL,60,8
2026-09-08 22:13:17,1.3545,1.35329,1.34867,1.34212,53.64,25.16,0.00531,0.001634,0.002723,1.36576,1.34592,BUY,BUY,BUY,STRONG_SELL,60,8
2026-09-08 22:29:10,1.3542,1.35326,1.34866,1.34212,53.24,25.16,0.00531,0.00161,0.002718,1.36575,1.3459,BUY,BUY,BUY,STRONG_SELL,60,8
2026-09-08 22:45:04,1.3543,1.35327,1.34866,1.34212,53.38,25.16,0.00531,0.001618,0.002719,1.36576,1.3459,BUY,BUY,BUY,STRONG_SELL,60,8
2026-09-08 23:00:57,1.3547,1.35331,1.34868,1.34212,53.9,25.16,0.00531,0.00165,0.002726,1.36577,1.34593,BUY,BUY,BUY,STRONG_SELL,60,8
2026-09-08 23:16:51,1.3545,1.35328,1.34867,1.34212,53.51,25.16,0.00531,0.001626,0.002721,1.36576,1.34591,BUY,BUY,BUY,STRONG_SELL,60,8
2026-09-08 23:32:44,1.3544,1.35328,1.34867,1.34212,53.51,25.16,0.00531,0.001626,0.002721,1.36576,1.34591,BUY,BUY,BUY,STRONG_SELL,60,8
2026-09-09 08:04:15,1.3563,1.35347,1.34875,1.34214,55.94,25.3,0.00545,0.001781,0.002757,1.36581,1.34607,BUY,STRONG_BUY,BUY,STRONG_SELL,40,8
2026-09-09 08:20:10,1.356,1.35345,1.34874,1.34214,55.57,25.3,0.00545,0.001757,0.002752,1.36579,1.34606,BUY,STRONG_BUY,BUY,STRONG_SELL,40,8
2026-09-09 08:36:03,1.3554,1.35339,1.34871,1.34213,54.83,25.3,0.00545,0.001709,0.002742,1.36577,1.34602,BUY,BUY,BUY,STRONG_SELL,60,8
2026-09-09 08:51:57,1.3549,1.35334,1.34869,1.34213,54.18,25.3,0.00545,0.001669,0.002734,1.36575,1.34599,BUY,BUY,BUY,STRONG_SELL,60,8
2026-09-09 09:07:51,1.3554,1.35339,1.34871,1.34213,54.83,25.3,0.00545,0.001709,0.002742,1.36577,1.34602,BUY,BUY,BUY,STRONG_SELL,60,8
2026-09-09 09:23:44,1.355,1.35335,1.3487,1.34213,54.31,25.3,0.00545,0.001677,0.002736,1.36575,1.346,BUY,BUY,BUY,STRONG_SELL,60,8
2026-09-09 09:39:38,1.3554,1.35339,1.34871,1.34213,54.83,25.3,0.00545,0.001709,0.002742,1.36577,1.34602,BUY,BUY,BUY,STRONG_SELL,60,8
2026-09-09 09:55:32,1.356,1.35345,1.34874,1.34214,55.57,25.3,0.00545,0.001757,0.002752,1.36579,1.34606,BUY,STRONG_BUY,BUY,STRONG_SELL,40,8
2026-09-09 10:11:25,1.356,1.35345,1.34874,1.34214,55.57,25.3,0.00545,0.001757,0.002752,1.36579,1.34606,BUY,STRONG_BUY,BUY,STRONG_SELL,40,8
2026-09-09 10:27:19,1.3561,1.35346,1.34874,1.34214,55.69,25.3,0.00545,0.001765,0.002753,1.3658,1.34606,BUY,STRONG_BUY,BUY,STRONG_SELL,40,8
2026-09-09 10:43:13,1.3559,1.35344,1.34873,1.34214,55.45,25.3,0.00545,0.001749,0.00275,1.36579,1.34605,BUY,BUY,BUY,STRONG_SELL,40,8
2026-09-09 10:59:06,1.3561,1.35346,1.34874,1.34214,55.69,25.3,0.00545,0.001765,0.002753,1.3658,1.34606,BUY,STRONG_BUY,BUY,STRONG_SELL,40,8
2026-09-09 12:04:47,1.3555,1.3534,1.34872,1.34213,54.95,25.3,0.00545,0.001717,0.002744,1.36577,1.34603,BUY,BUY,BUY,STRONG_SELL,60,8
2026-09-09 12:20:42,1.3546,1.35331,1.34868,1.34212,53.79,25.3,0.00545,0.001645,0.00273,1.36574,1.34597,BUY,BUY,BUY,SELL,60,18
2026-09-09 12:36:35,1.3549,1.35334,1.34869,1.34213,54.18,25.3,0.00545,0.001669,0.002734,1.36575,1.34599,BUY,BUY,BUY,STRONG_SELL,60,8
2026-09-09 12:52:29,1.3553,1.35338,1.34871,1.34213,54.7,25.3,0.00545,0.001701,0.002741,1.36576,1.34602,BUY,BUY,BUY,STRONG_SELL,60,8
2026-09-09 13:08:23,1.3557,1.35342,1.34873,1.34213,55.2,25.3,0.00545,0.001733,0.002747,1.36578,1.34604,BUY,BUY,BUY,STRONG_SELL,40,8
2026-09-09 13:24:16,1.356,1.35345,1.34874,1.34214,55.57,25.3,0.00545,0.001757,0.002752,1.36579,1.34606,BUY,STRONG_BUY,BUY,STRONG_SELL,40,8
2026-09-09 13:40:10,1.3557,1.35342,1.34873,1.34213,55.2,25.3,0.00545,0.001733,0.002747,1.36578,1.34604,BUY,BUY,BUY,STRONG_SELL,40,8
2026-09-09 13:56:05,1.3559,1.35344,1.34873,1.34214,55.45,25.3,0.00545,0.001749,0.00275,1.36579,1.34605,BUY,BUY,BUY,STRONG_SELL,40,8
2026-09-09 14:11:59,1.3559,1.35344,1.34873,1.34214,55.45,25.3,0.00545,0.001749,0.00275,1.36579,1.34605,BUY,BUY,BUY,STRONG_SELL,40,8
2026-09-09 14:27:53,1.3556,1.35341,1.34872,1.34213,55.08,25.3,0.00545,0.001725,0.002746,1.36578,1.34603,BUY,BUY,BUY,STRONG_SELL,40,8
2026-09-09 14:43:47,1.3551,1.35336,1.3487,1.34213,54.44,25.3,0.00545,0.001685,0.002738,1.36576,1.346,BUY,BUY,BUY,STRONG_SELL,60,8
2026-09-09 14:59:41,1.3546,1.35331,1.34868,1.34212,53.79,25.3,0.00545,0.001645,0.00273,1.36574,1.34597,BUY,BUY,BUY,SELL,60,18
2026-09-09 15:15:35,1.3542,1.35327,1.34867,1.34212,53.25,25.3,0.00545,0.001613,0.002723,1.36573,1.34594,BUY,BUY,BUY,SELL,60,18
2026-09-09 15:31:28,1.3543,1.35328,1.34867,1.34212,53.39,25.3,0.00545,0.001621,0.002725,1.36573,1.34595,BUY,BUY,BUY,SELL,60,18
2026-09-09 15:47:22,1.3546,1.35331,1.34868,1.34212,53.79,25.3,0.00545,0.001645,0.00273,1.36574,1.34597,BUY,BUY,BUY,STRONG_SELL,60,8
2026-09-09 16:03:16,1.3545,1.3533,1.34868,1.34212,53.66,25.3,0.00545,0.001637,0.002728,1.36574,1.34596,BUY,BUY,BUY,SELL,60,18
2026-09-09 16:19:09,1.3541,1.35326,1.34866,1.34212,53.12,25.3,0.00545,0.001605,0.002722,1.36573,1.34593,BUY,BUY,BUY,SELL,60,18
2026-09-09 16:35:03,1.3546,1.35331,1.34868,1.34212,53.79,25.3,0.00545,0.001645,0.00273,1.36574,1.34597,BUY,BUY,BUY,STRONG_SELL,60,8
2026-09-09 16:50:57,1.3546,1.35331,1.34868,1.34212,53.79,25.3,0.00545,0.001645,0.00273,1.36574,1.34597,BUY,BUY,BUY,STRONG_SELL,60,8
2026-09-09 18:49:36,1.3551,1.35345,1.34892,1.34225,54.53,24.61,0.00513,0.001589,0.002496,1.3655,1.34682,BUY,BUY,BUY,STRONG_SELL,55,3
2026-09-09 19:05:29,1.3552,1.35346,1.34892,1.34225,54.67,24.61,0.00513,0.001597,0.002498,1.3655,1.34683,BUY,BUY,BUY,STRONG_SELL,55,3
2026-09-09 19:21:23,1.3552,1.35346,1.34892,1.34225,54.67,24.61,0.00514,0.001597,0.002498,1.3655,1.34683,BUY,BUY,BUY,STRONG_SELL,55,3
2026-09-09 19:37:17,1.3551,1.35345,1.34892,1.34225,54.53,24.61,0.00514,0.001589,0.002496,1.3655,1.34682,BUY,BUY,BUY,STRONG_SELL,55,3
2026-09-09 19:53:12,1.355,1.35344,1.34892,1.34225,54.39,24.61,0.00514,0.001581,0.002495,1.36549,1.34682,BUY,BUY,BUY,STRONG_SELL,55,3
2026-09-09 20:09:07,1.3547,1.35341,1.3489,1.34225,53.97,24.61,0.00514,0.001557,0.00249,1.36549,1.34679,BUY,BUY,BUY,SELL,55,13
2026-09-09 20:25:01,1.3545,1.35339,1.3489,1.34224,53.69,24.61,0.00514,0.001541,0.002487,1.36548,1.34678,BUY,BUY,BUY,SELL,55,13
2026-09-09 20:40:56,1.3548,1.35342,1.34891,1.34225,54.11,24.61,0.00514,0.001565,0.002492,1.36549,1.3468,BUY,BUY,BUY,SELL,55,13
2026-09-09 20:56:51,1.3548,1.35342,1.34891,1.34225,54.11,24.61,0.00514,0.001565,0.002492,1.36549,1.3468,BUY,BUY,BUY,SELL,55,13
2026-09-09 21:12:47,1.3549,1.35343,1.34891,1.34225,54.25,24.61,0.00514,0.001573,0.002493,1.36549,1.34681,BUY,BUY,BUY,SELL,55,13
2026-09-09 21:28:42,1.3548,1.35342,1.34891,1.34225,54.11,24.61,0.00514,0.001565,0.002492,1.36549,1.3468,BUY,BUY,BUY,SELL,55,13
2026-09-09 21:44:36,1.3548,1.35342,1.34891,1.34225,54.11,24.61,0.00514,0.001565,0.002492,1.36549,1.3468,BUY,BUY,BUY,SELL,55,13
2026-09-09 22:00:30,1.3558,1.35351,1.34895,1.34226,55.48,24.61,0.00517,0.001645,0.002508,1.36552,1.34687,BUY,BUY,BUY,STRONG_SELL,35,3
2026-09-09 22:16:23,1.3555,1.35349,1.34894,1.34225,55.08,24.61,0.00519,0.001621,0.002503,1.36551,1.34685,BUY,BUY,BUY,STRONG_SELL,35,3
2026-09-10 08:10:23,1.3523,1.35318,1.34881,1.34222,50.27,24.27,0.00534,0.001366,0.002452,1.3655,1.34654,BUY,NEUTRAL,SELL,SELL,26,13
2026-09-10 08:26:17,1.3521,1.35316,1.3488,1.34222,49.98,24.09,0.00539,0.00135,0.002449,1.36551,1.34651,BUY,NEUTRAL,SELL,SELL,26,13
2026-09-10 08:38:51,1.3495,1.35291,1.3487,1.34219,46.44,23.58,0.00552,0.001143,0.002407,1.36565,1.34611,BUY,SELL,STRONG_SELL,SELL,26,30
2026-09-10 08:54:45,1.3508,1.35304,1.34875,1.34221,48.14,23.51,0.00554,0.001246,0.002428,1.36556,1.34633,BUY,SELL,STRONG_SELL,SELL,26,30
2026-09-10 09:10:39,1.35,1.35296,1.34872,1.3422,47.08,23.51,0.00554,0.001182,0.002415,1.36562,1.34619,BUY,SELL,STRONG_SELL,SELL,26,30
2026-09-10 09:26:32,1.3497,1.35293,1.34871,1.3422,46.69,23.51,0.00554,0.001158,0.00241,1.36564,1.34614,BUY,SELL,STRONG_SELL,SELL,26,30
2026-09-10 11:04:36,1.3529,1.35324,1.34883,1.34223,51.18,23.51,0.00554,0.001414,0.002461,1.36549,1.34661,BUY,NEUTRAL,SELL,SELL,26,13
2026-09-10 11:20:30,1.353,1.35325,1.34884,1.34223,51.33,23.51,0.00554,0.001422,0.002463,1.36548,1.34663,BUY,NEUTRAL,SELL,SELL,26,13
2026-09-10 11:36:23,1.3531,1.35326,1.34884,1.34223,51.48,23.51,0.00554,0.00143,0.002464,1.36548,1.34664,BUY,NEUTRAL,SELL,SELL,26,13
2026-09-10 11:52:17,1.3532,1.35327,1.34885,1.34223,51.64,23.51,0.00554,0.001438,0.002466,1.36548,1.34665,BUY,NEUTRAL,SELL,SELL,26,13
2026-09-10 12:08:11,1.3526,1.35321,1.34882,1.34222,50.72,23.51,0.00554,0.00139,0.002456,1.36549,1.34658,BUY,NEUTRAL,SELL,SELL,26,13
2026-09-10 12:24:04,1.353,1.35325,1.34884,1.34223,51.33,23.51,0.00554,0.001422,0.002463,1.36548,1.34663,BUY,NEUTRAL,SELL,SELL,26,13
2026-09-10 12:39:58,1.3524,1.35319,1.34881,1.34222,50.42,23.51,0.00554,0.001374,0.002453,1.3655,1.34655,BUY,NEUTRAL,SELL,SELL,26,13
2026-09-10 12:55:51,1.3524,1.35319,1.34881,1.34222,50.42,23.51,0.00554,0.001374,0.002453,1.3655,1.34655,BUY,NEUTRAL,SELL,SELL,26,13
2026-09-10 13:11:45,1.3525,1.3532,1.34882,1.34222,50.57,23.51,0.00554,0.001382,0.002455,1.36549,1.34657,BUY,NEUTRAL,SELL,SELL,26,13
2026-09-10 13:27:39,1.3528,1.35323,1.34883,1.34223,51.02,23.51,0.00554,0.001406,0.00246,1.36549,1.3466,BUY,NEUTRAL,SELL,SELL,26,13
2026-09-10 13:43:33,1.3526,1.35321,1.34882,1.34222,50.72,23.51,0.00554,0.00139,0.002456,1.36549,1.34658,BUY,NEUTRAL,SELL,SELL,26,13
2026-09-10 13:59:27,1.3521,1.35316,1.3488,1.34222,49.98,23.51,0.00554,0.00135,0.002449,1.36551,1.34651,BUY,NEUTRAL,SELL,SELL,26,13
2026-09-10 14:15:20,1.3511,1.35307,1.34876,1.34221,48.55,23.51,0.00554,0.00127,0.002433,1.36555,1.34637,BUY,SELL,STRONG_SELL,SELL,26,30
2026-09-10 14:31:14,1.3513,1.35309,1.34877,1.34221,48.83,23.51,0.00554,0.001286,0.002436,1.36554,1.3464,BUY,SELL,STRONG_SELL,SELL,26,30
2026-09-10 14:47:08,1.3511,1.35307,1.34876,1.34221,48.55,23.51,0.00554,0.00127,0.002433,1.36555,1.34637,BUY,SELL,STRONG_SELL,SELL,26,30
2026-09-10 15:03:01,1.351,1.35306,1.34876,1.34221,48.42,23.51,0.00554,0.001262,0.002431,1.36555,1.34636,BUY,SELL,STRONG_SELL,SELL,26,30
2026-09-10 15:18:55,1.3508,1.35304,1.34875,1.34221,48.14,23.51,0.00554,0.001246,0.002428,1.36556,1.34633,BUY,SELL,STRONG_SELL,SELL,26,30
2026-09-10 15:34:49,1.3511,1.35307,1.34876,1.34221,48.55,23.51,0.00554,0.00127,0.002433,1.36555,1.34637,BUY,SELL,STRONG_SELL,SELL,26,30
2026-09-10 15:50:43,1.3509,1.35305,1.34875,1.34221,48.28,23.51,0.00554,0.001254,0.002429,1.36556,1.34634,BUY,SELL,STRONG_SELL,SELL,26,30
2026-09-10 16:06:37,1.3508,1.35304,1.34875,1.34221,48.14,23.51,0.00554,0.001246,0.002428,1.36556,1.34633,BUY,SELL,STRONG_SELL,SELL,26,30
2026-09-10 16:22:31,1.3506,1.35302,1.34874,1.3422,47.87,23.51,0.00554,0.00123,0.002425,1.36558,1.34629,BUY,SELL,STRONG_SELL,SELL,26,30
2026-09-10 16:38:24,1.351,1.35306,1.34876,1.34221,48.42,23.51,0.00554,0.001262,0.002431,1.36555,1.34636,BUY,SELL,STRONG_SELL,SELL,26,30
2026-09-11 08:37:34,1.3505,1.3528,1.34882,1.34229,47.71,22.07,0.00547,0.00092,0.002126,1.36565,1.34599,BUY,NEUTRAL,SELL,SELL,26,13
2026-09-11 08:53:27,1.3522,1.35296,1.34889,1.34231,50.26,22.07,0.00547,0.001056,0.002153,1.36558,1.34623,BUY,NEUTRAL,SELL,SELL,26,13
2026-09-11 09:09:21,1.3518,1.35292,1.34887,1.3423,49.67,22.07,0.00548,0.001024,0.002147,1.36559,1.34618,BUY,NEUTRAL,SELL,SELL,26,13
2026-09-11 13:18:39,1.3522,1.35296,1.34889,1.34231,50.26,22.07,0.00553,0.001056,0.002153,1.36558,1.34623,BUY,NEUTRAL,SELL,SELL,26,13
2026-09-11 13:34:33,1.3524,1.35298,1.34889,1.34231,50.55,22.07,0.00553,0.001072,0.002157,1.36557,1.34626,BUY,BUY,SELL,SELL,43,13
2026-09-11 13:50:27,1.3523,1.35297,1.34889,1.34231,50.4,22.07,0.00553,0.001064,0.002155,1.36558,1.34624,BUY,NEUTRAL,SELL,SELL,26,13
2026-09-11 15:28:09,1.3527,1.35301,1.34891,1.34231,50.97,22.07,0.00553,0.001096,0.002161,1.36557,1.34629,BUY,BUY,SELL,SELL,43,13
2026-09-11 15:44:03,1.3525,1.35299,1.3489,1.34231,50.69,22.07,0.00553,0.00108,0.002158,1.36557,1.34627,BUY,BUY,SELL,SELL,43,13
2026-09-11 15:59:57,1.3527,1.35301,1.34891,1.34231,50.97,22.07,0.00553,0.001096,0.002161,1.36557,1.34629,BUY,BUY,SELL,SELL,43,13
2026-09-11 16:15:51,1.3525,1.35299,1.3489,1.34231,50.69,22.07,0.00553,0.00108,0.002158,1.36557,1.34627,BUY,BUY,SELL,SELL,43,13
2026-09-11 16:31:44,1.3525,1.35299,1.3489,1.34231,50.69,22.07,0.00553,0.00108,0.002158,1.36557,1.34627,BUY,BUY,SELL,SELL,43,13
2026-09-11 16:47:38,1.3523,1.35297,1.34889,1.34231,50.4,22.07,0.00553,0.001064,0.002155,1.36558,1.34624,BUY,NEUTRAL,SELL,SELL,26,13
2026-09-13 18:14:16,1.3522,1.35287,1.34901,1.3424,50.28,20.72,0.00518,0.000883,0.001897,1.36559,1.34599,BUY,BUY,SELL,SELL,43,13
2026-09-13 18:30:10,1.3518,1.35283,1.34899,1.3424,49.65,20.72,0.0052,0.000851,0.00189,1.3656,1.34594,BUY,NEUTRAL,SELL,NEUTRAL,26,23
2026-09-13 18:46:04,1.3522,1.35287,1.34901,1.3424,50.28,20.72,0.0052,0.000883,0.001897,1.36559,1.34599,BUY,BUY,SELL,NEUTRAL,43,23
2026-09-13 19:01:58,1.3522,1.35287,1.34901,1.3424,50.28,20.72,0.0052,0.000883,0.001897,1.36559,1.34599,BUY,BUY,SELL,NEUTRAL,43,23
2026-09-13 19:17:51,1.3521,1.35286,1.349,1.3424,50.12,20.72,0.0052,0.000875,0.001895,1.36559,1.34598,BUY,BUY,SELL,NEUTRAL,43,23
2026-09-13 19:33:45,1.3521,1.35286,1.349,1.3424,50.12,20.72,0.0052,0.000875,0.001895,1.36559,1.34598,BUY,BUY,SELL,NEUTRAL,43,23
2026-09-13 19:49:39,1.3522,1.35287,1.34901,1.3424,50.28,20.72,0.0052,0.000883,0.001897,1.36559,1.34599,BUY,BUY,SELL,SELL,43,13
2026-09-13 20:05:33,1.3527,1.35292,1.34903,1.34241,51.05,20.72,0.0052,0.000922,0.001905,1.36558,1.34605,BUY,BUY,SELL,SELL,43,13
2026-09-13 20:21:26,1.3522,1.35287,1.34901,1.3424,50.28,20.72,0.0052,0.000883,0.001897,1.36559,1.34599,BUY,BUY,SELL,NEUTRAL,43,23
2026-09-13 20:37:20,1.3516,1.35281,1.34899,1.3424,49.34,20.72,0.00522,0.000835,0.001887,1.36561,1.34591,BUY,NEUTRAL,SELL,NEUTRAL,26,23
2026-09-13 20:53:14,1.3518,1.35283,1.34899,1.3424,49.65,20.72,0.00522,0.000851,0.00189,1.3656,1.34594,BUY,NEUTRAL,SELL,NEUTRAL,26,23
2026-09-13 21:09:07,1.3515,1.3528,1.34898,1.3424,49.19,20.72,0.00523,0.000827,0.001886,1.36561,1.3459,BUY,NEUTRAL,STRONG_SELL,NEUTRAL,26,23
2026-09-13 21:25:01,1.3515,1.3528,1.34898,1.3424,49.19,20.72,0.00524,0.000827,0.001886,1.36561,1.3459,BUY,NEUTRAL,SELL,NEUTRAL,26,23
2026-09-13 21:40:55,1.3517,1.35282,1.34899,1.3424,49.5,20.72,0.00524,0.000843,0.001889,1.36561,1.34592,BUY,NEUTRAL,SELL,NEUTRAL,26,23
2026-09-13 21:56:50,1.3516,1.35281,1.34899,1.3424,49.34,20.72,0.00524,0.000835,0.001887,1.36561,1.34591,BUY,NEUTRAL,SELL,NEUTRAL,26,23
2026-09-13 22:12:46,1.3519,1.35284,1.349,1.3424,49.81,20.72,0.00524,0.000859,0.001892,1.3656,1.34595,BUY,NEUTRAL,SELL,NEUTRAL,26,23
2026-09-14 06:20:19,1.348,1.35248,1.34885,1.34236,44.49,20.93,0.00552,0.000555,0.001831,1.36584,1.34533,BUY,SELL,STRONG_SELL,BUY,5,20
2026-09-14 19:08:26,1.3504,1.35244,1.34898,1.34246,47.69,20.33,0.00525,0.000464,0.001581,1.36576,1.34528,BUY,NEUTRAL,SELL,BUY,16,23
2026-09-14 19:24:20,1.3501,1.35241,1.34896,1.34246,47.2,20.33,0.00525,0.00044,0.001576,1.36578,1.34523,BUY,NEUTRAL,SELL,BUY,16,23
2026-09-14 19:40:14,1.3501,1.35241,1.34896,1.34246,47.2,20.33,0.00525,0.00044,0.001576,1.36578,1.34523,BUY,NEUTRAL,SELL,BUY,16,23
2026-09-14 19:56:08,1.35,1.3524,1.34896,1.34246,47.03,20.33,0.00525,0.000432,0.001574,1.36578,1.34522,BUY,NEUTRAL,SELL,NEUTRAL,26,23
2026-09-14 20:12:02,1.35,1.3524,1.34896,1.34246,47.03,20.33,0.00525,0.000432,0.001574,1.36578,1.34522,BUY,NEUTRAL,SELL,NEUTRAL,26,23
2026-09-14 21:03:40,1.3496,1.35236,1.34895,1.34245,46.41,20.33,0.00527,0.0004,0.001568,1.36581,1.34515,BUY,NEUTRAL,STRONG_SELL,BUY,16,23
2026-09-14 21:19:34,1.3493,1.35233,1.34893,1.34245,45.98,20.33,0.00528,0.000376,0.001563,1.36583,1.3451,BUY,NEUTRAL,STRONG_SELL,BUY,16,23
2026-09-14 21:35:28,1.3488,1.35228,1.34891,1.34244,45.27,20.33,0.00531,0.000336,0.001555,1.36586,1.34502,BUY,SELL,STRONG_SELL,BUY,5,40
2026-09-14 22:29:28,1.3486,1.35226,1.34891,1.34244,44.99,20.33,0.00533,0.00032,0.001552,1.36588,1.34498,BUY,SELL,STRONG_SELL,BUY,5,20
2026-09-15 02:49:56,1.3488,1.35228,1.34891,1.34244,45.27,20.33,0.00534,0.000336,0.001555,1.36586,1.34502,BUY,SELL,STRONG_SELL,BUY,5,40
2026-09-15 03:08:07,1.3489,1.35229,1.34892,1.34244,45.41,20.33,0.00534,0.000344,0.001557,1.36586,1.34503,BUY,SELL,STRONG_SELL,BUY,5,40
2026-09-15 03:14:16,1.3488,1.35228,1.34891,1.34244,45.27,20.33,0.00534,0.000336,0.001555,1.36586,1.34502,BUY,SELL,STRONG_SELL,BUY,5,40
2026-09-15 08:23:48,1.3473,1.35214,1.34885,1.34243,43.27,20.33,0.00548,0.000217,0.001531,1.366,1.34473,BUY,SELL,STRONG_SELL,BUY,5,20
2026-09-15 13:46:29,1.3487,1.35227,1.34891,1.34244,45.13,20.33,0.00548,0.000328,0.001554,1.36587,1.345,BUY,SELL,SELL,BUY,5,40
2026-09-15 17:55:57,1.3476,1.35217,1.34887,1.34243,43.66,20.33,0.00548,0.000241,0.001536,1.36597,1.34479,BUY,SELL,STRONG_SELL,BUY,5,20
