timestamp,close,ema20,ema50,ema200,rsi,adx,atr,macd,macd_signal,bb_upper,bb_lower,rec_w,rec_d,rec_4h,dxy_rec,score_b,score_s
2026-08-09 17:07:20,1.15637,1.14838,1.1493,1.15584,63.42,27.08,0.003,0.002675,0.000905,1.15931,1.13282,BUY,BUY,BUY,SELL,46,10
2026-08-09 17:12:51,1.15645,1.14838,1.1493,1.15584,63.51,27.08,0.003,0.002681,0.000906,1.15933,1.13281,BUY,BUY,BUY,,46,20
2026-08-09 17:28:31,1.15627,1.14837,1.1493,1.15584,63.32,27.08,0.003,0.002667,0.000903,1.15929,1.13283,BUY,BUY,BUY,SELL,46,10
2026-08-09 17:44:12,1.15589,1.14833,1.14928,1.15583,62.91,27.08,0.003,0.002636,0.000897,1.15922,1.13287,BUY,BUY,BUY,SELL,46,10
2026-08-09 17:59:52,1.15602,1.14834,1.14929,1.15583,63.05,27.08,0.003,0.002647,0.000899,1.15924,1.13285,BUY,BUY,BUY,SELL,46,10
2026-08-09 19:20:30,1.15568,1.14831,1.14927,1.15583,62.67,27.08,0.003,0.00262,0.000894,1.15917,1.13289,BUY,BUY,BUY,SELL,40,10
2026-08-09 19:36:10,1.15552,1.1483,1.14927,1.15583,62.39,27.08,0.003,0.002607,0.000891,1.15914,1.1329,BUY,NEUTRAL,BUY,SELL,32,10
2026-08-09 19:51:51,1.15573,1.14832,1.14928,1.15583,62.73,27.08,0.003,0.002624,0.000895,1.15918,1.13288,BUY,BUY,BUY,SELL,40,10
2026-08-09 20:07:32,1.15572,1.14832,1.14928,1.15583,62.72,27.08,0.003,0.002623,0.000894,1.15918,1.13288,BUY,BUY,BUY,SELL,40,10
2026-08-09 20:23:12,1.15559,1.1483,1.14927,1.15583,62.52,27.08,0.003,0.002612,0.000892,1.15916,1.1329,BUY,NEUTRAL,BUY,SELL,32,10
2026-08-09 20:38:53,1.15545,1.14829,1.14927,1.15583,62.26,27.08,0.003,0.002601,0.00089,1.15913,1.13291,BUY,NEUTRAL,BUY,SELL,32,10
2026-08-09 20:54:33,1.15574,1.14832,1.14928,1.15583,62.74,27.08,0.003,0.002624,0.000895,1.15919,1.13288,BUY,BUY,BUY,SELL,40,10
2026-08-09 21:04:04,1.15548,1.14829,1.14927,1.15583,62.32,27.08,0.003,0.002604,0.000891,1.15913,1.13291,BUY,NEUTRAL,BUY,SELL,32,10
2026-08-09 21:19:45,1.15553,1.1483,1.14927,1.15583,62.41,27.08,0.003,0.002608,0.000891,1.15914,1.1329,BUY,NEUTRAL,BUY,SELL,32,10
2026-08-09 21:35:27,1.1553,1.14828,1.14926,1.15583,61.99,27.08,0.003,0.002589,0.000888,1.1591,1.13292,BUY,NEUTRAL,BUY,SELL,32,10
2026-08-09 21:51:07,1.15543,1.14829,1.14926,1.15583,62.23,27.08,0.003,0.0026,0.00089,1.15912,1.13291,BUY,NEUTRAL,BUY,SELL,32,10
2026-08-09 22:04:27,1.15545,1.14829,1.14927,1.15583,62.26,27.08,0.003,0.002601,0.00089,1.15913,1.13291,BUY,NEUTRAL,BUY,SELL,32,10
2026-08-09 22:20:07,1.15545,1.14829,1.14927,1.15583,62.26,27.08,0.003,0.002601,0.00089,1.15913,1.13291,BUY,NEUTRAL,BUY,SELL,32,10
2026-08-09 22:35:48,1.15539,1.14828,1.14926,1.15583,62.15,27.08,0.003,0.002596,0.000889,1.15912,1.13291,BUY,NEUTRAL,BUY,SELL,32,10
2026-08-09 22:51:29,1.15523,1.14827,1.14926,1.15583,61.86,27.08,0.003,0.002584,0.000887,1.15909,1.13293,BUY,NEUTRAL,BUY,SELL,32,10
2026-08-09 23:07:09,1.155,1.14825,1.14925,1.15582,61.45,27.08,0.003,0.002565,0.000883,1.15904,1.13295,BUY,NEUTRAL,BUY,SELL,32,10
2026-08-10 08:03:04,1.15519,1.14826,1.14926,1.15582,61.79,27.08,0.003,0.00258,0.000886,1.15908,1.13293,BUY,NEUTRAL,BUY,SELL,32,10
2026-08-10 08:18:45,1.15508,1.14825,1.14925,1.15582,61.59,27.08,0.003,0.002572,0.000884,1.15906,1.13294,BUY,NEUTRAL,BUY,SELL,32,10
2026-08-10 08:34:25,1.1549,1.14824,1.14924,1.15582,61.27,27.08,0.003,0.002557,0.000881,1.15902,1.13296,BUY,NEUTRAL,BUY,NEUTRAL,32,20
2026-08-10 08:46:05,1.15465,1.14821,1.14923,1.15582,60.82,27.08,0.003,0.002537,0.000877,1.15898,1.13298,BUY,NEUTRAL,BUY,NEUTRAL,32,20
2026-08-10 09:01:46,1.15473,1.14822,1.14924,1.15582,60.97,27.08,0.003,0.002544,0.000879,1.15899,1.13297,BUY,NEUTRAL,BUY,NEUTRAL,32,20
2026-08-10 09:17:26,1.15522,1.14827,1.14926,1.15583,61.84,27.08,0.003,0.002583,0.000887,1.15908,1.13293,BUY,NEUTRAL,BUY,SELL,32,10
2026-08-10 09:33:07,1.15508,1.14825,1.14925,1.15582,61.59,27.08,0.003,0.002572,0.000884,1.15906,1.13294,BUY,NEUTRAL,BUY,NEUTRAL,32,20
2026-08-10 10:29:21,1.15521,1.14827,1.14926,1.15582,61.82,27.08,0.003,0.002582,0.000886,1.15908,1.13293,BUY,NEUTRAL,STRONG_BUY,SELL,32,10
2026-08-10 10:45:01,1.15537,1.14828,1.14926,1.15583,62.12,27.08,0.003,0.002595,0.000889,1.15911,1.13292,BUY,NEUTRAL,STRONG_BUY,SELL,32,10
2026-08-10 11:00:42,1.15512,1.14826,1.14925,1.15582,61.66,27.08,0.003,0.002575,0.000885,1.15907,1.13294,BUY,NEUTRAL,STRONG_BUY,SELL,32,10
2026-08-10 11:16:22,1.15522,1.14827,1.14926,1.15583,61.84,27.08,0.003,0.002583,0.000887,1.15908,1.13293,BUY,NEUTRAL,STRONG_BUY,SELL,32,10
2026-08-10 13:59:36,1.15426,1.14817,1.14922,1.15581,60.03,27.08,0.003,0.002501,0.00087,1.15889,1.13302,BUY,NEUTRAL,NEUTRAL,NEUTRAL,15,20
2026-08-10 14:15:17,1.15437,1.14819,1.14922,1.15582,60.34,27.08,0.003,0.002515,0.000873,1.15893,1.133,BUY,NEUTRAL,BUY,NEUTRAL,32,20
2026-08-10 14:30:57,1.15413,1.14816,1.14921,1.15581,59.92,27.08,0.003,0.002496,0.000869,1.15888,1.13302,BUY,NEUTRAL,NEUTRAL,NEUTRAL,15,20
2026-08-10 14:46:38,1.15438,1.14819,1.14922,1.15582,60.35,27.08,0.003,0.002516,0.000873,1.15893,1.133,BUY,NEUTRAL,BUY,NEUTRAL,32,20
2026-08-10 15:02:18,1.15409,1.14816,1.14921,1.15581,59.86,27.08,0.003,0.002493,0.000868,1.15888,1.13302,BUY,NEUTRAL,NEUTRAL,NEUTRAL,15,20
2026-08-10 15:17:59,1.1541,1.14816,1.14921,1.15581,59.87,27.08,0.003,0.002494,0.000869,1.15888,1.13302,BUY,NEUTRAL,NEUTRAL,NEUTRAL,15,20
2026-08-10 15:33:39,1.15411,1.14816,1.14921,1.15581,59.89,27.08,0.003,0.002494,0.000869,1.15888,1.13302,BUY,NEUTRAL,NEUTRAL,NEUTRAL,15,20
2026-08-10 15:49:20,1.15423,1.14817,1.14922,1.15582,60.1,27.08,0.003,0.002504,0.000871,1.1589,1.13301,BUY,NEUTRAL,NEUTRAL,NEUTRAL,15,20
2026-08-10 16:05:01,1.15419,1.14817,1.14922,1.15581,60.03,27.08,0.003,0.002501,0.00087,1.15889,1.13302,BUY,NEUTRAL,NEUTRAL,NEUTRAL,15,20
2026-08-10 16:20:42,1.15423,1.14817,1.14922,1.15582,60.1,27.08,0.003,0.002504,0.000871,1.1589,1.13301,BUY,NEUTRAL,NEUTRAL,NEUTRAL,15,20
2026-08-10 16:36:22,1.1542,1.14817,1.14922,1.15581,60.04,27.08,0.003,0.002502,0.00087,1.1589,1.13302,BUY,NEUTRAL,NEUTRAL,NEUTRAL,15,20
2026-08-10 18:04:55,1.15431,1.14876,1.14942,1.1558,60.18,27.59,0.003,0.002646,0.001225,1.15986,1.13329,BUY,BUY,BUY,NEUTRAL,40,20
2026-08-10 19:06:48,1.15432,1.14876,1.14942,1.1558,60.19,27.59,0.003,0.002646,0.001225,1.15987,1.13329,BUY,BUY,BUY,NEUTRAL,40,20
2026-08-10 19:22:29,1.1543,1.14875,1.14942,1.1558,60.15,27.59,0.003,0.002644,0.001225,1.15986,1.13329,BUY,BUY,BUY,NEUTRAL,40,20
2026-08-10 19:38:10,1.1543,1.14875,1.14942,1.1558,60.17,27.59,0.003,0.002645,0.001225,1.15986,1.13329,BUY,BUY,BUY,SELL,40,10
2026-08-10 19:53:51,1.15439,1.14876,1.14942,1.1558,60.28,27.59,0.003,0.002652,0.001227,1.15988,1.13328,BUY,BUY,BUY,SELL,40,10
2026-08-10 20:09:32,1.15461,1.14878,1.14943,1.1558,60.54,27.59,0.003,0.002669,0.00123,1.15992,1.13327,BUY,BUY,BUY,SELL,40,10
2026-08-10 20:48:46,1.15479,1.1488,1.14944,1.1558,60.76,27.59,0.003,0.002684,0.001233,1.15995,1.13326,BUY,BUY,BUY,SELL,40,10
2026-08-10 20:57:35,1.15463,1.14879,1.14943,1.1558,60.56,27.59,0.003,0.002671,0.00123,1.15992,1.13327,BUY,BUY,BUY,SELL,40,10
2026-08-10 21:33:50,1.15493,1.14881,1.14944,1.15581,60.92,27.59,0.00514,0.002695,0.001235,1.15997,1.13325,BUY,BUY,BUY,SELL,40,10
2026-08-10 21:40:59,1.15483,1.1488,1.14944,1.15581,60.8,27.59,0.00514,0.002687,0.001234,1.15995,1.13325,BUY,BUY,BUY,SELL,40,10
2026-08-10 21:52:37,1.15475,1.1488,1.14943,1.1558,60.71,27.59,0.00514,0.002681,0.001232,1.15994,1.13326,BUY,BUY,BUY,SELL,40,10
2026-08-11 08:09:25,1.154,1.14873,1.1494,1.1558,59.68,27.26,0.00521,0.002621,0.00122,1.15981,1.13331,BUY,NEUTRAL,BUY,SELL,32,10
2026-08-11 08:25:06,1.15355,1.14868,1.14939,1.15579,58.87,27.26,0.00521,0.002585,0.001213,1.15974,1.13334,NEUTRAL,NEUTRAL,NEUTRAL,SELL,15,10
2026-08-11 08:40:46,1.15382,1.14871,1.1494,1.1558,59.35,27.26,0.00521,0.002606,0.001217,1.15978,1.13332,BUY,NEUTRAL,BUY,SELL,32,10
2026-08-11 08:56:27,1.15407,1.14873,1.14941,1.1558,59.81,27.26,0.00521,0.002626,0.001221,1.15983,1.13331,BUY,NEUTRAL,BUY,SELL,32,10
2026-08-11 09:12:07,1.15437,1.14876,1.14942,1.1558,60.25,27.26,0.00521,0.00265,0.001226,1.15987,1.13329,BUY,BUY,BUY,SELL,40,10
2026-08-11 09:27:48,1.15423,1.14875,1.14941,1.1558,60.08,27.26,0.00521,0.002639,0.001224,1.15985,1.1333,BUY,BUY,BUY,SELL,40,10
2026-08-11 09:43:29,1.15438,1.14876,1.14942,1.1558,60.26,27.26,0.00521,0.002651,0.001226,1.15988,1.13329,BUY,BUY,BUY,SELL,40,10
2026-08-11 09:59:10,1.15437,1.14876,1.14942,1.1558,60.25,27.26,0.00521,0.00265,0.001226,1.15987,1.13329,BUY,BUY,BUY,SELL,40,10
2026-08-11 10:14:51,1.15411,1.14874,1.14941,1.1558,59.88,27.26,0.00521,0.00263,0.001222,1.15983,1.1333,BUY,BUY,BUY,SELL,40,10
2026-08-11 10:30:32,1.15391,1.14872,1.1494,1.1558,59.51,27.26,0.00521,0.002614,0.001219,1.1598,1.13332,BUY,NEUTRAL,NEUTRAL,SELL,15,10
2026-08-11 10:46:12,1.15424,1.14875,1.14941,1.1558,60.09,27.26,0.00521,0.00264,0.001224,1.15985,1.13329,BUY,BUY,BUY,SELL,40,10
2026-08-11 11:01:53,1.15427,1.14875,1.14941,1.1558,60.13,27.26,0.00521,0.002642,0.001225,1.15986,1.13329,BUY,BUY,BUY,SELL,40,10
2026-08-11 11:17:34,1.15376,1.1487,1.14939,1.15579,59.24,27.26,0.00521,0.002602,0.001217,1.15978,1.13332,BUY,NEUTRAL,NEUTRAL,SELL,15,10
2026-08-11 11:33:14,1.15403,1.14873,1.14941,1.1558,59.73,27.26,0.00521,0.002623,0.001221,1.15982,1.13331,BUY,NEUTRAL,NEUTRAL,SELL,15,10
2026-08-11 14:07:54,1.15366,1.14869,1.14939,1.15579,59.07,27.26,0.00521,0.002594,0.001215,1.15976,1.13333,BUY,NEUTRAL,NEUTRAL,SELL,15,10
2026-08-11 14:23:34,1.15359,1.14869,1.14939,1.15579,58.94,27.26,0.00521,0.002588,0.001214,1.15975,1.13333,NEUTRAL,NEUTRAL,NEUTRAL,SELL,15,10
2026-08-11 14:39:15,1.15402,1.14873,1.1494,1.1558,59.71,27.26,0.00521,0.002622,0.001221,1.15982,1.13331,BUY,NEUTRAL,NEUTRAL,SELL,15,10
2026-08-11 14:54:56,1.15397,1.14872,1.1494,1.1558,59.62,27.26,0.00521,0.002618,0.00122,1.15981,1.13331,BUY,NEUTRAL,NEUTRAL,SELL,15,10
2026-08-11 15:10:36,1.1542,1.14874,1.14941,1.1558,60.04,27.26,0.00521,0.002637,0.001224,1.15985,1.1333,BUY,BUY,BUY,SELL,40,10
2026-08-11 15:26:17,1.15418,1.14874,1.14941,1.1558,60.01,27.26,0.00521,0.002635,0.001223,1.15984,1.1333,BUY,BUY,BUY,SELL,40,10
2026-08-11 15:41:58,1.15425,1.14875,1.14941,1.1558,60.11,27.26,0.00521,0.002641,0.001224,1.15985,1.13329,BUY,BUY,BUY,SELL,40,10
2026-08-11 15:57:39,1.15423,1.14875,1.14941,1.1558,60.08,27.26,0.00521,0.002639,0.001224,1.15985,1.1333,BUY,BUY,BUY,SELL,40,10
2026-08-11 16:13:19,1.15424,1.14875,1.14941,1.1558,60.09,27.26,0.00521,0.00264,0.001224,1.15985,1.13329,BUY,BUY,BUY,SELL,40,10
2026-08-11 23:51:24,1.15359,1.14918,1.14957,1.15577,58.89,27.43,0.0049,0.002648,0.001505,1.16051,1.13332,NEUTRAL,NEUTRAL,NEUTRAL,SELL,15,10
2026-08-12 00:07:05,1.15358,1.14918,1.14957,1.15577,58.87,27.43,0.00491,0.002647,0.001505,1.16051,1.13333,NEUTRAL,NEUTRAL,NEUTRAL,SELL,15,10
2026-08-12 00:22:46,1.15339,1.14916,1.14956,1.15577,58.51,27.43,0.00492,0.002632,0.001502,1.16048,1.13333,NEUTRAL,BUY,NEUTRAL,SELL,15,10
2026-08-12 08:02:32,1.15429,1.14925,1.14959,1.15578,60.03,27.43,0.00496,0.002704,0.001516,1.16062,1.13329,BUY,BUY,BUY,SELL,40,10
2026-08-12 08:18:12,1.15432,1.14925,1.14959,1.15578,60.07,27.43,0.00496,0.002706,0.001517,1.16062,1.13329,BUY,BUY,BUY,SELL,40,10
2026-08-12 08:33:53,1.15463,1.14928,1.14961,1.15578,60.46,27.69,0.00505,0.002731,0.001522,1.16067,1.13327,BUY,BUY,BUY,SELL,40,10
2026-08-12 08:49:33,1.15558,1.14937,1.14964,1.15579,61.63,27.69,0.00505,0.002807,0.001537,1.16083,1.1332,BUY,BUY,STRONG_BUY,SELL,40,10
2026-08-12 09:05:14,1.15576,1.14939,1.14965,1.1558,61.85,27.69,0.00505,0.002821,0.00154,1.16086,1.13319,BUY,BUY,STRONG_BUY,SELL,40,10
2026-08-12 09:20:55,1.15529,1.14935,1.14963,1.15579,61.28,27.69,0.00505,0.002784,0.001532,1.16078,1.13322,BUY,BUY,STRONG_BUY,SELL,40,10
2026-08-12 09:36:35,1.15543,1.14936,1.14964,1.15579,61.45,27.69,0.00505,0.002795,0.001534,1.16081,1.13321,BUY,BUY,STRONG_BUY,SELL,40,10
2026-08-12 10:56:22,1.15419,1.14924,1.14959,1.15578,59.9,27.69,0.00505,0.002696,0.001515,1.1606,1.13329,BUY,BUY,BUY,SELL,40,10
2026-08-12 11:12:03,1.15414,1.14924,1.14959,1.15578,59.83,27.69,0.00505,0.002692,0.001514,1.1606,1.1333,BUY,BUY,BUY,SELL,40,10
2026-08-12 11:27:44,1.15412,1.14923,1.14959,1.15578,59.81,27.69,0.00505,0.00269,0.001514,1.16059,1.1333,BUY,BUY,BUY,SELL,40,10
2026-08-12 11:43:24,1.1538,1.1492,1.14957,1.15578,59.3,27.69,0.00505,0.002665,0.001508,1.16054,1.13331,BUY,NEUTRAL,NEUTRAL,SELL,15,10
2026-08-12 11:59:05,1.15391,1.14921,1.14958,1.15578,59.51,27.69,0.00505,0.002674,0.00151,1.16056,1.13331,BUY,NEUTRAL,NEUTRAL,NEUTRAL,15,20
2026-08-12 12:14:46,1.15365,1.14919,1.14957,1.15577,59.01,27.69,0.00505,0.002653,0.001506,1.16052,1.13332,BUY,NEUTRAL,NEUTRAL,SELL,15,10
2026-08-12 12:30:27,1.15318,1.14914,1.14955,1.15577,58.12,27.69,0.00506,0.002615,0.001499,1.16045,1.13334,NEUTRAL,NEUTRAL,SELL,SELL,15,10
2026-08-12 12:46:07,1.15297,1.14912,1.14954,1.15577,57.73,27.69,0.00508,0.002599,0.001495,1.16042,1.13335,NEUTRAL,NEUTRAL,SELL,NEUTRAL,15,20
2026-08-12 13:01:48,1.15303,1.14913,1.14954,1.15577,57.84,27.69,0.00511,0.002603,0.001496,1.16043,1.13335,NEUTRAL,NEUTRAL,SELL,NEUTRAL,15,20
2026-08-12 13:17:29,1.15274,1.1491,1.14953,1.15577,57.31,27.69,0.00511,0.00258,0.001492,1.16039,1.13336,NEUTRAL,NEUTRAL,SELL,NEUTRAL,15,20
2026-08-12 13:33:10,1.15274,1.1491,1.14953,1.15577,57.31,27.69,0.00511,0.00258,0.001492,1.16039,1.13336,NEUTRAL,NEUTRAL,SELL,NEUTRAL,15,20
2026-08-12 13:48:51,1.15238,1.14907,1.14952,1.15576,56.67,27.69,0.00512,0.002552,0.001486,1.16034,1.13337,NEUTRAL,NEUTRAL,SELL,NEUTRAL,15,20
2026-08-12 14:04:31,1.15214,1.14905,1.14951,1.15576,56.25,27.69,0.00514,0.002532,0.001482,1.16031,1.13338,NEUTRAL,NEUTRAL,SELL,NEUTRAL,15,20
2026-08-12 14:20:12,1.15241,1.14907,1.14952,1.15576,56.74,27.69,0.00514,0.002555,0.001486,1.16035,1.13337,NEUTRAL,NEUTRAL,NEUTRAL,NEUTRAL,15,20
2026-08-12 14:35:53,1.15245,1.14908,1.14952,1.15576,56.79,27.69,0.00514,0.002557,0.001487,1.16035,1.13337,NEUTRAL,NEUTRAL,NEUTRAL,NEUTRAL,15,20
2026-08-12 14:44:32,1.15234,1.14906,1.14952,1.15576,56.6,27.69,0.00514,0.002548,0.001485,1.16034,1.13337,NEUTRAL,NEUTRAL,NEUTRAL,NEUTRAL,15,20
2026-08-12 14:53:05,1.15226,1.14906,1.14951,1.15576,56.46,27.69,0.00514,0.002542,0.001484,1.16033,1.13338,NEUTRAL,NEUTRAL,SELL,NEUTRAL,15,20
2026-08-12 15:19:35,1.15231,1.14906,1.14952,1.15576,56.55,27.69,0.00514,0.002546,0.001485,1.16033,1.13338,NEUTRAL,NEUTRAL,SELL,NEUTRAL,15,20
2026-08-12 15:32:28,1.15213,1.14904,1.14951,1.15576,56.23,27.69,0.00514,0.002532,0.001482,1.16031,1.13338,NEUTRAL,NEUTRAL,SELL,NEUTRAL,15,20
2026-08-12 15:37:28,1.15218,1.14905,1.14951,1.15576,56.32,27.69,0.00514,0.002536,0.001483,1.16032,1.13338,NEUTRAL,NEUTRAL,SELL,NEUTRAL,15,20
2026-08-12 15:53:08,1.15213,1.14904,1.14951,1.15576,56.23,27.69,0.00514,0.002532,0.001482,1.16031,1.13338,NEUTRAL,NEUTRAL,SELL,NEUTRAL,15,20
2026-08-12 16:08:49,1.15228,1.14906,1.14951,1.15576,56.49,27.69,0.00514,0.002544,0.001484,1.16033,1.13338,NEUTRAL,NEUTRAL,SELL,NEUTRAL,15,20
2026-08-12 16:24:30,1.15223,1.14905,1.14951,1.15576,56.41,27.69,0.00514,0.00254,0.001483,1.16032,1.13338,NEUTRAL,NEUTRAL,SELL,NEUTRAL,15,20
2026-08-12 17:18:40,1.15207,1.14904,1.14951,1.15576,56.13,27.69,0.00514,0.002527,0.001481,1.1603,1.13338,NEUTRAL,NEUTRAL,SELL,NEUTRAL,15,20
2026-08-12 18:17:33,1.15244,1.14937,1.14963,1.15573,56.69,28.1,0.0048,0.002464,0.001679,1.16088,1.13364,NEUTRAL,NEUTRAL,NEUTRAL,NEUTRAL,15,20
2026-08-12 18:19:14,1.15245,1.14937,1.14963,1.15573,56.71,28.1,0.0048,0.002465,0.001679,1.16088,1.13364,NEUTRAL,NEUTRAL,NEUTRAL,NEUTRAL,15,20
2026-08-12 18:34:55,1.1525,1.14938,1.14963,1.15573,56.78,28.1,0.0048,0.002469,0.00168,1.16089,1.13364,NEUTRAL,NEUTRAL,NEUTRAL,NEUTRAL,15,20
2026-08-12 18:50:35,1.15254,1.14938,1.14963,1.15573,56.84,28.1,0.00481,0.002472,0.001681,1.1609,1.13364,NEUTRAL,NEUTRAL,NEUTRAL,NEUTRAL,15,20
2026-08-12 19:06:16,1.15268,1.1494,1.14964,1.15573,57.04,28.1,0.00481,0.002483,0.001683,1.16091,1.13363,NEUTRAL,NEUTRAL,NEUTRAL,NEUTRAL,15,20
2026-08-12 19:21:56,1.15266,1.14939,1.14963,1.15573,57.01,28.1,0.00482,0.002482,0.001682,1.16091,1.13363,NEUTRAL,NEUTRAL,NEUTRAL,NEUTRAL,15,20
2026-08-12 19:37:37,1.15264,1.14939,1.14963,1.15573,56.98,28.1,0.00482,0.00248,0.001682,1.16091,1.13364,NEUTRAL,NEUTRAL,NEUTRAL,NEUTRAL,15,20
2026-08-12 20:26:09,1.153,1.14943,1.14965,1.15573,57.48,28.1,0.00483,0.002509,0.001688,1.16096,1.13362,NEUTRAL,NEUTRAL,NEUTRAL,NEUTRAL,15,20
2026-08-12 20:41:50,1.15304,1.14943,1.14965,1.15573,57.54,28.1,0.00484,0.002512,0.001689,1.16096,1.13362,NEUTRAL,NEUTRAL,NEUTRAL,NEUTRAL,15,20
2026-08-12 20:57:31,1.15271,1.1494,1.14964,1.15573,57.08,28.1,0.00484,0.002486,0.001683,1.16092,1.13363,NEUTRAL,NEUTRAL,NEUTRAL,NEUTRAL,15,20
2026-08-12 21:13:11,1.15288,1.14941,1.14964,1.15573,57.32,28.1,0.00484,0.002499,0.001686,1.16094,1.13363,NEUTRAL,NEUTRAL,NEUTRAL,NEUTRAL,15,20
2026-08-12 21:28:53,1.15293,1.14942,1.14964,1.15573,57.38,28.1,0.00484,0.002503,0.001687,1.16095,1.13363,NEUTRAL,NEUTRAL,NEUTRAL,NEUTRAL,15,20
2026-08-12 21:44:34,1.15281,1.14941,1.14964,1.15573,57.22,28.1,0.00484,0.002494,0.001685,1.16093,1.13363,NEUTRAL,NEUTRAL,NEUTRAL,NEUTRAL,15,20
2026-08-12 22:00:17,1.15247,1.14938,1.14963,1.15573,56.74,28.1,0.00484,0.002467,0.001679,1.16089,1.13364,NEUTRAL,NEUTRAL,NEUTRAL,NEUTRAL,15,20
2026-08-13 08:04:28,1.15325,1.14945,1.14966,1.15574,57.82,27.77,0.00497,0.002529,0.001692,1.16099,1.13362,NEUTRAL,BUY,NEUTRAL,NEUTRAL,15,20
2026-08-13 08:20:08,1.15308,1.14943,1.14965,1.15573,57.59,27.77,0.00497,0.002515,0.001689,1.16097,1.13362,NEUTRAL,NEUTRAL,SELL,NEUTRAL,15,20
2026-08-13 08:26:30,1.15306,1.14943,1.14965,1.15573,57.56,27.77,0.00497,0.002514,0.001689,1.16096,1.13362,NEUTRAL,NEUTRAL,SELL,NEUTRAL,15,20
2026-08-13 08:42:10,1.15319,1.14944,1.14966,1.15573,57.74,27.77,0.00497,0.002524,0.001691,1.16098,1.13362,NEUTRAL,NEUTRAL,SELL,NEUTRAL,15,20
2026-08-13 08:57:51,1.15394,1.14952,1.14968,1.15574,58.74,27.77,0.00497,0.002584,0.001703,1.16109,1.13359,BUY,BUY,STRONG_BUY,SELL,40,10
2026-08-13 09:13:32,1.15391,1.14951,1.14968,1.15574,58.7,27.77,0.00501,0.002582,0.001702,1.16108,1.13359,BUY,BUY,BUY,SELL,40,10
2026-08-13 09:29:13,1.15355,1.14948,1.14967,1.15574,58.23,27.77,0.00501,0.002553,0.001697,1.16103,1.1336,NEUTRAL,BUY,BUY,SELL,32,10
2026-08-13 09:44:54,1.15339,1.14946,1.14966,1.15574,58.01,27.77,0.00501,0.00254,0.001694,1.16101,1.13361,NEUTRAL,BUY,NEUTRAL,SELL,15,10
2026-08-13 10:00:35,1.15359,1.14948,1.14967,1.15574,58.28,27.77,0.00501,0.002556,0.001697,1.16104,1.1336,NEUTRAL,BUY,BUY,SELL,32,10
2026-08-13 10:16:16,1.15436,1.14956,1.1497,1.15575,59.28,27.77,0.00501,0.002618,0.00171,1.16115,1.13357,BUY,BUY,STRONG_BUY,SELL,40,10
2026-08-13 10:31:57,1.15407,1.14953,1.14969,1.15574,58.91,27.77,0.00501,0.002594,0.001705,1.16111,1.13358,BUY,BUY,STRONG_BUY,SELL,40,10
2026-08-13 10:47:37,1.15417,1.14953,1.14969,1.15574,58.91,27.77,0.00501,0.002594,0.001705,1.16111,1.13358,BUY,BUY,STRONG_BUY,SELL,40,10
2026-08-13 11:03:18,1.15433,1.14955,1.1497,1.15575,59.24,27.77,0.00501,0.002615,0.001709,1.16115,1.13357,BUY,BUY,STRONG_BUY,SELL,40,10
2026-08-13 11:18:59,1.15356,1.14948,1.14967,1.15574,58.24,27.77,0.00502,0.002554,0.001697,1.16103,1.1336,NEUTRAL,BUY,BUY,SELL,32,10
2026-08-13 11:34:40,1.15334,1.14946,1.14966,1.15574,57.95,27.77,0.00502,0.002536,0.001693,1.161,1.13361,NEUTRAL,BUY,NEUTRAL,SELL,15,10
2026-08-13 11:50:21,1.15336,1.14946,1.14966,1.15574,57.97,27.77,0.00502,0.002538,0.001694,1.161,1.13361,NEUTRAL,BUY,BUY,SELL,32,10
2026-08-13 12:06:02,1.15309,1.14943,1.14965,1.15573,57.61,27.77,0.00502,0.002516,0.001689,1.16097,1.13362,NEUTRAL,NEUTRAL,SELL,NEUTRAL,15,20
2026-08-13 14:14:56,1.15312,1.14944,1.14965,1.15573,57.65,27.77,0.00502,0.002519,0.00169,1.16097,1.13362,NEUTRAL,NEUTRAL,NEUTRAL,NEUTRAL,15,20
2026-08-13 14:30:37,1.15291,1.14942,1.14964,1.15573,57.36,27.77,0.00502,0.002502,0.001686,1.16094,1.13363,NEUTRAL,NEUTRAL,NEUTRAL,NEUTRAL,15,20
2026-08-13 14:46:17,1.15293,1.14942,1.14964,1.15573,57.38,27.77,0.00502,0.002503,0.001687,1.16095,1.13363,NEUTRAL,NEUTRAL,NEUTRAL,NEUTRAL,15,20
2026-08-13 15:01:58,1.15292,1.14942,1.14964,1.15573,57.37,27.77,0.00502,0.002503,0.001687,1.16095,1.13363,NEUTRAL,NEUTRAL,NEUTRAL,NEUTRAL,15,20
2026-08-13 15:17:39,1.153,1.14943,1.14965,1.15573,57.48,27.77,0.00502,0.002509,0.001688,1.16096,1.13362,NEUTRAL,NEUTRAL,NEUTRAL,NEUTRAL,15,20
2026-08-13 15:33:20,1.153,1.14943,1.14965,1.15573,57.48,27.77,0.00502,0.002509,0.001688,1.16096,1.13362,NEUTRAL,NEUTRAL,NEUTRAL,NEUTRAL,15,20
2026-08-13 15:49:01,1.15283,1.14941,1.14964,1.15573,57.25,27.77,0.00502,0.002495,0.001685,1.16093,1.13363,NEUTRAL,NEUTRAL,NEUTRAL,NEUTRAL,15,20
2026-08-13 16:04:41,1.15289,1.14942,1.14964,1.15573,57.33,27.77,0.00502,0.0025,0.001686,1.16094,1.13363,NEUTRAL,NEUTRAL,NEUTRAL,NEUTRAL,15,20
2026-08-13 16:20:22,1.15266,1.14939,1.14963,1.15573,57.01,27.77,0.00502,0.002482,0.001682,1.16091,1.13363,NEUTRAL,NEUTRAL,NEUTRAL,NEUTRAL,15,20
2026-08-13 16:36:03,1.15276,1.1494,1.14964,1.15573,57.15,27.77,0.00502,0.00249,0.001684,1.16092,1.13363,NEUTRAL,NEUTRAL,NEUTRAL,NEUTRAL,15,20
2026-08-13 21:14:36,1.15335,1.14978,1.14978,1.15571,58.02,27.84,0.00474,0.002475,0.001843,1.16155,1.13397,NEUTRAL,BUY,BUY,SELL,32,10
2026-08-13 21:30:17,1.15339,1.14979,1.14979,1.15571,58.08,27.84,0.00474,0.002478,0.001843,1.16156,1.13397,NEUTRAL,BUY,BUY,SELL,32,10
2026-08-13 21:45:58,1.15366,1.14981,1.1498,1.15571,58.46,27.84,0.00474,0.002499,0.001848,1.16159,1.13396,BUY,BUY,BUY,SELL,43,10
2026-08-13 22:01:38,1.15346,1.14979,1.14979,1.15571,58.18,27.84,0.00474,0.002483,0.001844,1.16157,1.13397,NEUTRAL,BUY,BUY,SELL,35,10
2026-08-13 22:17:19,1.15362,1.14981,1.1498,1.15571,58.41,27.84,0.00474,0.002496,0.001847,1.16159,1.13396,NEUTRAL,BUY,BUY,SELL,35,10
2026-08-13 22:33:00,1.15364,1.14981,1.1498,1.15571,58.43,27.84,0.00474,0.002498,0.001847,1.16159,1.13396,BUY,BUY,BUY,SELL,43,10
2026-08-13 22:48:41,1.15357,1.1498,1.14979,1.15571,58.34,27.84,0.00474,0.002492,0.001846,1.16158,1.13397,NEUTRAL,BUY,BUY,SELL,35,10
2026-08-13 22:49:38,1.15354,1.1498,1.14979,1.15571,58.29,27.84,0.00474,0.00249,0.001846,1.16158,1.13397,NEUTRAL,BUY,BUY,SELL,35,10
2026-08-13 23:05:19,1.15353,1.1498,1.14979,1.15571,58.28,27.84,0.00474,0.002489,0.001845,1.16158,1.13397,NEUTRAL,BUY,BUY,SELL,35,10
2026-08-13 23:21:00,1.15361,1.14981,1.1498,1.15571,58.39,27.84,0.00474,0.002495,0.001847,1.16159,1.13396,NEUTRAL,BUY,BUY,SELL,35,10
2026-08-13 23:36:41,1.15376,1.14982,1.1498,1.15571,58.6,27.84,0.00474,0.002507,0.001849,1.16161,1.13396,BUY,BUY,BUY,SELL,43,10
2026-08-14 07:49:55,1.15689,1.15012,1.14992,1.15574,62.6,28.39,0.00498,0.002757,0.001899,1.1621,1.13378,BUY,STRONG_BUY,STRONG_BUY,STRONG_SELL,46,0
2026-08-14 07:52:23,1.15695,1.15012,1.14993,1.15574,62.66,28.39,0.00498,0.002762,0.0019,1.16211,1.13378,BUY,STRONG_BUY,STRONG_BUY,STRONG_SELL,46,0
2026-08-14 08:08:04,1.15685,1.15011,1.14992,1.15574,62.55,28.39,0.00498,0.002754,0.001898,1.16209,1.13378,BUY,STRONG_BUY,STRONG_BUY,STRONG_SELL,46,0
2026-08-14 08:23:44,1.15693,1.15012,1.14993,1.15574,62.64,28.39,0.00498,0.00276,0.0019,1.1621,1.13378,BUY,STRONG_BUY,STRONG_BUY,STRONG_SELL,46,0
2026-08-14 08:39:25,1.15678,1.15011,1.14992,1.15574,62.47,28.51,0.00502,0.002748,0.001897,1.16208,1.13379,BUY,STRONG_BUY,STRONG_BUY,STRONG_SELL,46,0
2026-08-14 08:55:06,1.15676,1.15011,1.14992,1.15574,62.44,28.51,0.00502,0.002747,0.001897,1.16207,1.13379,BUY,STRONG_BUY,STRONG_BUY,STRONG_SELL,46,0
2026-08-14 09:10:46,1.15648,1.15008,1.14991,1.15574,62.12,28.51,0.00502,0.002724,0.001893,1.16203,1.13381,BUY,BUY,STRONG_BUY,STRONG_SELL,46,0
2026-08-14 09:26:27,1.15683,1.15011,1.14992,1.15574,62.53,28.51,0.00502,0.002752,0.001898,1.16209,1.13379,BUY,STRONG_BUY,STRONG_BUY,STRONG_SELL,46,0
2026-08-14 09:42:08,1.15785,1.15021,1.14996,1.15575,63.67,28.56,0.00504,0.002834,0.001914,1.16227,1.1337,BUY,STRONG_BUY,STRONG_BUY,STRONG_SELL,46,0
2026-08-14 09:57:49,1.15785,1.15021,1.14996,1.15575,63.67,28.62,0.00507,0.002834,0.001914,1.16227,1.1337,BUY,STRONG_BUY,STRONG_BUY,STRONG_SELL,46,0
2026-08-14 10:13:30,1.15808,1.15023,1.14997,1.15575,63.92,28.62,0.00507,0.002852,0.001918,1.16232,1.13368,BUY,STRONG_BUY,BUY,STRONG_SELL,46,0
2026-08-14 10:29:11,1.15841,1.15026,1.14998,1.15576,64.27,28.62,0.00507,0.002878,0.001923,1.16238,1.13365,BUY,STRONG_BUY,STRONG_BUY,STRONG_SELL,46,0
2026-08-14 10:44:51,1.15808,1.15023,1.14997,1.15575,63.92,28.63,0.00507,0.002852,0.001918,1.16232,1.13368,BUY,STRONG_BUY,BUY,STRONG_SELL,46,0
2026-08-14 11:00:32,1.15806,1.15023,1.14997,1.15575,63.9,28.63,0.00507,0.00285,0.001918,1.16231,1.13368,BUY,STRONG_BUY,BUY,STRONG_SELL,46,0
2026-08-14 11:16:12,1.15802,1.15022,1.14996,1.15575,63.77,28.63,0.00507,0.002841,0.001916,1.16229,1.13369,BUY,STRONG_BUY,BUY,STRONG_SELL,46,0
2026-08-14 11:31:53,1.15837,1.15026,1.14998,1.15576,64.23,28.63,0.00507,0.002875,0.001923,1.16237,1.13365,BUY,STRONG_BUY,STRONG_BUY,STRONG_SELL,46,0
2026-08-14 11:47:33,1.15835,1.15026,1.14998,1.15576,64.2,28.63,0.00507,0.002873,0.001922,1.16237,1.13366,BUY,STRONG_BUY,STRONG_BUY,STRONG_SELL,46,0
2026-08-14 12:03:14,1.15812,1.15024,1.14997,1.15575,63.96,28.63,0.00507,0.002855,0.001919,1.16232,1.13368,BUY,STRONG_BUY,BUY,STRONG_SELL,46,0
2026-08-14 12:18:55,1.15793,1.15022,1.14996,1.15575,63.76,28.63,0.00507,0.00284,0.001916,1.16229,1.13369,BUY,STRONG_BUY,BUY,STRONG_SELL,46,0
2026-08-14 12:34:35,1.15752,1.15018,1.14995,1.15575,63.31,28.63,0.00507,0.002807,0.001909,1.16221,1.13373,BUY,STRONG_BUY,BUY,STRONG_SELL,46,0
2026-08-14 12:50:16,1.15735,1.15016,1.14994,1.15575,63.12,28.63,0.00507,0.002794,0.001906,1.16218,1.13374,BUY,STRONG_BUY,BUY,STRONG_SELL,46,0
2026-08-14 13:05:57,1.15688,1.15012,1.14992,1.15574,62.58,28.63,0.00507,0.002756,0.001899,1.1621,1.13378,BUY,STRONG_BUY,BUY,SELL,46,10
2026-08-14 13:21:37,1.15644,1.15008,1.14991,1.15574,62.07,28.63,0.00507,0.002721,0.001892,1.16202,1.13381,BUY,BUY,BUY,SELL,46,10
2026-08-14 13:37:18,1.15652,1.15008,1.14991,1.15574,62.16,28.63,0.00507,0.002727,0.001893,1.16203,1.13381,BUY,BUY,BUY,SELL,46,10
2026-08-14 13:52:59,1.15639,1.15007,1.1499,1.15574,62.01,28.63,0.00507,0.002717,0.001891,1.16201,1.13382,BUY,BUY,BUY,SELL,46,10
2026-08-14 14:08:39,1.15652,1.15008,1.14991,1.15574,62.16,28.63,0.00507,0.002727,0.001893,1.16203,1.13381,BUY,BUY,BUY,SELL,46,10
2026-08-14 14:24:20,1.15638,1.15007,1.1499,1.15574,62.0,28.63,0.00507,0.002716,0.001891,1.16201,1.13382,BUY,BUY,BUY,SELL,46,10
2026-08-14 14:40:00,1.15652,1.15008,1.14991,1.15574,62.16,28.63,0.00507,0.002727,0.001893,1.16203,1.13381,BUY,BUY,BUY,SELL,46,10
2026-08-14 14:55:41,1.15662,1.15009,1.14991,1.15574,62.28,28.63,0.00507,0.002735,0.001895,1.16205,1.1338,BUY,BUY,BUY,SELL,46,10
2026-08-14 15:11:21,1.1567,1.1501,1.14992,1.15574,62.38,28.63,0.00507,0.002742,0.001896,1.16206,1.1338,BUY,STRONG_BUY,BUY,SELL,46,10
2026-08-14 15:27:02,1.15681,1.15011,1.14992,1.15574,62.5,28.63,0.00507,0.002751,0.001898,1.16208,1.13379,BUY,STRONG_BUY,BUY,SELL,46,10
2026-08-14 15:42:42,1.1567,1.1501,1.14992,1.15574,62.38,28.63,0.00507,0.002742,0.001896,1.16206,1.1338,BUY,STRONG_BUY,BUY,SELL,46,10
2026-08-14 15:58:23,1.15678,1.15011,1.14992,1.15574,62.47,28.63,0.00507,0.002748,0.001897,1.16208,1.13379,BUY,STRONG_BUY,BUY,SELL,46,10
2026-08-14 16:14:04,1.15678,1.15011,1.14992,1.15574,62.47,28.63,0.00507,0.002748,0.001897,1.16208,1.13379,BUY,STRONG_BUY,BUY,SELL,46,10
2026-08-14 16:29:44,1.15687,1.15012,1.14992,1.15574,62.57,28.63,0.00507,0.002755,0.001899,1.16209,1.13378,BUY,STRONG_BUY,BUY,SELL,46,10
2026-08-14 16:45:25,1.15681,1.15011,1.14992,1.15574,62.5,28.63,0.00507,0.002751,0.001898,1.16208,1.13379,BUY,STRONG_BUY,BUY,SELL,46,10
2026-08-16 17:19:19,1.1563,1.15067,1.15016,1.15574,61.73,29.42,0.00477,0.002862,0.002087,1.16287,1.13449,BUY,BUY,BUY,STRONG_SELL,46,0
2026-08-16 17:34:59,1.1564,1.15068,1.15016,1.15574,61.93,29.42,0.00476,0.00287,0.002088,1.16289,1.13448,BUY,BUY,BUY,STRONG_SELL,46,0
2026-08-16 17:50:39,1.15635,1.15068,1.15016,1.15574,61.83,29.42,0.00476,0.002866,0.002087,1.16288,1.13448,BUY,BUY,BUY,STRONG_SELL,46,0
2026-08-16 18:00:55,1.1565,1.15069,1.15017,1.15575,62.14,29.42,0.00476,0.002878,0.00209,1.16291,1.13447,BUY,BUY,BUY,SELL,46,10
2026-08-16 18:16:37,1.15662,1.1507,1.15017,1.15575,62.29,29.42,0.00476,0.002887,0.002092,1.16293,1.13447,BUY,BUY,BUY,SELL,46,10
2026-08-16 18:32:20,1.15696,1.15074,1.15018,1.15575,62.72,29.42,0.00476,0.002915,0.002097,1.16298,1.13444,BUY,STRONG_BUY,BUY,SELL,46,10
2026-08-16 18:48:03,1.15711,1.15075,1.15019,1.15575,62.9,29.42,0.00477,0.002927,0.0021,1.16301,1.13443,BUY,STRONG_BUY,BUY,STRONG_SELL,46,0
2026-08-16 19:03:44,1.1575,1.15079,1.15021,1.15576,63.37,29.42,0.00479,0.002958,0.002106,1.16307,1.13441,BUY,STRONG_BUY,BUY,STRONG_SELL,46,0
2026-08-16 19:19:25,1.15744,1.15078,1.1502,1.15576,63.3,29.42,0.00479,0.002953,0.002105,1.16306,1.13441,BUY,STRONG_BUY,BUY,STRONG_SELL,46,0
2026-08-16 19:35:05,1.15741,1.15078,1.1502,1.15575,63.26,29.42,0.00479,0.00295,0.002104,1.16306,1.13441,BUY,STRONG_BUY,BUY,STRONG_SELL,46,0
2026-08-16 19:50:46,1.15741,1.15078,1.1502,1.15575,63.26,29.42,0.0048,0.00295,0.002104,1.16306,1.13441,BUY,STRONG_BUY,BUY,STRONG_SELL,46,0
2026-08-16 20:06:26,1.15779,1.15082,1.15022,1.15576,63.71,29.42,0.00481,0.002981,0.00211,1.16312,1.13439,BUY,STRONG_BUY,BUY,STRONG_SELL,46,0
2026-08-16 20:22:22,1.1578,1.15082,1.15022,1.15576,63.72,29.42,0.00483,0.002982,0.002111,1.16312,1.13439,BUY,STRONG_BUY,STRONG_BUY,STRONG_SELL,46,0
2026-08-16 20:38:02,1.15785,1.15082,1.15022,1.15576,63.78,29.42,0.00483,0.002986,0.002111,1.16313,1.13438,BUY,STRONG_BUY,STRONG_BUY,STRONG_SELL,46,0
2026-08-16 20:49:24,1.1579,1.15083,1.15022,1.15576,63.84,29.42,0.00483,0.00299,0.002112,1.16314,1.13438,BUY,STRONG_BUY,STRONG_BUY,STRONG_SELL,46,0
2026-08-16 21:00:59,1.15803,1.15084,1.15023,1.15576,63.99,29.42,0.00483,0.003,0.002114,1.16317,1.13437,BUY,STRONG_BUY,STRONG_BUY,STRONG_SELL,46,0
2026-08-16 21:19:05,1.1579,1.15083,1.15022,1.15576,63.84,29.42,0.00483,0.00299,0.002112,1.16314,1.13438,BUY,STRONG_BUY,STRONG_BUY,STRONG_SELL,46,0
2026-08-16 21:34:45,1.15785,1.15082,1.15022,1.15576,63.78,29.42,0.00485,0.002986,0.002111,1.16313,1.13438,BUY,STRONG_BUY,STRONG_BUY,STRONG_SELL,46,0
2026-08-17 07:58:25,1.1592,1.15095,1.15027,1.15577,65.29,29.89,0.00507,0.003093,0.002133,1.16338,1.13427,BUY,STRONG_BUY,BUY,STRONG_SELL,46,0
2026-08-17 08:04:19,1.15943,1.15097,1.15028,1.15578,65.53,29.89,0.00507,0.003112,0.002137,1.16343,1.13425,BUY,STRONG_BUY,BUY,STRONG_SELL,46,0
2026-08-17 08:20:00,1.15908,1.15094,1.15027,1.15577,65.16,29.89,0.00507,0.003084,0.002131,1.16336,1.13428,BUY,STRONG_BUY,BUY,STRONG_SELL,46,0
2026-08-17 08:35:40,1.15908,1.15094,1.15027,1.15577,65.16,29.89,0.00507,0.003084,0.002131,1.16336,1.13428,BUY,STRONG_BUY,BUY,STRONG_SELL,46,0
2026-08-17 08:51:21,1.15916,1.15095,1.15027,1.15577,65.24,29.89,0.00507,0.00309,0.002132,1.16338,1.13427,BUY,STRONG_BUY,BUY,STRONG_SELL,46,0
2026-08-17 09:07:02,1.15973,1.151,1.15029,1.15578,65.84,29.89,0.00507,0.003136,0.002141,1.16349,1.13422,BUY,STRONG_BUY,BUY,STRONG_SELL,46,0
2026-08-17 09:22:42,1.15979,1.15101,1.1503,1.15578,65.91,29.89,0.00507,0.00314,0.002142,1.1635,1.13421,BUY,STRONG_BUY,BUY,STRONG_SELL,46,0
2026-08-17 09:38:23,1.15948,1.15098,1.15028,1.15578,65.58,29.89,0.00507,0.003116,0.002137,1.16344,1.13424,BUY,STRONG_BUY,BUY,STRONG_SELL,46,0
2026-08-17 09:54:03,1.15938,1.15097,1.15028,1.15578,65.55,29.89,0.00507,0.003113,0.002137,1.16343,1.13424,BUY,STRONG_BUY,BUY,STRONG_SELL,46,0
2026-08-17 10:09:44,1.15959,1.15099,1.15029,1.15578,65.7,29.89,0.00507,0.003124,0.002139,1.16346,1.13423,BUY,STRONG_BUY,BUY,STRONG_SELL,46,0
2026-08-17 10:25:25,1.15974,1.151,1.15029,1.15578,65.85,29.89,0.00507,0.003136,0.002142,1.16349,1.13422,BUY,STRONG_BUY,BUY,STRONG_SELL,46,0
2026-08-17 10:41:05,1.15894,1.15092,1.15026,1.15577,65.01,29.89,0.00507,0.003073,0.002129,1.16333,1.13429,BUY,STRONG_BUY,BUY,STRONG_SELL,46,0
2026-08-17 10:56:46,1.15864,1.1509,1.15025,1.15577,64.68,29.89,0.00507,0.003049,0.002124,1.16328,1.13432,BUY,STRONG_BUY,BUY,STRONG_SELL,46,0
2026-08-17 11:12:27,1.1585,1.15088,1.15025,1.15577,64.52,29.89,0.00507,0.003037,0.002122,1.16325,1.13433,BUY,STRONG_BUY,BUY,STRONG_SELL,46,0
2026-08-17 11:28:07,1.15835,1.15087,1.15024,1.15576,64.35,29.89,0.00507,0.003025,0.002119,1.16322,1.13434,BUY,STRONG_BUY,BUY,SELL,46,10
2026-08-17 11:43:48,1.15829,1.15086,1.15024,1.15576,64.29,29.89,0.00507,0.003021,0.002118,1.16321,1.13435,BUY,STRONG_BUY,BUY,SELL,46,10
2026-08-17 11:59:29,1.15886,1.15092,1.15026,1.15577,64.92,29.89,0.00507,0.003066,0.002127,1.16332,1.1343,BUY,STRONG_BUY,BUY,STRONG_SELL,46,0
2026-08-17 12:15:09,1.15877,1.15091,1.15026,1.15577,64.82,29.89,0.00507,0.003059,0.002126,1.1633,1.13431,BUY,STRONG_BUY,BUY,STRONG_SELL,46,0
2026-08-17 12:30:50,1.15884,1.15092,1.15026,1.15577,64.9,29.89,0.00507,0.003065,0.002127,1.16331,1.1343,BUY,STRONG_BUY,BUY,STRONG_SELL,46,0
2026-08-17 12:46:30,1.15895,1.15093,1.15026,1.15577,65.02,29.89,0.00507,0.003073,0.002129,1.16333,1.13429,BUY,STRONG_BUY,BUY,STRONG_SELL,46,0
2026-08-17 13:02:11,1.1589,1.15092,1.15026,1.15577,64.96,29.89,0.00507,0.003069,0.002128,1.16333,1.13429,BUY,STRONG_BUY,BUY,STRONG_SELL,46,0
2026-08-17 13:17:52,1.15849,1.15088,1.15024,1.15577,64.51,29.89,0.00507,0.003037,0.002122,1.16325,1.13433,BUY,STRONG_BUY,BUY,SELL,46,10
2026-08-17 13:33:33,1.15831,1.15086,1.15024,1.15576,64.31,29.89,0.00507,0.003022,0.002119,1.16322,1.13435,BUY,STRONG_BUY,BUY,SELL,46,10
2026-08-17 13:49:14,1.1579,1.15083,1.15022,1.15576,63.84,29.89,0.00507,0.00299,0.002112,1.16314,1.13438,BUY,STRONG_BUY,BUY,SELL,46,10
2026-08-17 14:04:55,1.15769,1.15081,1.15021,1.15576,63.59,29.89,0.00507,0.002973,0.002109,1.16311,1.13439,BUY,STRONG_BUY,BUY,SELL,46,10
2026-08-17 14:20:36,1.15765,1.1508,1.15021,1.15576,63.55,29.89,0.00507,0.00297,0.002108,1.1631,1.1344,BUY,STRONG_BUY,BUY,SELL,46,10
2026-08-17 17:25:37,1.15759,1.1508,1.15021,1.15576,63.48,29.89,0.00507,0.002965,0.002107,1.16309,1.1344,BUY,STRONG_BUY,BUY,SELL,46,10
2026-08-17 18:32:48,1.1579,1.15148,1.15052,1.15578,63.86,31.05,0.00474,0.00315,0.002317,1.16394,1.13535,BUY,BUY,BUY,SELL,46,10
2026-08-17 18:48:29,1.15791,1.15148,1.15052,1.15578,63.87,31.05,0.00474,0.003151,0.002318,1.16395,1.13534,BUY,BUY,BUY,SELL,46,10
2026-08-17 18:55:07,1.15785,1.15148,1.15051,1.15578,63.79,31.05,0.00474,0.003146,0.002317,1.16394,1.13535,BUY,BUY,BUY,SELL,46,10
2026-08-17 19:10:48,1.15799,1.15149,1.15052,1.15578,63.97,31.05,0.00474,0.003158,0.002319,1.16396,1.13534,BUY,BUY,BUY,SELL,46,10
2026-08-17 19:26:29,1.1581,1.1515,1.15052,1.15578,64.1,31.05,0.00474,0.003166,0.002321,1.16398,1.13533,BUY,BUY,BUY,SELL,46,10
2026-08-17 19:42:10,1.15811,1.1515,1.15052,1.15578,64.12,31.05,0.00474,0.003167,0.002321,1.16398,1.13533,BUY,BUY,BUY,SELL,46,10
2026-08-17 19:57:50,1.15822,1.15151,1.15053,1.15578,64.25,31.05,0.00475,0.003176,0.002322,1.164,1.13532,BUY,BUY,STRONG_BUY,SELL,46,10
2026-08-17 20:13:31,1.15819,1.15151,1.15053,1.15578,64.22,31.05,0.00476,0.003173,0.002322,1.16399,1.13533,BUY,BUY,BUY,SELL,46,10
2026-08-17 21:52:50,1.15809,1.1515,1.15052,1.15578,64.09,31.05,0.00477,0.003166,0.00232,1.16398,1.13533,BUY,BUY,BUY,SELL,46,10
2026-08-17 22:08:31,1.15785,1.15148,1.15051,1.15578,63.79,31.05,0.00477,0.003146,0.002317,1.16394,1.13535,BUY,BUY,BUY,SELL,46,10
2026-08-17 22:24:12,1.1576,1.15145,1.1505,1.15578,63.38,31.05,0.00478,0.003126,0.002313,1.16389,1.13536,BUY,BUY,BUY,SELL,46,10
2026-08-17 22:39:53,1.1576,1.15145,1.1505,1.15578,63.38,31.05,0.00478,0.003126,0.002313,1.16389,1.13536,BUY,BUY,BUY,SELL,46,10
2026-08-17 22:55:34,1.15795,1.15149,1.15052,1.15578,63.92,31.05,0.00478,0.003154,0.002318,1.16395,1.13534,BUY,BUY,BUY,SELL,46,10
2026-08-18 08:02:30,1.15755,1.15145,1.1505,1.15578,63.27,31.05,0.00484,0.003122,0.002312,1.16389,1.13537,BUY,BUY,BUY,SELL,46,10
2026-08-18 08:18:10,1.15757,1.15145,1.1505,1.15578,63.31,31.05,0.00484,0.003124,0.002312,1.16389,1.13537,BUY,BUY,BUY,SELL,46,10
2026-08-18 08:33:51,1.15729,1.15143,1.15049,1.15577,62.7,31.05,0.00484,0.003102,0.002308,1.16385,1.13538,BUY,BUY,BUY,SELL,46,10
2026-08-18 08:49:32,1.15754,1.15145,1.1505,1.15578,63.24,31.05,0.00484,0.003122,0.002312,1.16388,1.13537,BUY,BUY,BUY,SELL,46,10
2026-08-18 09:05:12,1.15793,1.15149,1.15052,1.15578,63.89,31.05,0.00484,0.003153,0.002318,1.16395,1.13534,BUY,BUY,BUY,SELL,46,10
2026-08-18 09:20:54,1.15764,1.15146,1.15051,1.15578,63.46,31.05,0.00484,0.00313,0.002313,1.1639,1.13536,BUY,BUY,BUY,SELL,46,10
2026-08-18 09:36:34,1.15802,1.15149,1.15052,1.15578,64.01,31.05,0.00484,0.00316,0.002319,1.16396,1.13534,BUY,BUY,STRONG_BUY,SELL,46,10
2026-08-18 09:52:15,1.15802,1.15149,1.15052,1.15578,64.01,31.05,0.00484,0.00316,0.002319,1.16396,1.13534,BUY,BUY,STRONG_BUY,SELL,46,10
2026-08-18 12:19:04,1.15839,1.15153,1.15053,1.15578,64.46,31.05,0.00486,0.003189,0.002325,1.16403,1.13531,BUY,BUY,BUY,SELL,46,10
2026-08-18 12:34:44,1.15796,1.15149,1.15052,1.15578,63.98,31.05,0.00486,0.003158,0.002319,1.16396,1.13534,BUY,BUY,BUY,SELL,46,10
2026-08-18 12:50:25,1.15814,1.15151,1.15053,1.15578,64.15,31.05,0.00486,0.00317,0.002321,1.16398,1.13533,BUY,BUY,BUY,SELL,46,10
2026-08-18 13:06:06,1.15769,1.15146,1.15051,1.15578,63.57,31.05,0.00486,0.003134,0.002314,1.16391,1.13536,BUY,BUY,BUY,SELL,46,10
2026-08-18 13:21:46,1.15777,1.15147,1.15051,1.15578,63.69,31.05,0.00486,0.00314,0.002315,1.16392,1.13535,BUY,BUY,BUY,SELL,46,10
2026-08-18 13:37:27,1.15748,1.15144,1.1505,1.15578,63.11,31.05,0.00486,0.003117,0.002311,1.16388,1.13537,BUY,BUY,BUY,SELL,46,10
2026-08-18 13:53:07,1.1576,1.15145,1.1505,1.15578,63.38,31.05,0.00486,0.003126,0.002313,1.16389,1.13536,BUY,BUY,BUY,SELL,46,10
2026-08-18 14:08:48,1.15755,1.15145,1.1505,1.15578,63.27,31.05,0.00486,0.003122,0.002312,1.16389,1.13537,BUY,BUY,BUY,SELL,46,10
2026-08-18 14:18:20,1.15776,1.15147,1.15051,1.15578,63.68,31.05,0.00486,0.003139,0.002315,1.16392,1.13535,BUY,BUY,BUY,SELL,46,10
2026-08-18 14:34:01,1.15764,1.15146,1.15051,1.15578,63.46,31.05,0.00486,0.00313,0.002313,1.1639,1.13536,BUY,BUY,BUY,SELL,46,10
2026-08-18 14:49:41,1.15744,1.15144,1.1505,1.15577,63.03,31.05,0.00486,0.003114,0.00231,1.16387,1.13537,BUY,BUY,BUY,SELL,46,10
2026-08-18 15:05:22,1.15751,1.15145,1.1505,1.15578,63.18,31.05,0.00486,0.003119,0.002311,1.16388,1.13537,BUY,BUY,BUY,SELL,46,10
2026-08-18 15:21:03,1.15763,1.15146,1.15051,1.15578,63.44,31.05,0.00486,0.003129,0.002313,1.1639,1.13536,BUY,BUY,BUY,SELL,46,10
2026-08-18 15:36:43,1.15777,1.15147,1.15051,1.15578,63.69,31.05,0.00486,0.00314,0.002315,1.16392,1.13535,BUY,BUY,BUY,SELL,46,10
2026-08-18 15:52:24,1.15776,1.15147,1.15051,1.15578,63.68,31.05,0.00486,0.003139,0.002315,1.16392,1.13535,BUY,BUY,BUY,SELL,46,10
2026-08-18 16:08:04,1.15718,1.15141,1.15049,1.15577,62.47,31.05,0.00486,0.003093,0.002306,1.16383,1.13539,BUY,BUY,BUY,SELL,46,10
2026-08-18 16:23:45,1.1573,1.15143,1.15049,1.15577,62.72,31.05,0.00486,0.003102,0.002308,1.16385,1.13538,BUY,BUY,BUY,SELL,46,10
2026-08-18 16:39:25,1.15741,1.15144,1.1505,1.15577,62.96,31.05,0.00486,0.003111,0.00231,1.16386,1.13538,BUY,BUY,BUY,SELL,46,10
2026-08-18 16:55:06,1.15741,1.15144,1.1505,1.15577,62.96,31.05,0.00486,0.003111,0.00231,1.16386,1.13538,BUY,BUY,BUY,SELL,46,10
2026-08-19 00:20:15,1.15833,1.1521,1.15081,1.1558,64.22,32.14,0.00463,0.00326,0.0025,1.16462,1.13639,BUY,BUY,STRONG_BUY,SELL,46,10
2026-08-19 00:35:56,1.15848,1.15211,1.15081,1.1558,64.42,32.14,0.00463,0.003271,0.002503,1.16464,1.13638,BUY,BUY,STRONG_BUY,SELL,46,10
2026-08-19 00:51:36,1.1584,1.1521,1.15081,1.1558,64.31,32.14,0.00463,0.003265,0.002501,1.16463,1.13638,BUY,BUY,STRONG_BUY,SELL,46,10
2026-08-19 08:08:40,1.1605,1.1523,1.15089,1.15582,66.81,32.49,0.00481,0.003433,0.002535,1.165,1.13622,BUY,STRONG_BUY,BUY,STRONG_SELL,46,0
2026-08-19 08:24:20,1.16089,1.15234,1.15091,1.15583,67.24,32.49,0.00481,0.003464,0.002541,1.16507,1.13619,BUY,STRONG_BUY,STRONG_BUY,STRONG_SELL,46,0
2026-08-19 08:40:01,1.16255,1.1525,1.15097,1.15584,68.94,32.72,0.00494,0.003596,0.002568,1.16541,1.13602,BUY,STRONG_BUY,STRONG_BUY,STRONG_SELL,46,0
2026-08-19 08:49:06,1.16331,1.15257,1.151,1.15585,69.65,32.76,0.00497,0.003657,0.00258,1.16557,1.13593,STRONG_BUY,STRONG_BUY,STRONG_BUY,STRONG_SELL,46,0
2026-08-19 08:58:36,1.16386,1.15262,1.15102,1.15586,70.16,32.88,0.00504,0.003701,0.002588,1.16569,1.13587,STRONG_BUY,STRONG_BUY,STRONG_BUY,STRONG_SELL,46,0
2026-08-19 09:29:16,1.16487,1.15272,1.15106,1.15587,71.03,32.95,0.00509,0.003781,0.002605,1.16593,1.13573,STRONG_BUY,STRONG_BUY,STRONG_BUY,STRONG_SELL,46,0
2026-08-19 09:59:57,1.16572,1.1528,1.1511,1.15587,71.73,33.04,0.00515,0.003849,0.002618,1.16613,1.13561,STRONG_BUY,STRONG_BUY,STRONG_BUY,STRONG_SELL,46,0
2026-08-19 10:30:38,1.16722,1.15294,1.15115,1.15589,72.89,33.16,0.00525,0.003969,0.002642,1.16651,1.13539,STRONG_BUY,STRONG_BUY,STRONG_BUY,STRONG_SELL,46,0
2026-08-19 11:01:19,1.16637,1.15286,1.15112,1.15588,72.24,33.2,0.00528,0.003901,0.002628,1.16629,1.13552,STRONG_BUY,STRONG_BUY,STRONG_BUY,STRONG_SELL,46,0
2026-08-19 11:32:00,1.16607,1.15283,1.15111,1.15588,72.01,33.2,0.00528,0.003877,0.002624,1.16622,1.13556,STRONG_BUY,STRONG_BUY,STRONG_BUY,STRONG_SELL,46,0
2026-08-19 12:02:41,1.16648,1.15287,1.15113,1.15588,72.33,33.2,0.00528,0.00391,0.00263,1.16632,1.1355,STRONG_BUY,STRONG_BUY,STRONG_BUY,STRONG_SELL,46,0
2026-08-19 12:33:21,1.16697,1.15292,1.15114,1.15589,72.7,33.2,0.00528,0.003949,0.002638,1.16644,1.13543,STRONG_BUY,STRONG_BUY,STRONG_BUY,STRONG_SELL,46,0
2026-08-19 13:04:02,1.16695,1.15292,1.15114,1.15589,72.69,33.2,0.00528,0.003947,0.002638,1.16644,1.13543,STRONG_BUY,STRONG_BUY,STRONG_BUY,STRONG_SELL,46,0
2026-08-19 13:34:44,1.16629,1.15286,1.15112,1.15588,72.18,33.2,0.00528,0.003895,0.002627,1.16627,1.13553,STRONG_BUY,STRONG_BUY,STRONG_BUY,STRONG_SELL,46,0
2026-08-19 14:05:24,1.16689,1.15291,1.15114,1.15589,72.64,33.2,0.00528,0.003942,0.002637,1.16642,1.13544,STRONG_BUY,STRONG_BUY,BUY,STRONG_SELL,46,0
2026-08-19 14:28:21,1.16613,1.15284,1.15111,1.15588,72.06,33.2,0.00528,0.003882,0.002625,1.16623,1.13555,STRONG_BUY,STRONG_BUY,BUY,STRONG_SELL,46,0
2026-08-19 14:59:01,1.1674,1.15296,1.15116,1.15589,73.02,33.2,0.00528,0.003983,0.002645,1.16656,1.13536,STRONG_BUY,STRONG_BUY,BUY,STRONG_SELL,46,0
2026-08-19 15:21:05,1.1675,1.15297,1.15117,1.15589,73.09,33.2,0.00528,0.003991,0.002647,1.16658,1.13534,STRONG_BUY,STRONG_BUY,STRONG_BUY,STRONG_SELL,46,0
2026-08-19 15:51:46,1.16738,1.15296,1.15116,1.15589,73.0,33.22,0.00529,0.003981,0.002645,1.16655,1.13536,STRONG_BUY,STRONG_BUY,BUY,STRONG_SELL,46,0
2026-08-19 18:07:09,1.16794,1.1544,1.15183,1.15601,73.43,35.24,0.00495,0.004673,0.003053,1.16852,1.13645,STRONG_BUY,STRONG_BUY,BUY,STRONG_SELL,46,0
2026-08-19 18:22:49,1.16776,1.15439,1.15182,1.15601,73.29,35.24,0.00495,0.004659,0.00305,1.16848,1.13648,STRONG_BUY,STRONG_BUY,BUY,STRONG_SELL,46,0
2026-08-19 18:38:30,1.16767,1.15438,1.15182,1.15601,73.22,35.24,0.00495,0.004651,0.003049,1.16845,1.13649,STRONG_BUY,STRONG_BUY,BUY,STRONG_SELL,46,0
2026-08-19 18:54:10,1.16757,1.15437,1.15181,1.15601,73.1,35.24,0.00495,0.004643,0.003047,1.16843,1.1365,STRONG_BUY,STRONG_BUY,BUY,STRONG_SELL,46,0
2026-08-19 19:09:51,1.16759,1.15437,1.15181,1.15601,73.14,35.24,0.00496,0.004645,0.003047,1.16844,1.1365,STRONG_BUY,STRONG_BUY,BUY,STRONG_SELL,46,0
2026-08-19 19:25:32,1.16746,1.15436,1.15181,1.15601,72.87,35.24,0.00496,0.004635,0.003045,1.1684,1.13652,STRONG_BUY,STRONG_BUY,BUY,STRONG_SELL,46,0
2026-08-19 19:41:13,1.16739,1.15435,1.15181,1.15601,72.72,35.24,0.00496,0.004629,0.003044,1.16839,1.13653,STRONG_BUY,STRONG_BUY,BUY,STRONG_SELL,46,0
2026-08-19 19:56:53,1.1673,1.15434,1.1518,1.15601,72.53,35.24,0.00497,0.004622,0.003043,1.16837,1.13654,STRONG_BUY,STRONG_BUY,BUY,STRONG_SELL,46,0
2026-08-19 20:12:34,1.16763,1.15438,1.15181,1.15601,73.19,35.24,0.00497,0.004648,0.003048,1.16844,1.13649,STRONG_BUY,STRONG_BUY,BUY,STRONG_SELL,46,0
2026-08-19 20:21:04,1.16764,1.15438,1.15182,1.15601,73.19,35.24,0.00497,0.004649,0.003048,1.16845,1.13649,STRONG_BUY,STRONG_BUY,BUY,STRONG_SELL,46,0
2026-08-19 20:36:48,1.16761,1.15437,1.15181,1.15601,73.17,35.24,0.00497,0.004647,0.003048,1.16844,1.1365,STRONG_BUY,STRONG_BUY,BUY,STRONG_SELL,46,0
2026-08-19 20:52:30,1.16726,1.15434,1.1518,1.15601,72.45,35.24,0.00497,0.004619,0.003042,1.16836,1.13655,STRONG_BUY,STRONG_BUY,BUY,STRONG_SELL,46,0
2026-08-19 21:08:11,1.16704,1.15432,1.15179,1.156,71.99,35.24,0.00499,0.004601,0.003039,1.1683,1.13658,STRONG_BUY,STRONG_BUY,BUY,STRONG_SELL,46,0
2026-08-19 21:23:53,1.16768,1.15438,1.15182,1.15601,73.23,35.24,0.00499,0.004652,0.003049,1.16846,1.13649,STRONG_BUY,STRONG_BUY,BUY,STRONG_SELL,46,0
2026-08-19 21:39:37,1.16808,1.15442,1.15183,1.15601,73.53,35.26,0.005,0.004684,0.003055,1.16855,1.13643,STRONG_BUY,STRONG_BUY,BUY,STRONG_SELL,46,0
2026-08-19 21:49:36,1.1675,1.15436,1.15181,1.15601,72.95,35.26,0.005,0.004638,0.003046,1.16841,1.13651,STRONG_BUY,STRONG_BUY,BUY,STRONG_SELL,46,0
2026-08-19 22:05:17,1.16812,1.15442,1.15183,1.15601,73.56,35.28,0.00501,0.004687,0.003056,1.16856,1.13642,STRONG_BUY,STRONG_BUY,STRONG_BUY,STRONG_SELL,46,0
2026-08-19 22:20:57,1.16735,1.15435,1.1518,1.15601,72.64,35.28,0.00501,0.004626,0.003044,1.16838,1.13653,STRONG_BUY,STRONG_BUY,BUY,STRONG_SELL,46,0
2026-08-19 22:36:38,1.16746,1.15436,1.15181,1.15601,72.87,35.28,0.00501,0.004635,0.003045,1.1684,1.13652,STRONG_BUY,STRONG_BUY,BUY,STRONG_SELL,46,0
2026-08-19 22:52:18,1.16749,1.15436,1.15181,1.15601,72.93,35.28,0.00501,0.004637,0.003046,1.16841,1.13651,STRONG_BUY,STRONG_BUY,BUY,STRONG_SELL,46,0
2026-08-19 23:07:58,1.16744,1.15436,1.15181,1.15601,72.83,35.28,0.00501,0.004633,0.003045,1.1684,1.13652,STRONG_BUY,STRONG_BUY,BUY,STRONG_SELL,46,0
2026-08-19 23:23:39,1.16788,1.1544,1.15182,1.15601,73.38,35.28,0.00501,0.004668,0.003052,1.1685,1.13646,STRONG_BUY,STRONG_BUY,STRONG_BUY,STRONG_SELL,46,0
2026-08-19 23:39:20,1.16761,1.15437,1.15181,1.15601,73.17,35.28,0.00501,0.004647,0.003048,1.16844,1.1365,STRONG_BUY,STRONG_BUY,BUY,STRONG_SELL,46,0
2026-08-19 23:55:00,1.16792,1.1544,1.15183,1.15601,73.41,35.28,0.00501,0.004671,0.003053,1.16851,1.13645,STRONG_BUY,STRONG_BUY,STRONG_BUY,STRONG_SELL,46,0
2026-08-20 00:10:41,1.16797,1.15441,1.15183,1.15601,73.45,35.28,0.00501,0.004675,0.003054,1.16853,1.13645,STRONG_BUY,STRONG_BUY,STRONG_BUY,STRONG_SELL,46,0
2026-08-20 00:54:39,1.16762,1.15437,1.15181,1.15601,73.18,35.28,0.00501,0.004647,0.003048,1.16844,1.1365,STRONG_BUY,STRONG_BUY,BUY,STRONG_SELL,46,0
2026-08-20 08:03:48,1.16826,1.15445,1.15185,1.15602,73.41,35.5,0.0052,0.004697,0.00306,1.16862,1.13642,STRONG_BUY,STRONG_BUY,BUY,STRONG_SELL,46,0
2026-08-20 08:19:43,1.16867,1.15449,1.15187,1.15602,73.71,35.5,0.0052,0.00473,0.003066,1.16872,1.13636,STRONG_BUY,STRONG_BUY,BUY,STRONG_SELL,46,0
2026-08-20 08:35:37,1.16837,1.15446,1.15185,1.15602,73.49,35.5,0.0052,0.004706,0.003061,1.16865,1.13641,STRONG_BUY,STRONG_BUY,BUY,STRONG_SELL,46,0
2026-08-20 08:51:31,1.16876,1.1545,1.15187,1.15602,73.78,35.5,0.0052,0.004737,0.003068,1.16875,1.13635,STRONG_BUY,STRONG_BUY,BUY,STRONG_SELL,46,0
2026-08-20 09:07:25,1.16922,1.15454,1.15189,1.15603,74.11,35.5,0.0052,0.004773,0.003075,1.16886,1.13628,STRONG_BUY,STRONG_BUY,BUY,STRONG_SELL,46,0
2026-08-20 09:23:19,1.16867,1.15449,1.15187,1.15602,73.71,35.5,0.0052,0.00473,0.003066,1.16872,1.13636,STRONG_BUY,STRONG_BUY,BUY,STRONG_SELL,46,0
2026-08-20 09:39:14,1.16848,1.15447,1.15186,1.15602,73.57,35.5,0.0052,0.004714,0.003063,1.16868,1.13639,STRONG_BUY,STRONG_BUY,BUY,STRONG_SELL,46,0
2026-08-20 09:55:08,1.16784,1.15441,1.15183,1.15602,73.09,35.5,0.0052,0.004663,0.003053,1.16852,1.13648,STRONG_BUY,STRONG_BUY,BUY,STRONG_SELL,46,0
2026-08-20 10:11:01,1.16733,1.15436,1.15181,1.15601,72.25,35.5,0.0052,0.004623,0.003045,1.1684,1.13655,STRONG_BUY,STRONG_BUY,BUY,STRONG_SELL,46,0
2026-08-20 10:26:56,1.1679,1.15441,1.15184,1.15602,73.14,35.5,0.0052,0.004668,0.003054,1.16853,1.13647,STRONG_BUY,STRONG_BUY,BUY,STRONG_SELL,46,0
2026-08-20 10:42:49,1.16804,1.15443,1.15184,1.15602,73.24,35.5,0.0052,0.004679,0.003056,1.16857,1.13645,STRONG_BUY,STRONG_BUY,BUY,STRONG_SELL,46,0
2026-08-20 10:58:43,1.16823,1.15445,1.15185,1.15602,73.39,35.5,0.0052,0.004694,0.003059,1.16861,1.13643,STRONG_BUY,STRONG_BUY,BUY,STRONG_SELL,46,0
2026-08-20 11:14:37,1.1683,1.15445,1.15185,1.15602,73.44,35.5,0.0052,0.0047,0.00306,1.16863,1.13642,STRONG_BUY,STRONG_BUY,BUY,STRONG_SELL,46,0
2026-08-20 11:30:31,1.16837,1.15446,1.15185,1.15602,73.49,35.5,0.0052,0.004706,0.003061,1.16865,1.13641,STRONG_BUY,STRONG_BUY,BUY,STRONG_SELL,46,0
2026-08-20 11:46:26,1.16726,1.15435,1.15181,1.15601,72.11,35.5,0.0052,0.004617,0.003044,1.16838,1.13656,STRONG_BUY,STRONG_BUY,BUY,STRONG_SELL,46,0
2026-08-20 12:02:20,1.16788,1.15441,1.15184,1.15602,73.12,35.5,0.0052,0.004667,0.003054,1.16853,1.13648,STRONG_BUY,STRONG_BUY,BUY,STRONG_SELL,46,0
2026-08-20 12:18:14,1.16742,1.15437,1.15182,1.15601,72.44,35.5,0.0052,0.00463,0.003046,1.16842,1.13654,STRONG_BUY,STRONG_BUY,BUY,STRONG_SELL,46,0
2026-08-20 12:34:08,1.16711,1.15434,1.1518,1.15601,71.81,35.5,0.0052,0.004605,0.003041,1.16835,1.13658,STRONG_BUY,STRONG_BUY,BUY,STRONG_SELL,46,0
2026-08-20 12:50:01,1.16728,1.15436,1.15181,1.15601,72.15,35.5,0.00521,0.004619,0.003044,1.16839,1.13656,STRONG_BUY,STRONG_BUY,BUY,STRONG_SELL,46,0
2026-08-20 13:05:56,1.16739,1.15437,1.15182,1.15601,72.38,35.5,0.00521,0.004627,0.003046,1.16841,1.13655,STRONG_BUY,STRONG_BUY,BUY,STRONG_SELL,46,0
2026-08-20 13:21:50,1.16709,1.15434,1.1518,1.15601,71.77,35.5,0.00521,0.004604,0.003041,1.16834,1.13659,STRONG_BUY,STRONG_BUY,BUY,STRONG_SELL,46,0
2026-08-20 13:37:44,1.16722,1.15435,1.15181,1.15601,72.03,35.5,0.00521,0.004614,0.003043,1.16837,1.13657,STRONG_BUY,STRONG_BUY,BUY,STRONG_SELL,46,0
2026-08-20 13:53:39,1.16732,1.15436,1.15181,1.15601,72.23,35.5,0.00521,0.004622,0.003045,1.1684,1.13656,STRONG_BUY,STRONG_BUY,BUY,STRONG_SELL,46,0
2026-08-20 14:09:33,1.16736,1.15436,1.15181,1.15601,72.32,35.5,0.00521,0.004625,0.003045,1.1684,1.13655,STRONG_BUY,STRONG_BUY,BUY,STRONG_SELL,46,0
2026-08-20 14:25:27,1.1672,1.15435,1.15181,1.15601,71.99,35.5,0.00521,0.004612,0.003043,1.16837,1.13657,STRONG_BUY,STRONG_BUY,BUY,STRONG_SELL,46,0
2026-08-20 14:41:21,1.1674,1.15437,1.15182,1.15601,72.4,35.5,0.00521,0.004628,0.003046,1.16841,1.13654,STRONG_BUY,STRONG_BUY,BUY,STRONG_SELL,46,0
2026-08-20 14:57:15,1.16755,1.15438,1.15182,1.15601,72.71,35.5,0.00521,0.00464,0.003048,1.16845,1.13652,STRONG_BUY,STRONG_BUY,BUY,STRONG_SELL,46,0
2026-08-20 15:13:09,1.16753,1.15438,1.15182,1.15601,72.67,35.5,0.00521,0.004639,0.003048,1.16845,1.13653,STRONG_BUY,STRONG_BUY,BUY,STRONG_SELL,46,0
2026-08-20 15:29:02,1.16768,1.15439,1.15183,1.15601,72.97,35.5,0.00521,0.004651,0.00305,1.16848,1.13651,STRONG_BUY,STRONG_BUY,BUY,STRONG_SELL,46,0
2026-08-20 17:52:40,1.1677,1.1544,1.15183,1.15601,72.98,35.5,0.00521,0.004652,0.003051,1.16849,1.1365,STRONG_BUY,STRONG_BUY,BUY,STRONG_SELL,46,0
2026-08-20 18:47:19,1.16819,1.15571,1.15247,1.15613,73.37,37.61,0.00489,0.005148,0.00347,1.16968,1.13847,STRONG_BUY,BUY,STRONG_BUY,STRONG_SELL,46,0
2026-08-20 19:03:13,1.16844,1.15573,1.15248,1.15614,73.57,37.61,0.00489,0.005168,0.003474,1.16974,1.13844,STRONG_BUY,BUY,STRONG_BUY,STRONG_SELL,46,0
2026-08-20 19:19:06,1.16865,1.15575,1.15249,1.15614,73.74,37.61,0.00491,0.005185,0.003477,1.16979,1.13841,STRONG_BUY,BUY,STRONG_BUY,STRONG_SELL,46,0
2026-08-20 19:35:00,1.16841,1.15573,1.15248,1.15614,73.55,37.61,0.00491,0.005166,0.003473,1.16973,1.13844,STRONG_BUY,BUY,STRONG_BUY,STRONG_SELL,46,0
2026-08-20 19:50:54,1.16863,1.15575,1.15249,1.15614,73.72,37.61,0.00491,0.005183,0.003477,1.16979,1.13841,STRONG_BUY,BUY,STRONG_BUY,SELL,46,0
2026-08-20 20:06:48,1.16845,1.15573,1.15248,1.15614,73.58,37.61,0.00492,0.005169,0.003474,1.16974,1.13844,STRONG_BUY,BUY,STRONG_BUY,SELL,46,0
2026-08-20 20:22:41,1.16888,1.15577,1.1525,1.15614,73.92,37.61,0.00493,0.005203,0.003481,1.16985,1.13838,STRONG_BUY,BUY,STRONG_BUY,SELL,46,0
2026-08-20 22:03:39,1.16912,1.15579,1.1525,1.15614,74.1,37.61,0.00495,0.005222,0.003485,1.1699,1.13834,STRONG_BUY,BUY,STRONG_BUY,SELL,46,0
2026-08-20 22:19:33,1.16913,1.1558,1.1525,1.15614,74.11,37.61,0.00495,0.005223,0.003485,1.16991,1.13834,STRONG_BUY,BUY,STRONG_BUY,SELL,46,0
2026-08-20 22:35:28,1.16946,1.15583,1.15252,1.15615,74.36,37.61,0.00498,0.005249,0.00349,1.16999,1.1383,STRONG_BUY,BUY,STRONG_BUY,SELL,46,0
2026-08-20 23:19:09,1.16964,1.15584,1.15252,1.15615,74.5,37.61,0.00501,0.005264,0.003493,1.17003,1.13827,STRONG_BUY,BUY,STRONG_BUY,SELL,46,0
2026-08-20 23:35:03,1.16944,1.15582,1.15252,1.15615,74.35,37.61,0.00501,0.005248,0.00349,1.16998,1.1383,STRONG_BUY,BUY,STRONG_BUY,SELL,46,0
2026-08-20 23:50:57,1.16916,1.1558,1.15251,1.15614,74.15,37.61,0.00501,0.005227,0.003485,1.16992,1.13834,STRONG_BUY,BUY,STRONG_BUY,SELL,46,0
2026-08-21 08:07:33,1.17025,1.1559,1.15255,1.15616,74.94,37.62,0.00508,0.005312,0.003503,1.17018,1.13818,STRONG_BUY,BUY,BUY,SELL,46,0
2026-08-21 08:23:27,1.16953,1.15583,1.15252,1.15615,74.41,37.62,0.00508,0.005255,0.003491,1.17,1.13829,STRONG_BUY,BUY,BUY,SELL,46,0
2026-08-21 08:39:21,1.16865,1.15575,1.15249,1.15614,73.74,37.62,0.00508,0.005185,0.003477,1.16979,1.13841,STRONG_BUY,BUY,BUY,SELL,46,0
2026-08-21 08:55:15,1.16889,1.15577,1.1525,1.15614,73.93,37.62,0.00508,0.005204,0.003481,1.16985,1.13838,STRONG_BUY,BUY,BUY,SELL,46,0
2026-08-21 09:11:09,1.16866,1.15575,1.15249,1.15614,73.75,37.62,0.00508,0.005186,0.003477,1.16979,1.13841,STRONG_BUY,BUY,BUY,SELL,46,0
2026-08-21 10:46:16,1.16724,1.15563,1.15244,1.15613,71.84,37.62,0.00514,0.00508,0.003458,1.1695,1.13857,STRONG_BUY,BUY,BUY,SELL,46,0
2026-08-21 11:02:10,1.16727,1.15563,1.15244,1.15613,71.9,37.62,0.00514,0.005083,0.003458,1.16951,1.13857,STRONG_BUY,BUY,BUY,SELL,46,0
2026-08-21 11:18:04,1.16739,1.15563,1.15244,1.15613,72.34,37.62,0.00514,0.005084,0.003457,1.1695,1.13857,STRONG_BUY,BUY,BUY,SELL,46,0
2026-08-21 11:33:58,1.16771,1.15566,1.15245,1.15613,72.98,37.62,0.00514,0.00511,0.003462,1.16957,1.13853,STRONG_BUY,BUY,BUY,SELL,46,0
2026-08-21 11:49:52,1.16793,1.15568,1.15246,1.15613,73.16,37.62,0.00514,0.005127,0.003466,1.16962,1.1385,STRONG_BUY,BUY,BUY,SELL,46,0
2026-08-21 12:05:46,1.16834,1.15572,1.15247,1.15614,73.49,37.62,0.00514,0.00516,0.003472,1.16972,1.13845,STRONG_BUY,BUY,BUY,SELL,46,0
2026-08-21 12:21:41,1.16844,1.15573,1.15248,1.15614,73.57,37.62,0.00514,0.005168,0.003474,1.16974,1.13844,STRONG_BUY,BUY,BUY,SELL,46,0
2026-08-21 12:37:35,1.16824,1.15571,1.15247,1.15614,73.41,37.62,0.00514,0.005152,0.00347,1.1697,1.13846,STRONG_BUY,BUY,BUY,SELL,46,0
2026-08-21 12:53:29,1.16819,1.15571,1.15247,1.15613,73.37,37.62,0.00514,0.005148,0.00347,1.16968,1.13847,STRONG_BUY,BUY,BUY,SELL,46,0
2026-08-21 13:09:23,1.16786,1.15567,1.15246,1.15613,73.1,37.62,0.00514,0.005122,0.003464,1.16961,1.13851,STRONG_BUY,BUY,BUY,SELL,46,0
2026-08-21 13:25:17,1.16791,1.15568,1.15246,1.15613,73.15,37.62,0.00514,0.005126,0.003465,1.16962,1.13851,STRONG_BUY,BUY,BUY,SELL,46,0
2026-08-21 13:41:11,1.16814,1.1557,1.15247,1.15613,73.33,37.62,0.00514,0.005144,0.003469,1.16967,1.13848,STRONG_BUY,BUY,BUY,SELL,46,0
2026-08-21 13:57:05,1.16798,1.15569,1.15246,1.15613,73.2,37.62,0.00514,0.005131,0.003466,1.16964,1.1385,STRONG_BUY,BUY,BUY,SELL,46,0
2026-08-21 14:12:59,1.16822,1.15571,1.15247,1.15613,73.4,37.62,0.00514,0.00515,0.00347,1.16969,1.13847,STRONG_BUY,BUY,BUY,SELL,46,0
2026-08-21 14:28:54,1.1682,1.15571,1.15247,1.15613,73.38,37.62,0.00514,0.005149,0.00347,1.16969,1.13847,STRONG_BUY,BUY,BUY,SELL,46,0
2026-08-21 14:44:48,1.16827,1.15571,1.15247,1.15614,73.44,37.62,0.00514,0.005154,0.003471,1.1697,1.13846,STRONG_BUY,BUY,BUY,SELL,46,0
2026-08-21 15:00:43,1.16826,1.15571,1.15247,1.15614,73.43,37.62,0.00514,0.005154,0.003471,1.1697,1.13846,STRONG_BUY,BUY,BUY,SELL,46,0
2026-08-21 15:01:31,1.16818,1.1557,1.15247,1.15613,73.37,37.62,0.00514,0.005147,0.00347,1.16968,1.13847,STRONG_BUY,BUY,BUY,SELL,46,0
2026-08-21 15:54:45,1.16785,1.15567,1.15245,1.15613,73.1,37.62,0.00514,0.005121,0.003464,1.16961,1.13851,STRONG_BUY,BUY,BUY,SELL,46,0
2026-08-21 16:10:39,1.16783,1.15567,1.15245,1.15613,73.08,37.62,0.00514,0.005119,0.003464,1.1696,1.13852,STRONG_BUY,BUY,BUY,SELL,46,0
2026-08-21 16:17:28,1.16778,1.15567,1.15245,1.15613,73.04,37.62,0.00514,0.005115,0.003463,1.16959,1.13852,STRONG_BUY,BUY,BUY,SELL,46,0
2026-08-23 17:13:22,1.16758,1.1568,1.15305,1.15624,72.53,39.58,0.00484,0.005408,0.003852,1.17007,1.14111,BUY,BUY,BUY,SELL,46,0
2026-08-23 17:29:16,1.16775,1.15682,1.15305,1.15625,72.93,39.58,0.00484,0.005421,0.003855,1.17011,1.14109,BUY,BUY,BUY,SELL,46,0
2026-08-23 17:45:10,1.16759,1.1568,1.15305,1.15624,72.55,39.58,0.00484,0.005408,0.003852,1.17007,1.14111,BUY,BUY,BUY,SELL,46,0
2026-08-23 18:01:04,1.16739,1.15679,1.15304,1.15624,72.08,39.58,0.00484,0.005392,0.003849,1.17003,1.14113,BUY,BUY,BUY,SELL,46,0
2026-08-23 18:16:59,1.16784,1.15683,1.15306,1.15625,73.09,39.58,0.00485,0.005428,0.003856,1.17013,1.14108,BUY,BUY,BUY,SELL,46,0
2026-08-23 18:32:53,1.16784,1.15683,1.15306,1.15625,73.09,39.58,0.00485,0.005428,0.003856,1.17013,1.14108,BUY,BUY,BUY,SELL,46,0
2026-08-23 18:48:47,1.16753,1.1568,1.15304,1.15624,72.41,39.58,0.00485,0.005404,0.003852,1.17006,1.14112,BUY,BUY,BUY,SELL,46,0
2026-08-23 19:04:41,1.16763,1.15681,1.15305,1.15625,72.65,39.58,0.00485,0.005412,0.003853,1.17008,1.14111,BUY,BUY,BUY,SELL,46,0
2026-08-23 19:20:35,1.16751,1.1568,1.15304,1.15624,72.36,39.58,0.00485,0.005402,0.003851,1.17006,1.14112,BUY,BUY,BUY,SELL,46,0
2026-08-23 19:36:30,1.16758,1.1568,1.15304,1.15624,72.43,39.58,0.00485,0.005404,0.003852,1.17006,1.14112,BUY,BUY,BUY,SELL,46,0
2026-08-23 19:43:25,1.16751,1.1568,1.15304,1.15624,72.36,39.58,0.00485,0.005402,0.003851,1.17006,1.14112,BUY,BUY,BUY,SELL,46,0
2026-08-23 19:59:19,1.1682,1.15686,1.15307,1.15625,73.41,39.58,0.00485,0.005457,0.003862,1.17021,1.14104,BUY,BUY,BUY,SELL,46,0
2026-08-23 20:02:01,1.16843,1.15688,1.15308,1.15625,73.6,39.58,0.00486,0.005475,0.003866,1.17026,1.14101,BUY,BUY,BUY,SELL,46,0
2026-08-23 20:17:55,1.16856,1.1569,1.15308,1.15625,73.72,39.58,0.00487,0.005486,0.003868,1.17029,1.14099,BUY,BUY,BUY,SELL,46,0
2026-08-23 20:33:49,1.16838,1.15688,1.15308,1.15625,73.56,39.58,0.00488,0.005471,0.003865,1.17025,1.14102,BUY,BUY,BUY,SELL,46,0
2026-08-23 20:49:44,1.16838,1.15688,1.15308,1.15625,73.56,39.58,0.00488,0.005471,0.003865,1.17025,1.14102,BUY,BUY,BUY,SELL,46,0
2026-08-23 21:00:54,1.16856,1.1569,1.15308,1.15625,73.72,39.58,0.00488,0.005486,0.003868,1.17029,1.14099,BUY,BUY,BUY,SELL,46,0
2026-08-23 21:52:07,1.16813,1.15686,1.15307,1.15625,73.35,39.58,0.00488,0.005451,0.003861,1.17019,1.14105,BUY,BUY,BUY,SELL,46,0
2026-08-23 22:08:01,1.16819,1.15686,1.15307,1.15625,73.4,39.58,0.00488,0.005456,0.003862,1.17021,1.14104,BUY,BUY,BUY,SELL,46,0
2026-08-23 22:23:55,1.1683,1.15687,1.15307,1.15625,73.49,39.58,0.00488,0.005465,0.003864,1.17023,1.14102,BUY,BUY,BUY,SELL,46,0
2026-08-24 06:17:34,1.16649,1.1567,1.153,1.15623,70.02,39.24,0.00496,0.005321,0.003835,1.16984,1.14123,BUY,BUY,BUY,SELL,46,0
2026-08-24 06:33:28,1.16651,1.1567,1.153,1.15623,70.06,39.24,0.00496,0.005322,0.003835,1.16985,1.14123,BUY,BUY,BUY,SELL,46,0
2026-08-24 06:38:26,1.16657,1.15671,1.15301,1.15623,70.2,39.24,0.00496,0.005327,0.003836,1.16986,1.14122,BUY,BUY,BUY,SELL,46,0
2026-08-24 18:27:29,1.16644,1.15762,1.15353,1.15633,69.73,40.39,0.00467,0.005408,0.00415,1.16977,1.14405,BUY,BUY,BUY,SELL,46,0
2026-08-24 18:39:01,1.16643,1.15762,1.15353,1.15633,69.72,40.39,0.00467,0.005407,0.00415,1.16977,1.14405,BUY,BUY,BUY,SELL,46,0
2026-08-24 18:54:55,1.16644,1.15762,1.15353,1.15633,69.73,40.39,0.00467,0.005408,0.00415,1.16977,1.14405,BUY,BUY,BUY,SELL,46,0
2026-08-24 19:10:49,1.16651,1.15763,1.15353,1.15634,69.81,40.39,0.00467,0.005413,0.004151,1.16978,1.14404,BUY,BUY,BUY,SELL,46,0
2026-08-24 19:26:43,1.16642,1.15762,1.15353,1.15633,69.71,40.39,0.00468,0.005406,0.00415,1.16977,1.14405,BUY,BUY,BUY,SELL,46,0
2026-08-24 19:42:36,1.16645,1.15762,1.15353,1.15633,69.74,40.39,0.00468,0.005409,0.00415,1.16977,1.14405,BUY,BUY,BUY,SELL,46,0
2026-08-24 19:58:30,1.16676,1.15765,1.15354,1.15634,70.06,40.39,0.0047,0.005433,0.004155,1.16983,1.14402,BUY,BUY,BUY,SELL,46,0
2026-08-24 20:14:24,1.16708,1.15768,1.15355,1.15634,70.37,40.39,0.00471,0.005459,0.00416,1.1699,1.14398,BUY,BUY,BUY,SELL,46,0
2026-08-24 20:30:18,1.16692,1.15766,1.15355,1.15634,70.22,40.39,0.00471,0.005446,0.004158,1.16987,1.144,BUY,BUY,BUY,SELL,46,0
2026-08-24 20:46:12,1.16692,1.15766,1.15355,1.15634,70.22,40.39,0.00471,0.005446,0.004158,1.16987,1.144,BUY,BUY,BUY,SELL,46,0
2026-08-24 21:01:08,1.16666,1.15764,1.15354,1.15634,69.96,40.39,0.00471,0.005425,0.004154,1.16981,1.14403,BUY,BUY,BUY,SELL,46,0
2026-08-24 21:17:02,1.16665,1.15764,1.15354,1.15634,69.95,40.39,0.00471,0.005425,0.004153,1.16981,1.14403,BUY,BUY,BUY,SELL,46,0
2026-08-24 21:32:57,1.16654,1.15763,1.15353,1.15634,69.84,40.39,0.00471,0.005416,0.004152,1.16979,1.14404,BUY,BUY,BUY,SELL,46,0
2026-08-24 21:48:51,1.16639,1.15761,1.15353,1.15633,69.68,40.39,0.00471,0.005404,0.004149,1.16976,1.14405,BUY,BUY,BUY,SELL,46,0
2026-08-24 22:04:45,1.16617,1.15759,1.15352,1.15633,69.3,40.39,0.00471,0.005386,0.004146,1.16972,1.14408,BUY,BUY,BUY,SELL,46,0
2026-08-25 06:20:53,1.16628,1.1576,1.15352,1.15633,69.56,40.22,0.0048,0.005395,0.004147,1.16974,1.14407,BUY,BUY,BUY,SELL,46,0
2026-08-25 06:36:47,1.16604,1.15758,1.15351,1.15633,68.99,40.22,0.0048,0.005376,0.004144,1.16969,1.14409,BUY,BUY,NEUTRAL,SELL,38,0
2026-08-25 18:23:46,1.1675,1.15861,1.1541,1.15645,70.78,41.31,0.00454,0.005544,0.004437,1.17074,1.14528,BUY,BUY,BUY,SELL,46,0
2026-08-25 18:39:40,1.16754,1.15862,1.1541,1.15645,70.85,41.31,0.00454,0.005549,0.004438,1.17076,1.14527,BUY,BUY,BUY,SELL,46,0
2026-08-25 18:55:33,1.16765,1.15863,1.15411,1.15645,70.96,41.31,0.00454,0.005558,0.00444,1.17078,1.14526,BUY,BUY,BUY,SELL,46,0
2026-08-25 19:11:28,1.16753,1.15862,1.1541,1.15645,70.84,41.31,0.00454,0.005549,0.004438,1.17075,1.14527,BUY,BUY,BUY,SELL,46,0
2026-08-25 19:27:22,1.16744,1.15861,1.1541,1.15645,70.75,41.31,0.00454,0.005541,0.004436,1.17074,1.14528,BUY,BUY,BUY,SELL,46,0
2026-08-25 19:43:16,1.1673,1.1586,1.15409,1.15645,70.61,41.31,0.00454,0.00553,0.004434,1.17071,1.14529,BUY,BUY,BUY,SELL,46,0
2026-08-25 19:59:10,1.1674,1.15861,1.1541,1.15645,70.71,41.31,0.00454,0.005538,0.004436,1.17073,1.14528,BUY,BUY,BUY,SELL,46,0
2026-08-25 20:15:04,1.16739,1.1586,1.15409,1.15645,70.7,41.31,0.00454,0.005537,0.004436,1.17073,1.14528,BUY,BUY,BUY,SELL,46,0
2026-08-25 20:30:58,1.16733,1.1586,1.15409,1.15645,70.64,41.31,0.00454,0.005533,0.004435,1.17071,1.14529,BUY,BUY,BUY,SELL,46,0
2026-08-25 20:46:54,1.16741,1.15861,1.1541,1.15645,70.72,41.31,0.00454,0.005539,0.004436,1.17073,1.14528,BUY,BUY,BUY,SELL,46,0
2026-08-25 21:02:51,1.16726,1.15859,1.15409,1.15645,70.56,41.31,0.00454,0.005527,0.004434,1.1707,1.1453,BUY,BUY,BUY,SELL,46,0
2026-08-25 21:18:47,1.16712,1.15858,1.15408,1.15645,70.42,41.31,0.00454,0.005516,0.004431,1.17067,1.14531,BUY,BUY,BUY,SELL,46,0
2026-08-25 21:34:44,1.16698,1.15857,1.15408,1.15645,70.12,41.31,0.00455,0.005505,0.004429,1.17065,1.14532,BUY,BUY,BUY,SELL,46,0
2026-08-25 21:50:41,1.1671,1.15858,1.15408,1.15645,70.4,41.31,0.00456,0.005514,0.004431,1.17067,1.14531,BUY,BUY,BUY,SELL,46,0
2026-08-25 22:06:35,1.16719,1.15859,1.15409,1.15645,70.49,41.31,0.00456,0.005521,0.004432,1.17069,1.1453,BUY,BUY,BUY,SELL,46,0
2026-08-25 22:22:30,1.16708,1.15858,1.15408,1.15645,70.37,41.31,0.00456,0.005513,0.004431,1.17067,1.14531,BUY,BUY,BUY,SELL,46,0
2026-08-25 22:32:23,1.16692,1.15856,1.15408,1.15645,69.98,41.31,0.00456,0.0055,0.004428,1.17064,1.14533,BUY,BUY,NEUTRAL,SELL,38,0
2026-08-25 22:48:17,1.167,1.15857,1.15408,1.15645,70.17,41.31,0.00456,0.005506,0.004429,1.17065,1.14532,BUY,BUY,BUY,SELL,46,0
2026-08-25 23:04:10,1.16681,1.15855,1.15407,1.15645,69.7,41.31,0.00457,0.005491,0.004426,1.17061,1.14534,BUY,BUY,NEUTRAL,SELL,38,0
2026-08-25 23:20:04,1.16663,1.15853,1.15407,1.15644,69.26,41.31,0.00458,0.005477,0.004424,1.17058,1.14535,BUY,BUY,NEUTRAL,SELL,38,0
2026-08-25 23:35:58,1.16659,1.15853,1.15406,1.15644,69.17,41.31,0.00459,0.005474,0.004423,1.17057,1.14536,BUY,BUY,NEUTRAL,SELL,38,0
2026-08-25 23:51:52,1.16643,1.15851,1.15406,1.15644,68.78,41.31,0.00459,0.005461,0.00442,1.17054,1.14537,BUY,BUY,NEUTRAL,SELL,38,0
2026-08-26 18:13:35,1.16535,1.15907,1.15446,1.15652,66.12,41.58,0.00444,0.005248,0.004573,1.17114,1.14596,BUY,BUY,NEUTRAL,SELL,38,0
2026-08-26 18:29:29,1.1655,1.15909,1.15447,1.15652,66.3,41.58,0.00444,0.00526,0.004575,1.17117,1.14595,BUY,BUY,NEUTRAL,SELL,38,0
2026-08-26 18:45:23,1.16544,1.15908,1.15446,1.15652,66.23,41.58,0.00444,0.005255,0.004574,1.17116,1.14595,BUY,BUY,NEUTRAL,SELL,38,0
2026-08-26 19:01:17,1.16539,1.15908,1.15446,1.15652,66.17,41.58,0.00444,0.005251,0.004573,1.17115,1.14595,BUY,BUY,NEUTRAL,SELL,38,0
2026-08-26 19:17:10,1.16543,1.15908,1.15446,1.15652,66.21,41.58,0.00444,0.005254,0.004574,1.17115,1.14595,BUY,BUY,NEUTRAL,SELL,38,0
2026-08-26 19:33:04,1.16551,1.15909,1.15447,1.15652,66.31,41.58,0.00444,0.005261,0.004575,1.17117,1.14595,BUY,BUY,NEUTRAL,SELL,38,0
2026-08-26 19:48:58,1.1656,1.1591,1.15447,1.15652,66.42,41.58,0.00444,0.005268,0.004577,1.17118,1.14594,BUY,BUY,NEUTRAL,SELL,38,0
2026-08-26 20:04:52,1.16566,1.1591,1.15447,1.15652,66.49,41.58,0.00445,0.005273,0.004578,1.17119,1.14594,BUY,BUY,NEUTRAL,SELL,38,0
2026-08-26 20:20:46,1.1656,1.1591,1.15447,1.15652,66.42,41.58,0.00445,0.005268,0.004577,1.17118,1.14594,BUY,BUY,NEUTRAL,SELL,38,0
2026-08-26 20:36:40,1.16571,1.15911,1.15447,1.15652,66.55,41.58,0.00446,0.005277,0.004579,1.1712,1.14593,BUY,BUY,NEUTRAL,SELL,38,0
2026-08-26 20:52:35,1.16547,1.15908,1.15446,1.15652,66.26,41.58,0.00446,0.005258,0.004575,1.17116,1.14595,BUY,BUY,NEUTRAL,SELL,38,0
2026-08-26 21:08:29,1.16561,1.1591,1.15447,1.15652,66.43,41.58,0.00446,0.005269,0.004577,1.17118,1.14594,BUY,BUY,NEUTRAL,SELL,38,0
2026-08-26 21:24:23,1.16583,1.15912,1.15448,1.15652,66.69,41.58,0.00446,0.005286,0.00458,1.17122,1.14593,BUY,BUY,NEUTRAL,SELL,38,0
2026-08-26 21:40:17,1.16568,1.1591,1.15447,1.15652,66.51,41.58,0.00446,0.005274,0.004578,1.17119,1.14594,BUY,BUY,NEUTRAL,SELL,38,0
2026-08-26 21:56:11,1.1658,1.15912,1.15448,1.15652,66.65,41.58,0.00446,0.005284,0.00458,1.17121,1.14593,BUY,BUY,NEUTRAL,SELL,38,0
2026-08-26 22:54:53,1.16549,1.15909,1.15447,1.15652,66.29,41.58,0.00446,0.005259,0.004575,1.17116,1.14595,BUY,BUY,NEUTRAL,SELL,38,0
2026-08-27 20:52:46,1.16531,1.15965,1.15488,1.1566,65.86,41.75,0.00428,0.00507,0.004669,1.17173,1.14665,BUY,BUY,BUY,SELL,46,0
2026-08-27 21:08:40,1.16537,1.15965,1.15488,1.15661,65.94,41.75,0.00428,0.005075,0.00467,1.17174,1.14665,BUY,BUY,BUY,SELL,46,0
2026-08-27 21:24:34,1.16532,1.15965,1.15488,1.1566,65.87,41.75,0.00428,0.005071,0.004669,1.17174,1.14665,BUY,BUY,BUY,SELL,46,0
2026-08-27 21:40:27,1.16548,1.15966,1.15488,1.15661,66.08,41.75,0.00428,0.005083,0.004672,1.17176,1.14664,BUY,BUY,BUY,SELL,46,0
2026-08-27 21:56:22,1.16506,1.15962,1.15487,1.1566,65.49,41.75,0.00428,0.00505,0.004665,1.1717,1.14666,BUY,BUY,SELL,SELL,38,0
2026-08-27 22:12:17,1.16489,1.15961,1.15486,1.1566,65.06,41.75,0.0043,0.005036,0.004662,1.17167,1.14667,BUY,BUY,SELL,SELL,38,0
2026-08-27 22:28:12,1.16473,1.15959,1.15485,1.1566,64.67,41.75,0.00431,0.005023,0.00466,1.17165,1.14668,BUY,BUY,SELL,SELL,38,10
2026-08-27 22:44:06,1.16476,1.15959,1.15485,1.1566,64.74,41.75,0.00431,0.005026,0.00466,1.17166,1.14667,BUY,BUY,SELL,SELL,38,10
2026-08-27 23:00:01,1.16505,1.15962,1.15487,1.1566,65.46,41.75,0.00431,0.005049,0.004665,1.1717,1.14666,BUY,BUY,NEUTRAL,SELL,38,0
2026-08-27 23:15:56,1.16504,1.15962,1.15487,1.1566,65.44,41.75,0.00431,0.005048,0.004665,1.17169,1.14666,BUY,BUY,NEUTRAL,SELL,38,0
2026-08-27 23:31:52,1.16506,1.15962,1.15487,1.1566,65.49,41.75,0.00431,0.00505,0.004665,1.1717,1.14666,BUY,BUY,NEUTRAL,SELL,38,0
2026-08-27 23:47:47,1.1648,1.1596,1.15486,1.1566,64.84,41.75,0.00431,0.005029,0.004661,1.17166,1.14667,BUY,BUY,SELL,SELL,38,10
2026-08-28 00:03:43,1.16461,1.15958,1.15485,1.1566,64.38,41.75,0.00432,0.005014,0.004658,1.17163,1.14668,BUY,BUY,SELL,SELL,38,10
2026-08-28 00:19:38,1.16462,1.15958,1.15485,1.1566,64.4,41.75,0.00432,0.005015,0.004658,1.17164,1.14668,BUY,BUY,SELL,SELL,38,10
2026-08-28 06:49:01,1.16456,1.15957,1.15485,1.1566,64.26,41.75,0.00436,0.00501,0.004657,1.17163,1.14668,BUY,BUY,SELL,SELL,38,10
2026-08-30 17:10:30,1.15781,1.15887,1.15473,1.15655,51.21,38.12,0.00453,0.003858,0.004417,1.17087,1.14751,BUY,NEUTRAL,SELL,BUY,16,28
2026-08-30 17:26:25,1.1577,1.15886,1.15472,1.15655,51.03,38.1,0.00454,0.003849,0.004416,1.17087,1.1475,BUY,NEUTRAL,SELL,BUY,16,28
2026-08-30 17:42:19,1.15793,1.15888,1.15473,1.15655,51.41,38.12,0.00453,0.003868,0.004419,1.17088,1.14751,BUY,NEUTRAL,SELL,BUY,16,28
2026-08-30 17:58:13,1.15775,1.15886,1.15472,1.15655,51.11,38.11,0.00453,0.003853,0.004416,1.17087,1.1475,BUY,NEUTRAL,SELL,BUY,16,28
2026-08-30 18:04:56,1.15805,1.15889,1.15474,1.15655,51.61,38.12,0.00453,0.003877,0.004421,1.17088,1.14752,BUY,NEUTRAL,SELL,NEUTRAL,26,28
2026-08-30 18:20:50,1.1582,1.1589,1.15474,1.15655,51.86,38.12,0.00453,0.003889,0.004424,1.17088,1.14753,BUY,NEUTRAL,SELL,NEUTRAL,26,28
2026-08-30 18:36:44,1.15833,1.15892,1.15475,1.15655,52.08,38.12,0.00453,0.003899,0.004426,1.17089,1.14754,BUY,NEUTRAL,SELL,NEUTRAL,26,28
2026-08-30 18:52:38,1.15834,1.15892,1.15475,1.15655,52.09,38.12,0.00454,0.0039,0.004426,1.17089,1.14754,BUY,NEUTRAL,SELL,NEUTRAL,26,28
2026-08-30 19:08:32,1.15847,1.15893,1.15475,1.15655,52.3,38.12,0.00455,0.003911,0.004428,1.17089,1.14755,BUY,NEUTRAL,SELL,NEUTRAL,26,28
2026-08-30 20:49:31,1.15916,1.15899,1.15478,1.15656,53.34,38.12,0.0046,0.003966,0.004439,1.17092,1.14759,BUY,NEUTRAL,SELL,NEUTRAL,26,28
2026-08-30 21:05:25,1.15911,1.15899,1.15478,1.15656,53.27,38.12,0.0046,0.003962,0.004438,1.17092,1.14759,BUY,NEUTRAL,SELL,NEUTRAL,26,28
2026-08-30 21:21:21,1.1588,1.15896,1.15477,1.15656,52.8,38.12,0.0046,0.003937,0.004433,1.17091,1.14757,BUY,NEUTRAL,SELL,NEUTRAL,26,28
2026-08-30 21:37:16,1.15911,1.15899,1.15478,1.15656,53.27,38.12,0.0046,0.003962,0.004438,1.17092,1.14759,BUY,NEUTRAL,SELL,NEUTRAL,26,28
2026-08-30 21:53:11,1.15917,1.159,1.15478,1.15656,53.36,38.12,0.00461,0.003966,0.004439,1.17092,1.14759,BUY,NEUTRAL,SELL,NEUTRAL,26,28
2026-08-30 22:09:05,1.15919,1.159,1.15478,1.15656,53.39,38.12,0.00461,0.003968,0.004439,1.17092,1.14759,BUY,NEUTRAL,SELL,NEUTRAL,26,28
2026-08-30 22:24:59,1.15914,1.15899,1.15478,1.15656,53.31,38.12,0.00461,0.003964,0.004439,1.17092,1.14759,BUY,NEUTRAL,SELL,NEUTRAL,26,28
2026-08-30 22:40:54,1.15895,1.15897,1.15477,1.15656,53.03,38.12,0.00461,0.003949,0.004435,1.17091,1.14758,BUY,NEUTRAL,SELL,NEUTRAL,26,28
2026-08-30 22:56:49,1.15912,1.15899,1.15478,1.15656,53.28,38.12,0.00461,0.003962,0.004438,1.17092,1.14759,BUY,NEUTRAL,SELL,NEUTRAL,26,28
2026-08-30 23:12:44,1.15922,1.159,1.15478,1.15656,53.43,38.12,0.00461,0.00397,0.00444,1.17093,1.14759,BUY,NEUTRAL,SELL,NEUTRAL,26,28
2026-08-30 23:28:39,1.15925,1.159,1.15478,1.15656,53.48,38.12,0.00461,0.003973,0.00444,1.17093,1.14759,BUY,NEUTRAL,SELL,NEUTRAL,26,28
2026-08-30 23:44:32,1.1591,1.15899,1.15478,1.15656,53.25,38.12,0.00461,0.003961,0.004438,1.17092,1.14759,BUY,NEUTRAL,SELL,NEUTRAL,26,28
2026-08-31 00:00:26,1.15917,1.159,1.15478,1.15656,53.36,38.12,0.00461,0.003966,0.004439,1.17092,1.14759,BUY,NEUTRAL,SELL,NEUTRAL,26,28
2026-08-31 00:06:29,1.15917,1.159,1.15478,1.15656,53.39,38.12,0.00461,0.003968,0.004439,1.17092,1.14759,BUY,NEUTRAL,SELL,NEUTRAL,26,28
2026-08-31 07:55:46,1.15984,1.15906,1.15481,1.15657,54.33,38.12,0.00469,0.00402,0.00445,1.17096,1.14762,BUY,BUY,SELL,SELL,43,18
2026-08-31 08:11:40,1.15964,1.15904,1.1548,1.15657,54.05,38.12,0.00469,0.004004,0.004446,1.17095,1.14761,BUY,BUY,SELL,NEUTRAL,43,28
2026-08-31 08:27:34,1.15982,1.15906,1.15481,1.15657,54.3,38.12,0.00469,0.004018,0.004449,1.17096,1.14762,BUY,BUY,SELL,NEUTRAL,43,28
2026-08-31 08:43:28,1.15952,1.15903,1.15479,1.15656,53.87,38.12,0.00469,0.003994,0.004445,1.17094,1.14761,BUY,BUY,SELL,NEUTRAL,43,28
2026-08-31 08:59:22,1.15962,1.15904,1.1548,1.15657,54.02,38.12,0.00469,0.004002,0.004446,1.17095,1.14761,BUY,BUY,SELL,NEUTRAL,43,28
2026-08-31 09:15:16,1.15967,1.15904,1.1548,1.15657,54.09,38.12,0.00469,0.004006,0.004447,1.17095,1.14761,BUY,BUY,SELL,NEUTRAL,43,28
2026-08-31 09:31:10,1.15993,1.15907,1.15481,1.15657,54.46,38.12,0.00469,0.004027,0.004451,1.17096,1.14763,BUY,BUY,SELL,SELL,43,18
2026-08-31 09:47:04,1.1596,1.15904,1.1548,1.15657,53.99,38.12,0.00469,0.004001,0.004446,1.17095,1.14761,BUY,BUY,SELL,NEUTRAL,43,28
2026-08-31 10:02:58,1.15971,1.15904,1.1548,1.15657,53.99,38.12,0.00469,0.004001,0.004446,1.17095,1.14761,BUY,BUY,SELL,NEUTRAL,43,28
2026-08-31 10:18:52,1.16018,1.15909,1.15482,1.15657,54.81,38.12,0.00469,0.004047,0.004455,1.17098,1.14763,BUY,BUY,SELL,SELL,43,18
2026-08-31 10:34:46,1.16021,1.15909,1.15482,1.15657,54.85,38.12,0.00469,0.004049,0.004456,1.17098,1.14764,BUY,BUY,SELL,SELL,43,18
2026-08-31 10:50:40,1.1606,1.15913,1.15484,1.15658,55.39,38.12,0.00474,0.00408,0.004462,1.17101,1.14765,BUY,BUY,SELL,SELL,23,18
2026-08-31 11:06:34,1.16141,1.15921,1.15487,1.15658,56.46,38.12,0.00478,0.004145,0.004475,1.17107,1.14767,BUY,BUY,NEUTRAL,SELL,23,18
2026-08-31 11:22:29,1.1614,1.15921,1.15487,1.15658,56.45,38.12,0.00478,0.004144,0.004475,1.17107,1.14767,BUY,BUY,NEUTRAL,SELL,23,18
2026-08-31 11:38:23,1.1619,1.15926,1.15489,1.15659,57.09,38.12,0.00479,0.004184,0.004483,1.17112,1.14767,BUY,BUY,NEUTRAL,SELL,23,18
2026-08-31 11:54:17,1.1618,1.15925,1.15488,1.15659,56.96,38.12,0.0048,0.004176,0.004481,1.17111,1.14767,BUY,BUY,NEUTRAL,SELL,23,18
2026-08-31 12:10:11,1.16153,1.15922,1.15487,1.15658,56.62,38.12,0.0048,0.004155,0.004477,1.17108,1.14767,BUY,BUY,NEUTRAL,SELL,23,18
2026-08-31 12:26:05,1.16164,1.15923,1.15488,1.15659,56.76,38.12,0.0048,0.004163,0.004478,1.17109,1.14767,BUY,BUY,NEUTRAL,SELL,23,18
2026-08-31 12:41:59,1.16155,1.15922,1.15487,1.15658,56.64,38.12,0.0048,0.004156,0.004477,1.17108,1.14767,BUY,BUY,NEUTRAL,SELL,23,18
2026-08-31 12:57:54,1.16152,1.15922,1.15487,1.15658,56.6,38.12,0.0048,0.004154,0.004476,1.17108,1.14767,BUY,BUY,NEUTRAL,SELL,23,18
2026-08-31 13:13:48,1.16166,1.15923,1.15488,1.15659,56.78,38.12,0.0048,0.004165,0.004479,1.17109,1.14767,BUY,BUY,NEUTRAL,SELL,23,18
2026-08-31 13:29:43,1.16156,1.15922,1.15487,1.15658,56.66,38.12,0.0048,0.004157,0.004477,1.17109,1.14767,BUY,BUY,NEUTRAL,SELL,23,18
2026-08-31 13:45:37,1.16156,1.15922,1.15487,1.15658,56.66,38.12,0.0048,0.004157,0.004477,1.17109,1.14767,BUY,BUY,NEUTRAL,SELL,23,18
2026-08-31 14:01:31,1.16154,1.15922,1.15487,1.15658,56.63,38.12,0.0048,0.004155,0.004477,1.17108,1.14767,BUY,BUY,NEUTRAL,SELL,23,18
2026-08-31 14:17:25,1.1617,1.15924,1.15488,1.15659,56.83,38.12,0.0048,0.004168,0.004479,1.1711,1.14767,BUY,BUY,NEUTRAL,SELL,23,18
2026-08-31 15:03:03,1.16162,1.15923,1.15488,1.15659,56.73,38.12,0.0048,0.004162,0.004478,1.17109,1.14767,BUY,BUY,NEUTRAL,SELL,23,18
2026-08-31 15:18:56,1.16159,1.15923,1.15488,1.15659,56.69,38.12,0.0048,0.004159,0.004478,1.17109,1.14767,BUY,BUY,NEUTRAL,SELL,23,18
2026-08-31 15:34:50,1.16166,1.15923,1.15488,1.15659,56.78,38.12,0.0048,0.004165,0.004479,1.17109,1.14767,BUY,BUY,NEUTRAL,SELL,23,18
2026-08-31 15:50:44,1.16166,1.15923,1.15488,1.15659,56.75,38.12,0.0048,0.004163,0.004478,1.17109,1.14767,BUY,BUY,NEUTRAL,SELL,23,18
2026-08-31 16:06:37,1.16174,1.15924,1.15488,1.15659,56.89,38.12,0.0048,0.004171,0.00448,1.1711,1.14767,BUY,BUY,NEUTRAL,SELL,23,18
2026-08-31 16:22:32,1.16145,1.15921,1.15487,1.15658,56.51,38.12,0.0048,0.004148,0.004475,1.17108,1.14767,BUY,BUY,NEUTRAL,SELL,23,18
2026-08-31 16:38:26,1.16147,1.15921,1.15487,1.15658,56.54,38.12,0.0048,0.00415,0.004476,1.17108,1.14767,BUY,BUY,NEUTRAL,SELL,23,18
2026-08-31 16:54:19,1.16171,1.15924,1.15488,1.15659,56.85,38.12,0.0048,0.004169,0.00448,1.1711,1.14767,BUY,BUY,NEUTRAL,SELL,23,18
2026-08-31 17:10:13,1.16156,1.15922,1.15487,1.15658,56.66,38.12,0.0048,0.004157,0.004477,1.17109,1.14767,BUY,BUY,NEUTRAL,SELL,23,18
2026-08-31 17:26:07,1.16157,1.15923,1.15488,1.15659,56.75,38.12,0.0048,0.004163,0.004478,1.17109,1.14767,BUY,BUY,NEUTRAL,SELL,23,18
2026-08-31 17:42:01,1.16166,1.15923,1.15488,1.15659,56.78,38.12,0.0048,0.004165,0.004479,1.17109,1.14767,BUY,BUY,NEUTRAL,SELL,23,18
2026-08-31 17:57:55,1.16178,1.15924,1.15488,1.15659,56.94,38.12,0.0048,0.004175,0.004481,1.17111,1.14767,BUY,BUY,NEUTRAL,SELL,23,18
2026-08-31 18:07:44,1.1618,1.15948,1.15515,1.15664,56.97,36.67,0.00447,0.003861,0.004356,1.1712,1.14846,BUY,BUY,NEUTRAL,SELL,23,18
2026-08-31 18:23:38,1.1617,1.15947,1.15515,1.15664,56.83,36.67,0.00447,0.003853,0.004354,1.17119,1.14846,BUY,BUY,NEUTRAL,SELL,23,18
2026-08-31 18:39:32,1.16158,1.15946,1.15514,1.15664,56.62,36.67,0.00448,0.003843,0.004352,1.17118,1.14845,BUY,BUY,NEUTRAL,SELL,23,18
2026-08-31 18:55:25,1.16142,1.15944,1.15514,1.15663,56.33,36.67,0.00449,0.00383,0.00435,1.17117,1.14845,BUY,BUY,NEUTRAL,SELL,23,18
2026-08-31 19:11:19,1.16133,1.15944,1.15513,1.15663,56.17,36.67,0.0045,0.003823,0.004348,1.17116,1.14845,BUY,BUY,NEUTRAL,SELL,23,18
2026-08-31 20:26:54,1.16226,1.15952,1.15517,1.15664,57.59,36.74,0.00453,0.003897,0.004363,1.17124,1.14846,BUY,BUY,BUY,SELL,31,18
2026-08-31 20:42:47,1.1623,1.15953,1.15517,1.15664,57.64,36.75,0.00454,0.0039,0.004364,1.17124,1.14846,BUY,BUY,BUY,SELL,31,18
2026-08-31 20:58:41,1.16181,1.15948,1.15515,1.15664,56.98,36.75,0.00454,0.003861,0.004356,1.1712,1.14846,BUY,BUY,NEUTRAL,SELL,23,18
2026-08-31 21:14:35,1.1614,1.15944,1.15514,1.15663,56.3,36.75,0.00454,0.003829,0.004349,1.17116,1.14845,BUY,BUY,NEUTRAL,SELL,23,18
2026-08-31 21:30:29,1.16115,1.15942,1.15513,1.15663,55.86,36.75,0.00455,0.003809,0.004345,1.17115,1.14844,BUY,BUY,SELL,SELL,23,18
2026-08-31 21:46:23,1.1612,1.15942,1.15513,1.15663,55.95,36.75,0.00456,0.003813,0.004346,1.17115,1.14844,BUY,BUY,SELL,SELL,23,18
2026-08-31 22:02:17,1.16083,1.15939,1.15511,1.15663,55.31,36.75,0.00458,0.003783,0.00434,1.17112,1.14843,BUY,BUY,NEUTRAL,SELL,23,18
2026-08-31 22:18:11,1.16089,1.15939,1.15512,1.15663,55.41,36.75,0.00458,0.003788,0.004341,1.17113,1.14844,BUY,BUY,NEUTRAL,SELL,23,18
2026-09-01 08:05:37,1.15892,1.15921,1.15504,1.15661,52.23,36.75,0.00472,0.003631,0.00431,1.17102,1.14834,BUY,NEUTRAL,STRONG_SELL,NEUTRAL,26,28
2026-09-01 08:21:31,1.15912,1.15923,1.15505,1.15661,52.53,36.75,0.00472,0.003647,0.004313,1.17103,1.14836,BUY,NEUTRAL,STRONG_SELL,NEUTRAL,26,28
2026-09-01 08:37:25,1.15909,1.15922,1.15504,1.15661,52.49,36.75,0.00472,0.003644,0.004312,1.17103,1.14835,BUY,NEUTRAL,STRONG_SELL,NEUTRAL,26,28
2026-09-01 08:53:19,1.15925,1.15924,1.15505,1.15661,52.74,36.75,0.00472,0.003657,0.004315,1.17104,1.14836,BUY,BUY,STRONG_SELL,NEUTRAL,43,28
2026-09-01 09:09:13,1.15903,1.15922,1.15504,1.15661,52.4,36.75,0.00472,0.00364,0.004311,1.17103,1.14835,BUY,NEUTRAL,STRONG_SELL,NEUTRAL,26,28
2026-09-01 09:25:07,1.15909,1.15922,1.15504,1.15661,52.49,36.75,0.00472,0.003644,0.004312,1.17103,1.14835,BUY,NEUTRAL,STRONG_SELL,NEUTRAL,26,28
2026-09-01 09:41:01,1.15986,1.1593,1.15507,1.15662,53.7,36.75,0.00472,0.003706,0.004325,1.17106,1.1484,BUY,BUY,SELL,NEUTRAL,43,28
2026-09-01 09:56:55,1.15996,1.15931,1.15508,1.15662,53.86,36.75,0.00472,0.003714,0.004326,1.17107,1.1484,BUY,BUY,SELL,NEUTRAL,43,28
2026-09-01 10:12:50,1.16073,1.15938,1.15511,1.15663,55.14,36.75,0.00472,0.003775,0.004339,1.17112,1.14843,BUY,BUY,NEUTRAL,SELL,23,18
2026-09-01 10:28:44,1.1602,1.15933,1.15509,1.15662,54.25,36.75,0.00472,0.003733,0.00433,1.17108,1.14841,BUY,BUY,SELL,NEUTRAL,43,28
2026-09-01 10:44:39,1.15995,1.1593,1.15508,1.15662,53.85,36.75,0.00472,0.003713,0.004326,1.17107,1.1484,BUY,BUY,SELL,NEUTRAL,43,28
2026-09-01 11:00:32,1.15979,1.15929,1.15507,1.15662,53.59,36.75,0.00472,0.0037,0.004324,1.17106,1.14839,BUY,BUY,SELL,NEUTRAL,43,28
2026-09-01 11:16:26,1.15945,1.15926,1.15506,1.15661,53.05,36.75,0.00472,0.003673,0.004318,1.17104,1.14837,BUY,BUY,SELL,NEUTRAL,43,28
2026-09-01 11:32:20,1.15924,1.15924,1.15505,1.15661,52.72,36.75,0.00472,0.003656,0.004315,1.17104,1.14836,BUY,BUY,SELL,NEUTRAL,43,28
2026-09-01 11:48:14,1.1591,1.15922,1.15505,1.15661,52.5,36.75,0.00472,0.003645,0.004313,1.17103,1.14835,BUY,NEUTRAL,SELL,NEUTRAL,26,28
2026-09-01 12:04:09,1.15916,1.15923,1.15505,1.15661,52.6,36.75,0.00472,0.00365,0.004313,1.17103,1.14836,BUY,NEUTRAL,SELL,NEUTRAL,26,28
2026-09-01 12:20:03,1.15855,1.15917,1.15502,1.15661,51.67,36.75,0.00473,0.003601,0.004304,1.17101,1.14832,BUY,NEUTRAL,SELL,NEUTRAL,26,28
2026-09-01 12:35:57,1.15863,1.15918,1.15503,1.15661,51.79,36.75,0.00474,0.003608,0.004305,1.17101,1.14832,BUY,NEUTRAL,SELL,NEUTRAL,26,28
2026-09-01 12:51:51,1.1587,1.15919,1.15503,1.15661,51.9,36.75,0.00474,0.003613,0.004306,1.17101,1.14833,BUY,NEUTRAL,SELL,NEUTRAL,26,28
2026-09-01 13:07:45,1.15877,1.15919,1.15503,1.15661,52.0,36.75,0.00474,0.003619,0.004307,1.17102,1.14833,BUY,NEUTRAL,SELL,NEUTRAL,26,28
2026-09-01 13:23:39,1.15902,1.15922,1.15504,1.15661,52.38,36.75,0.00474,0.003639,0.004311,1.17103,1.14835,BUY,NEUTRAL,SELL,NEUTRAL,26,28
2026-09-01 13:39:34,1.15896,1.15921,1.15504,1.15661,52.29,36.75,0.00474,0.003634,0.00431,1.17102,1.14835,BUY,NEUTRAL,SELL,NEUTRAL,26,28
2026-09-01 13:55:28,1.15871,1.15919,1.15503,1.15661,51.91,36.75,0.00474,0.003614,0.004306,1.17102,1.14833,BUY,NEUTRAL,SELL,NEUTRAL,26,28
2026-09-01 14:11:22,1.15882,1.1592,1.15503,1.15661,52.08,36.75,0.00474,0.003623,0.004308,1.17102,1.14834,BUY,NEUTRAL,SELL,NEUTRAL,26,28
2026-09-01 14:27:17,1.15876,1.15919,1.15503,1.15661,51.99,36.75,0.00474,0.003618,0.004307,1.17102,1.14833,BUY,NEUTRAL,SELL,NEUTRAL,26,28
2026-09-01 14:43:11,1.1586,1.15918,1.15503,1.15661,51.73,36.75,0.00474,0.003604,0.004304,1.17101,1.14832,BUY,NEUTRAL,SELL,BUY,16,28
2026-09-01 14:59:05,1.15902,1.15922,1.15504,1.15661,52.38,36.75,0.00474,0.003639,0.004311,1.17103,1.14835,BUY,NEUTRAL,SELL,NEUTRAL,26,28
2026-09-01 15:14:59,1.15925,1.15924,1.15505,1.15661,52.74,36.75,0.00474,0.003657,0.004315,1.17104,1.14836,BUY,BUY,SELL,NEUTRAL,43,28
2026-09-01 15:30:54,1.15917,1.15923,1.15505,1.15661,52.61,36.75,0.00474,0.003651,0.004314,1.17103,1.14836,BUY,NEUTRAL,SELL,NEUTRAL,26,28
2026-09-01 15:46:48,1.1588,1.1592,1.15503,1.15661,52.05,36.75,0.00474,0.003621,0.004308,1.17102,1.14834,BUY,NEUTRAL,SELL,NEUTRAL,26,28
2026-09-01 16:02:42,1.15884,1.1592,1.15503,1.15661,52.11,36.75,0.00474,0.003624,0.004308,1.17102,1.14834,BUY,NEUTRAL,SELL,NEUTRAL,26,28
2026-09-01 16:18:36,1.1588,1.1592,1.15503,1.15661,52.05,36.75,0.00474,0.003621,0.004308,1.17102,1.14834,BUY,NEUTRAL,SELL,NEUTRAL,26,28
2026-09-01 16:34:29,1.15897,1.15921,1.15504,1.15661,52.3,36.75,0.00474,0.003635,0.00431,1.17102,1.14835,BUY,NEUTRAL,SELL,NEUTRAL,26,28
2026-09-01 16:50:23,1.15922,1.15924,1.15505,1.15661,52.69,36.75,0.00474,0.003655,0.004314,1.17103,1.14836,BUY,NEUTRAL,SELL,NEUTRAL,26,28
2026-09-01 17:06:17,1.15893,1.15921,1.15504,1.15661,52.24,36.75,0.00474,0.003632,0.00431,1.17102,1.14834,BUY,NEUTRAL,SELL,NEUTRAL,26,28
2026-09-01 17:22:12,1.15885,1.1592,1.15504,1.15661,52.12,36.75,0.00474,0.003625,0.004309,1.17102,1.14834,BUY,NEUTRAL,SELL,NEUTRAL,26,28
2026-09-01 17:38:15,1.15898,1.15921,1.15504,1.15661,52.32,36.75,0.00474,0.003636,0.004311,1.17102,1.14835,BUY,NEUTRAL,SELL,NEUTRAL,26,28
2026-09-01 18:36:07,1.15932,1.15923,1.15521,1.15664,52.83,35.49,0.00444,0.00321,0.004092,1.17105,1.14874,BUY,BUY,SELL,NEUTRAL,43,28
2026-09-01 18:52:01,1.15925,1.15922,1.15521,1.15664,52.73,35.49,0.00444,0.003204,0.00409,1.17105,1.14873,BUY,BUY,SELL,NEUTRAL,43,28
2026-09-01 19:07:55,1.15924,1.15922,1.15521,1.15664,52.71,35.49,0.00444,0.003203,0.00409,1.17105,1.14873,BUY,BUY,SELL,NEUTRAL,43,28
2026-09-01 19:23:49,1.15923,1.15922,1.15521,1.15664,52.7,35.49,0.00444,0.003202,0.00409,1.17105,1.14873,BUY,BUY,SELL,NEUTRAL,43,28
2026-09-01 19:39:43,1.15924,1.15922,1.15521,1.15664,52.71,35.49,0.00444,0.003203,0.00409,1.17105,1.14873,BUY,BUY,SELL,NEUTRAL,43,28
2026-09-01 19:55:37,1.15913,1.15921,1.1552,1.15664,52.55,35.49,0.00444,0.003194,0.004089,1.17104,1.14873,BUY,NEUTRAL,SELL,NEUTRAL,26,28
2026-09-01 21:22:39,1.15821,1.15912,1.15517,1.15663,51.07,35.36,0.00451,0.003121,0.004074,1.17102,1.14866,BUY,NEUTRAL,SELL,BUY,16,28
2026-09-01 21:38:34,1.15767,1.15907,1.15515,1.15662,50.24,35.21,0.00454,0.003078,0.004065,1.17101,1.14862,BUY,NEUTRAL,SELL,BUY,16,28
2026-09-01 21:54:27,1.15781,1.15909,1.15515,1.15662,50.45,35.22,0.00454,0.003089,0.004067,1.17101,1.14863,BUY,NEUTRAL,SELL,BUY,16,28
2026-09-01 22:01:11,1.15766,1.15908,1.15515,1.15662,50.3,35.22,0.00454,0.003081,0.004066,1.17101,1.14862,BUY,NEUTRAL,SELL,BUY,16,28
2026-09-01 22:05:18,1.15764,1.15907,1.15515,1.15662,50.19,35.2,0.00454,0.003075,0.004065,1.17101,1.14861,BUY,NEUTRAL,SELL,BUY,16,28
2026-09-01 22:21:12,1.15808,1.15911,1.15516,1.15663,50.87,35.2,0.00454,0.003111,0.004072,1.17101,1.14865,BUY,NEUTRAL,SELL,BUY,16,28
2026-09-01 22:37:06,1.15799,1.1591,1.15516,1.15662,50.73,35.2,0.00454,0.003103,0.00407,1.17101,1.14864,BUY,NEUTRAL,SELL,BUY,16,28
2026-09-02 08:24:48,1.15817,1.15914,1.15518,1.15663,50.97,34.88,0.00461,0.003133,0.004081,1.17103,1.14867,BUY,NEUTRAL,SELL,BUY,16,28
2026-09-02 08:40:42,1.1578,1.15911,1.15516,1.15663,50.41,34.88,0.00461,0.003104,0.004075,1.17102,1.14864,BUY,NEUTRAL,SELL,BUY,16,28
2026-09-02 08:56:36,1.15789,1.15912,1.15517,1.15663,50.54,34.88,0.00461,0.003111,0.004076,1.17103,1.14865,BUY,NEUTRAL,SELL,BUY,16,28
2026-09-02 09:12:30,1.15802,1.15913,1.15517,1.15663,50.74,34.88,0.00461,0.003121,0.004078,1.17103,1.14866,BUY,NEUTRAL,SELL,BUY,16,28
2026-09-02 09:28:25,1.15974,1.15929,1.15524,1.15664,53.4,34.88,0.0047,0.003258,0.004106,1.17108,1.14877,BUY,NEUTRAL,NEUTRAL,NEUTRAL,26,28
2026-09-02 09:44:19,1.15952,1.15927,1.15523,1.15664,53.08,34.88,0.0047,0.003241,0.004102,1.17107,1.14876,BUY,NEUTRAL,SELL,NEUTRAL,26,28
2026-09-02 10:00:13,1.16032,1.15935,1.15526,1.15665,54.21,34.88,0.0047,0.003305,0.004115,1.17111,1.1488,BUY,BUY,NEUTRAL,NEUTRAL,43,28
2026-09-02 10:16:07,1.15939,1.15926,1.15522,1.15664,52.89,34.88,0.0047,0.00323,0.0041,1.17107,1.14875,BUY,NEUTRAL,SELL,NEUTRAL,26,28
2026-09-02 10:32:01,1.15915,1.15924,1.15521,1.15664,52.53,34.88,0.0047,0.003211,0.004096,1.17106,1.14874,BUY,NEUTRAL,SELL,NEUTRAL,26,28
2026-09-02 10:47:54,1.15908,1.15923,1.15521,1.15664,52.42,34.88,0.0047,0.003206,0.004095,1.17106,1.14873,BUY,NEUTRAL,SELL,NEUTRAL,26,28
2026-09-02 11:03:48,1.15956,1.15928,1.15523,1.15664,53.14,34.88,0.0047,0.003244,0.004103,1.17108,1.14876,BUY,NEUTRAL,SELL,NEUTRAL,26,28
2026-09-02 11:19:42,1.15931,1.15925,1.15522,1.15664,52.77,34.88,0.0047,0.003224,0.004099,1.17106,1.14875,BUY,NEUTRAL,SELL,NEUTRAL,26,28
2026-09-02 11:35:36,1.15926,1.15925,1.15522,1.15664,52.7,34.88,0.0047,0.00322,0.004098,1.17106,1.14875,BUY,NEUTRAL,SELL,NEUTRAL,26,28
2026-09-02 11:51:30,1.15908,1.15923,1.15521,1.15664,52.42,34.88,0.0047,0.003206,0.004095,1.17106,1.14873,BUY,NEUTRAL,SELL,NEUTRAL,26,28
2026-09-02 12:07:24,1.15924,1.15924,1.15522,1.15664,52.67,34.88,0.0047,0.003218,0.004098,1.17106,1.14874,BUY,NEUTRAL,SELL,NEUTRAL,26,28
2026-09-02 12:23:19,1.15932,1.15925,1.15522,1.15664,52.79,34.88,0.0047,0.003225,0.004099,1.17107,1.14875,BUY,NEUTRAL,SELL,NEUTRAL,26,28
2026-09-02 12:39:13,1.15909,1.15923,1.15521,1.15664,52.43,34.88,0.0047,0.003206,0.004095,1.17106,1.14874,BUY,NEUTRAL,SELL,NEUTRAL,26,28
2026-09-02 12:55:06,1.15909,1.15923,1.15521,1.15664,52.43,34.88,0.0047,0.003206,0.004095,1.17106,1.14874,BUY,NEUTRAL,SELL,NEUTRAL,26,28
2026-09-02 13:11:00,1.15861,1.15918,1.15519,1.15663,51.66,34.88,0.0047,0.003168,0.004088,1.17104,1.1487,BUY,NEUTRAL,SELL,NEUTRAL,26,28
2026-09-02 13:26:54,1.1585,1.15917,1.15519,1.15663,51.49,34.88,0.0047,0.003159,0.004086,1.17104,1.14869,BUY,NEUTRAL,SELL,NEUTRAL,26,28
2026-09-02 13:42:48,1.15875,1.1592,1.1552,1.15663,51.88,34.88,0.0047,0.003179,0.00409,1.17105,1.14871,BUY,NEUTRAL,SELL,NEUTRAL,26,28
2026-09-02 13:58:42,1.15863,1.15919,1.15519,1.15663,51.69,34.88,0.0047,0.00317,0.004088,1.17104,1.1487,BUY,NEUTRAL,SELL,NEUTRAL,26,28
2026-09-02 14:14:36,1.15861,1.15918,1.15519,1.15663,51.66,34.88,0.0047,0.003168,0.004088,1.17104,1.1487,BUY,NEUTRAL,SELL,NEUTRAL,26,28
2026-09-02 14:30:29,1.1586,1.15918,1.15519,1.15663,51.64,34.88,0.0047,0.003167,0.004088,1.17104,1.1487,BUY,NEUTRAL,SELL,NEUTRAL,26,28
2026-09-02 14:46:23,1.15853,1.15918,1.15519,1.15663,51.53,34.88,0.0047,0.003162,0.004086,1.17104,1.1487,BUY,NEUTRAL,SELL,NEUTRAL,26,28
2026-09-02 15:02:17,1.15854,1.15918,1.15519,1.15663,51.55,34.88,0.0047,0.003163,0.004087,1.17104,1.1487,BUY,NEUTRAL,SELL,NEUTRAL,26,28
2026-09-02 15:18:11,1.15845,1.15917,1.15519,1.15663,51.41,34.88,0.0047,0.003155,0.004085,1.17104,1.14869,BUY,NEUTRAL,SELL,NEUTRAL,26,28
2026-09-02 15:34:05,1.15847,1.15917,1.15519,1.15663,51.44,34.88,0.0047,0.003157,0.004085,1.17104,1.14869,BUY,NEUTRAL,SELL,NEUTRAL,26,28
2026-09-02 15:49:58,1.15834,1.15916,1.15518,1.15663,51.23,34.88,0.0047,0.003147,0.004083,1.17103,1.14868,BUY,NEUTRAL,SELL,NEUTRAL,26,28
2026-09-02 16:05:52,1.15891,1.15921,1.15521,1.15664,52.14,34.88,0.0047,0.003192,0.004092,1.17105,1.14872,BUY,NEUTRAL,SELL,NEUTRAL,26,28
2026-09-02 16:21:46,1.15878,1.1592,1.1552,1.15664,51.93,34.88,0.0047,0.003182,0.00409,1.17105,1.14871,BUY,NEUTRAL,SELL,NEUTRAL,26,28
2026-09-02 16:37:40,1.15879,1.1592,1.1552,1.15664,51.95,34.88,0.0047,0.003183,0.004091,1.17105,1.14872,BUY,NEUTRAL,SELL,NEUTRAL,26,28
2026-09-02 16:53:34,1.15892,1.15921,1.15521,1.15664,52.16,34.88,0.0047,0.003193,0.004093,1.17105,1.14872,BUY,NEUTRAL,SELL,NEUTRAL,26,28
2026-09-02 17:09:28,1.15872,1.1592,1.1552,1.15663,51.83,34.88,0.0047,0.003177,0.004089,1.17104,1.14871,BUY,NEUTRAL,SELL,NEUTRAL,26,28
2026-09-02 17:25:22,1.15871,1.15919,1.1552,1.15663,51.82,34.88,0.0047,0.003176,0.004089,1.17104,1.14871,BUY,NEUTRAL,SELL,NEUTRAL,26,28
2026-09-02 17:41:16,1.15871,1.15919,1.1552,1.15663,51.82,34.88,0.0047,0.003176,0.004089,1.17104,1.14871,BUY,NEUTRAL,SELL,NEUTRAL,26,28
2026-09-02 17:57:11,1.15865,1.15919,1.1552,1.15663,51.72,34.88,0.0047,0.003171,0.004088,1.17104,1.14871,BUY,NEUTRAL,SELL,NEUTRAL,26,28
2026-09-02 18:13:05,1.15866,1.15915,1.15533,1.15665,51.73,33.15,0.00439,0.002756,0.003823,1.1708,1.14962,BUY,NEUTRAL,SELL,NEUTRAL,26,28
2026-09-02 19:38:38,1.15843,1.15912,1.15533,1.15665,51.34,33.15,0.00441,0.002738,0.003819,1.1708,1.1496,BUY,NEUTRAL,SELL,SELL,26,18
2026-09-02 19:54:32,1.15848,1.15913,1.15533,1.15665,51.42,33.15,0.0044,0.002742,0.00382,1.1708,1.1496,BUY,NEUTRAL,SELL,SELL,26,18
2026-09-02 20:10:26,1.15854,1.15913,1.15533,1.15665,51.53,33.15,0.00441,0.002746,0.003821,1.1708,1.14961,BUY,NEUTRAL,SELL,SELL,26,18
2026-09-02 20:26:19,1.15885,1.15916,1.15534,1.15666,52.04,33.15,0.00441,0.002771,0.003826,1.17081,1.14963,BUY,BUY,SELL,SELL,43,18
2026-09-02 20:42:13,1.15883,1.15916,1.15534,1.15666,52.01,33.15,0.00441,0.00277,0.003826,1.17081,1.14963,BUY,NEUTRAL,SELL,SELL,26,18
2026-09-02 20:58:07,1.159,1.15918,1.15535,1.15666,52.28,33.15,0.00442,0.002783,0.003828,1.17081,1.14964,BUY,BUY,SELL,SELL,43,18
2026-09-03 08:07:58,1.16163,1.15943,1.15545,1.15668,56.08,33.35,0.00461,0.002993,0.00387,1.17094,1.14977,BUY,BUY,BUY,STRONG_SELL,31,8
2026-09-03 08:23:52,1.16105,1.15937,1.15543,1.15668,55.29,33.35,0.00461,0.002947,0.003861,1.1709,1.14976,BUY,BUY,BUY,STRONG_SELL,31,8
2026-09-03 08:39:45,1.16212,1.15947,1.15547,1.15669,56.72,33.54,0.00466,0.003032,0.003878,1.17098,1.14978,BUY,BUY,STRONG_BUY,STRONG_SELL,31,8
2026-09-03 08:55:39,1.16292,1.15955,1.1555,1.1567,57.73,33.66,0.0047,0.003096,0.003891,1.17105,1.14979,BUY,BUY,STRONG_BUY,STRONG_SELL,31,8
2026-09-03 09:11:32,1.16223,1.15949,1.15547,1.15669,56.86,33.66,0.0047,0.003041,0.00388,1.17099,1.14979,BUY,BUY,STRONG_BUY,STRONG_SELL,31,8
2026-09-03 09:27:26,1.16215,1.15948,1.15547,1.15669,56.76,33.66,0.0047,0.003034,0.003879,1.17098,1.14978,BUY,BUY,STRONG_BUY,STRONG_SELL,31,8
2026-09-03 09:43:20,1.16219,1.15948,1.15547,1.15669,56.81,33.66,0.0047,0.003038,0.003879,1.17099,1.14979,BUY,BUY,STRONG_BUY,STRONG_SELL,31,8
2026-09-03 09:59:14,1.16273,1.15953,1.15549,1.1567,57.5,33.66,0.0047,0.003081,0.003888,1.17104,1.14979,BUY,BUY,STRONG_BUY,STRONG_SELL,31,8
2026-09-03 10:15:08,1.16238,1.1595,1.15548,1.15669,57.05,33.66,0.0047,0.003053,0.003882,1.171,1.14979,BUY,BUY,BUY,STRONG_SELL,31,8
2026-09-03 10:31:02,1.16233,1.15949,1.15548,1.15669,56.99,33.66,0.0047,0.003049,0.003881,1.171,1.14979,BUY,BUY,BUY,STRONG_SELL,31,8
2026-09-03 10:46:55,1.16136,1.1594,1.15544,1.15668,55.72,33.66,0.0047,0.002971,0.003866,1.17092,1.14977,BUY,BUY,BUY,STRONG_SELL,31,8
2026-09-03 11:02:49,1.16215,1.15948,1.15547,1.15669,56.76,33.66,0.0047,0.003034,0.003879,1.17098,1.14978,BUY,BUY,BUY,STRONG_SELL,31,8
2026-09-03 11:18:43,1.16219,1.15948,1.15547,1.15669,56.81,33.66,0.0047,0.003038,0.003879,1.17099,1.14979,BUY,BUY,BUY,STRONG_SELL,31,8
2026-09-03 11:34:37,1.16245,1.15951,1.15548,1.15669,57.14,33.66,0.0047,0.003058,0.003883,1.17101,1.14979,BUY,BUY,BUY,STRONG_SELL,31,8
2026-09-03 11:50:30,1.16182,1.15945,1.15546,1.15669,56.33,33.66,0.0047,0.003008,0.003873,1.17096,1.14978,BUY,BUY,BUY,STRONG_SELL,31,8
2026-09-03 12:06:24,1.16227,1.15949,1.15548,1.15669,56.91,33.66,0.0047,0.003044,0.00388,1.17099,1.14979,BUY,BUY,BUY,STRONG_SELL,31,8
2026-09-03 12:22:18,1.16309,1.15957,1.15551,1.1567,57.94,33.69,0.00471,0.003109,0.003894,1.17107,1.14979,BUY,BUY,STRONG_BUY,STRONG_SELL,31,8
2026-09-03 12:38:12,1.1636,1.15962,1.15553,1.1567,58.55,33.8,0.00475,0.00315,0.003902,1.17112,1.14979,BUY,STRONG_BUY,STRONG_BUY,STRONG_SELL,31,8
2026-09-03 12:54:06,1.16399,1.15965,1.15554,1.15671,59.01,33.9,0.00478,0.003181,0.003908,1.17117,1.14979,BUY,STRONG_BUY,STRONG_BUY,STRONG_SELL,31,8
2026-09-03 13:10:00,1.16358,1.15961,1.15553,1.1567,58.53,33.9,0.00478,0.003148,0.003901,1.17112,1.14979,BUY,STRONG_BUY,STRONG_BUY,STRONG_SELL,31,8
2026-09-03 13:25:55,1.16364,1.15962,1.15553,1.1567,58.6,33.9,0.00478,0.003153,0.003902,1.17113,1.14979,BUY,STRONG_BUY,STRONG_BUY,STRONG_SELL,31,8
2026-09-03 13:41:49,1.16364,1.15962,1.15553,1.1567,58.6,33.9,0.00478,0.003153,0.003902,1.17113,1.14979,BUY,STRONG_BUY,STRONG_BUY,STRONG_SELL,31,8
2026-09-03 13:57:44,1.16333,1.15959,1.15552,1.1567,58.23,33.9,0.00478,0.003129,0.003897,1.17109,1.14979,BUY,STRONG_BUY,STRONG_BUY,STRONG_SELL,31,8
2026-09-03 14:13:38,1.16349,1.15961,1.15552,1.1567,58.42,33.9,0.00478,0.003141,0.0039,1.17111,1.14979,BUY,STRONG_BUY,STRONG_BUY,STRONG_SELL,31,8
2026-09-03 14:29:32,1.16352,1.15961,1.15552,1.1567,58.46,33.9,0.00478,0.003144,0.0039,1.17111,1.14979,BUY,STRONG_BUY,STRONG_BUY,STRONG_SELL,31,8
2026-09-03 14:45:26,1.16337,1.15959,1.15552,1.1567,58.28,33.9,0.00478,0.003132,0.003898,1.1711,1.14979,BUY,STRONG_BUY,BUY,STRONG_SELL,31,8
2026-09-03 15:01:19,1.16342,1.1596,1.15552,1.1567,58.34,33.9,0.00478,0.003136,0.003899,1.1711,1.14979,BUY,STRONG_BUY,STRONG_BUY,STRONG_SELL,31,8
2026-09-03 15:17:14,1.16285,1.15954,1.1555,1.1567,57.64,33.9,0.00478,0.00309,0.00389,1.17105,1.14979,BUY,BUY,BUY,STRONG_SELL,31,8
2026-09-03 15:33:08,1.16265,1.15953,1.15549,1.15669,57.4,33.9,0.00478,0.003074,0.003887,1.17103,1.14979,BUY,BUY,BUY,STRONG_SELL,31,8
2026-09-03 15:49:02,1.16283,1.15954,1.1555,1.1567,57.62,33.9,0.00478,0.003089,0.003889,1.17104,1.14979,BUY,BUY,BUY,STRONG_SELL,31,8
2026-09-03 16:04:55,1.16297,1.15956,1.1555,1.1567,57.79,33.9,0.00478,0.0031,0.003892,1.17106,1.14979,BUY,BUY,BUY,STRONG_SELL,31,8
2026-09-03 16:20:50,1.16264,1.15952,1.15549,1.15669,57.38,33.9,0.00478,0.003073,0.003886,1.17103,1.14979,BUY,BUY,BUY,STRONG_SELL,31,8
2026-09-03 16:36:44,1.16267,1.15953,1.15549,1.15669,57.42,33.9,0.00478,0.003076,0.003887,1.17103,1.14979,BUY,BUY,BUY,STRONG_SELL,31,8
2026-09-03 16:52:38,1.1627,1.15953,1.15549,1.15669,57.46,33.9,0.00478,0.003078,0.003887,1.17103,1.14979,BUY,BUY,BUY,STRONG_SELL,31,8
2026-09-03 17:08:32,1.16287,1.15955,1.1555,1.1567,57.67,33.9,0.00478,0.003092,0.00389,1.17105,1.14979,BUY,BUY,BUY,STRONG_SELL,31,8
2026-09-03 17:24:27,1.16253,1.15951,1.15549,1.15669,57.24,33.9,0.00478,0.003065,0.003885,1.17102,1.14979,BUY,BUY,BUY,STRONG_SELL,31,8
2026-09-03 17:40:29,1.16242,1.1595,1.15548,1.15669,57.11,33.9,0.00478,0.003056,0.003883,1.17101,1.14979,BUY,BUY,BUY,STRONG_SELL,31,8
2026-09-03 17:56:27,1.1623,1.15949,1.15548,1.15669,56.95,33.9,0.00478,0.003046,0.003881,1.171,1.14979,BUY,BUY,BUY,STRONG_SELL,31,8
2026-09-03 18:03:59,1.1625,1.1598,1.15576,1.15675,57.15,32.98,0.00446,0.002943,0.003697,1.17117,1.15033,BUY,BUY,BUY,STRONG_SELL,31,8
2026-09-03 18:19:53,1.16254,1.15981,1.15577,1.15675,57.22,32.98,0.00446,0.002946,0.003698,1.17117,1.15033,BUY,BUY,BUY,STRONG_SELL,31,8
2026-09-03 18:35:48,1.1626,1.15981,1.15577,1.15675,57.33,32.98,0.00446,0.002951,0.003699,1.17118,1.15033,BUY,BUY,BUY,STRONG_SELL,31,8
2026-09-03 18:51:42,1.16242,1.1598,1.15576,1.15675,57.01,32.98,0.00446,0.002937,0.003696,1.17116,1.15033,BUY,BUY,BUY,STRONG_SELL,31,8
2026-09-03 19:07:36,1.16237,1.15979,1.15576,1.15675,56.92,32.98,0.00447,0.002933,0.003695,1.17116,1.15033,BUY,BUY,BUY,STRONG_SELL,31,8
2026-09-03 19:23:30,1.16252,1.15981,1.15576,1.15675,57.19,32.98,0.00447,0.002945,0.003698,1.17117,1.15033,BUY,BUY,BUY,STRONG_SELL,31,8
2026-09-03 20:13:05,1.16276,1.15983,1.15577,1.15675,57.55,32.98,0.0045,0.002964,0.003701,1.17119,1.15033,BUY,BUY,BUY,STRONG_SELL,31,8
2026-09-03 20:28:59,1.16269,1.15982,1.15577,1.15675,57.45,32.98,0.0045,0.002958,0.0037,1.17119,1.15033,BUY,BUY,BUY,STRONG_SELL,31,8
2026-09-03 20:44:53,1.16276,1.15983,1.15577,1.15675,57.55,32.98,0.0045,0.002964,0.003701,1.17119,1.15033,BUY,BUY,BUY,STRONG_SELL,31,8
2026-09-03 20:54:50,1.16307,1.15986,1.15579,1.15676,57.96,32.98,0.0045,0.002989,0.003706,1.17122,1.15033,BUY,BUY,BUY,STRONG_SELL,31,8
2026-09-03 21:10:45,1.16287,1.15984,1.15578,1.15676,57.69,32.98,0.0045,0.002973,0.003703,1.1712,1.15033,BUY,BUY,BUY,STRONG_SELL,31,8
2026-09-03 21:26:39,1.16288,1.15984,1.15578,1.15676,57.71,32.98,0.0045,0.002973,0.003703,1.1712,1.15033,BUY,BUY,BUY,STRONG_SELL,31,8
2026-09-03 21:42:33,1.16283,1.15984,1.15578,1.15676,57.64,32.98,0.0045,0.002969,0.003702,1.1712,1.15033,BUY,BUY,BUY,STRONG_SELL,31,8
2026-09-03 21:58:28,1.16286,1.15984,1.15578,1.15676,57.68,32.98,0.0045,0.002972,0.003703,1.1712,1.15033,BUY,BUY,BUY,STRONG_SELL,31,8
2026-09-04 08:14:21,1.16213,1.15977,1.15575,1.15675,56.49,32.98,0.00456,0.002914,0.003691,1.17114,1.15032,BUY,BUY,BUY,SELL,31,18
2026-09-04 08:30:15,1.15942,1.15951,1.15564,1.15672,52.09,32.98,0.00476,0.002697,0.003648,1.171,1.15019,BUY,NEUTRAL,SELL,SELL,26,18
2026-09-04 08:46:09,1.1593,1.1595,1.15564,1.15672,51.91,32.98,0.00478,0.002688,0.003646,1.171,1.15018,BUY,NEUTRAL,SELL,SELL,26,18
2026-09-04 09:02:03,1.16014,1.15958,1.15567,1.15673,53.19,32.98,0.00478,0.002755,0.00366,1.17102,1.15024,BUY,BUY,SELL,SELL,43,18
2026-09-04 09:17:57,1.16049,1.15961,1.15568,1.15673,53.74,32.98,0.00478,0.002783,0.003665,1.17104,1.15026,BUY,BUY,SELL,SELL,43,18
2026-09-04 09:33:51,1.1612,1.15968,1.15571,1.15674,54.9,32.98,0.00478,0.002839,0.003676,1.17108,1.15029,BUY,BUY,NEUTRAL,SELL,43,18
2026-09-04 09:35:33,1.16126,1.15969,1.15571,1.15674,55.0,32.98,0.00478,0.002844,0.003677,1.17108,1.15029,BUY,BUY,NEUTRAL,SELL,43,18
2026-09-04 09:51:27,1.16166,1.15972,1.15573,1.15674,55.67,32.98,0.00478,0.002876,0.003684,1.17111,1.15031,BUY,BUY,BUY,SELL,31,18
2026-09-04 10:07:21,1.16134,1.15969,1.15572,1.15674,55.13,32.98,0.00478,0.002851,0.003679,1.17109,1.1503,BUY,BUY,BUY,SELL,31,18
2026-09-04 10:23:15,1.16163,1.15972,1.15573,1.15674,55.62,32.98,0.00478,0.002874,0.003683,1.1711,1.15031,BUY,BUY,BUY,SELL,31,18
2026-09-04 10:39:09,1.16196,1.15975,1.15574,1.15675,56.19,32.98,0.00478,0.0029,0.003689,1.17113,1.15032,BUY,BUY,BUY,SELL,31,18
2026-09-04 10:55:03,1.1617,1.15973,1.15573,1.15674,55.74,32.98,0.00478,0.002879,0.003684,1.17111,1.15031,BUY,BUY,BUY,SELL,31,18
2026-09-04 11:10:57,1.16202,1.15976,1.15574,1.15675,56.3,32.98,0.00478,0.002905,0.00369,1.17113,1.15032,BUY,BUY,BUY,SELL,31,18
2026-09-04 11:26:51,1.16201,1.15976,1.15574,1.15675,56.28,32.98,0.00478,0.002904,0.003689,1.17113,1.15032,BUY,BUY,BUY,SELL,31,18
2026-09-04 11:42:44,1.16206,1.15976,1.15575,1.15675,56.37,32.98,0.00478,0.002908,0.00369,1.17114,1.15032,BUY,BUY,STRONG_BUY,SELL,31,18
2026-09-04 11:58:38,1.16189,1.15975,1.15574,1.15675,56.07,32.98,0.00478,0.002895,0.003687,1.17112,1.15031,BUY,BUY,BUY,SELL,31,18
2026-09-04 12:14:32,1.16217,1.15977,1.15575,1.15675,56.56,32.98,0.00478,0.002917,0.003692,1.17114,1.15032,BUY,BUY,STRONG_BUY,SELL,31,18
2026-09-04 12:30:26,1.16214,1.15977,1.15575,1.15675,56.51,32.98,0.00478,0.002914,0.003691,1.17114,1.15032,BUY,BUY,STRONG_BUY,SELL,31,18
2026-09-04 12:46:20,1.1621,1.15977,1.15575,1.15675,56.44,32.98,0.00478,0.002911,0.003691,1.17114,1.15032,BUY,BUY,STRONG_BUY,SELL,31,18
2026-09-04 13:02:13,1.16177,1.15973,1.15573,1.15674,55.86,32.98,0.00478,0.002885,0.003686,1.17111,1.15031,BUY,BUY,BUY,SELL,31,18
2026-09-04 13:18:07,1.16167,1.15973,1.15573,1.15674,55.69,32.98,0.00478,0.002877,0.003684,1.17111,1.15031,BUY,BUY,BUY,SELL,31,18
2026-09-04 13:34:01,1.16134,1.15969,1.15572,1.15674,55.13,32.98,0.00478,0.002851,0.003679,1.17109,1.1503,BUY,BUY,BUY,SELL,31,18
2026-09-04 13:49:55,1.16123,1.15968,1.15571,1.15674,54.95,32.98,0.00478,0.002842,0.003677,1.17108,1.15029,BUY,BUY,NEUTRAL,SELL,43,18
2026-09-04 14:05:49,1.16124,1.15968,1.15571,1.15674,54.96,32.98,0.00478,0.002843,0.003677,1.17108,1.15029,BUY,BUY,NEUTRAL,SELL,43,18
2026-09-04 14:21:43,1.16105,1.15967,1.15571,1.15674,54.65,32.98,0.00478,0.002827,0.003674,1.17107,1.15028,BUY,BUY,NEUTRAL,SELL,43,18
2026-09-04 14:37:37,1.16113,1.15967,1.15571,1.15674,54.78,32.98,0.00478,0.002834,0.003675,1.17107,1.15029,BUY,BUY,NEUTRAL,SELL,43,18
2026-09-04 14:53:31,1.1609,1.15965,1.1557,1.15674,54.4,32.98,0.00478,0.002816,0.003672,1.17106,1.15028,BUY,BUY,NEUTRAL,SELL,43,18
2026-09-04 15:09:25,1.16125,1.15969,1.15571,1.15674,54.98,32.98,0.00478,0.002843,0.003677,1.17108,1.15029,BUY,BUY,NEUTRAL,SELL,43,18
2026-09-04 15:25:18,1.16137,1.1597,1.15572,1.15674,55.18,32.98,0.00478,0.002853,0.003679,1.17109,1.1503,BUY,BUY,NEUTRAL,SELL,23,18
2026-09-06 17:20:07,1.1611,1.15983,1.15593,1.15678,54.7,32.13,0.00446,0.002626,0.003468,1.17098,1.1511,BUY,BUY,NEUTRAL,SELL,43,18
2026-09-06 18:31:27,1.1613,1.15985,1.15594,1.15679,55.06,32.13,0.00448,0.002642,0.003471,1.17099,1.15111,BUY,BUY,NEUTRAL,SELL,23,18
2026-09-06 18:47:20,1.16128,1.15984,1.15594,1.15679,55.03,32.13,0.00448,0.00264,0.003471,1.17099,1.15111,BUY,BUY,NEUTRAL,SELL,23,18
2026-09-06 19:03:14,1.16133,1.15985,1.15594,1.15679,55.11,32.13,0.00448,0.002644,0.003472,1.17099,1.15111,BUY,BUY,NEUTRAL,SELL,23,18
2026-09-06 19:19:09,1.16147,1.15986,1.15594,1.15679,55.32,32.13,0.00449,0.002655,0.003474,1.171,1.15112,BUY,BUY,BUY,SELL,31,18
2026-09-06 19:35:05,1.16153,1.15987,1.15595,1.15679,55.41,32.13,0.00449,0.00266,0.003475,1.17101,1.15112,BUY,BUY,BUY,SELL,31,18
2026-09-06 19:51:00,1.16131,1.15985,1.15594,1.15679,55.08,32.13,0.00449,0.002642,0.003471,1.17099,1.15111,BUY,BUY,NEUTRAL,SELL,23,18
2026-09-06 20:06:54,1.1614,1.15985,1.15594,1.15679,55.22,32.13,0.00449,0.00265,0.003473,1.171,1.15111,BUY,BUY,NEUTRAL,SELL,23,18
2026-09-06 20:22:48,1.16162,1.15988,1.15595,1.15679,55.54,32.13,0.0045,0.002667,0.003476,1.17101,1.15112,BUY,BUY,BUY,SELL,31,18
2026-09-06 20:38:41,1.16186,1.1599,1.15596,1.15679,55.88,32.13,0.00451,0.002686,0.00348,1.17103,1.15113,BUY,BUY,BUY,SELL,31,18
2026-09-06 20:54:35,1.16187,1.1599,1.15596,1.15679,55.89,32.13,0.00452,0.002687,0.00348,1.17103,1.15113,BUY,BUY,BUY,SELL,31,18
2026-09-06 21:10:29,1.16155,1.15987,1.15595,1.15679,55.43,32.13,0.00452,0.002662,0.003475,1.17101,1.15112,BUY,BUY,BUY,SELL,31,18
2026-09-06 21:26:23,1.1616,1.15987,1.15595,1.15679,55.51,32.13,0.00452,0.002666,0.003476,1.17101,1.15112,BUY,BUY,BUY,SELL,31,18
2026-09-06 21:42:17,1.16135,1.15985,1.15594,1.15679,55.14,32.13,0.00452,0.002646,0.003472,1.171,1.15111,BUY,BUY,BUY,SELL,31,18
2026-09-06 21:58:10,1.16131,1.15985,1.15594,1.15679,55.08,32.13,0.00452,0.002642,0.003471,1.17099,1.15111,BUY,BUY,BUY,SELL,31,18
2026-09-06 22:14:04,1.161,1.15982,1.15592,1.15678,54.53,32.13,0.00452,0.002618,0.003466,1.17098,1.1511,BUY,BUY,NEUTRAL,SELL,43,18
2026-09-06 22:29:58,1.16118,1.15983,1.15593,1.15678,54.85,32.13,0.00452,0.002632,0.003469,1.17099,1.1511,BUY,BUY,NEUTRAL,SELL,43,18
2026-09-06 22:45:52,1.16085,1.1598,1.15592,1.15678,54.26,32.13,0.00452,0.002606,0.003464,1.17097,1.15109,BUY,BUY,NEUTRAL,SELL,43,18
2026-09-06 23:01:46,1.16089,1.15981,1.15592,1.15678,54.33,32.13,0.00453,0.002609,0.003465,1.17097,1.15109,BUY,BUY,NEUTRAL,SELL,43,18
2026-09-07 08:08:06,1.1624,1.15995,1.15598,1.1568,56.63,32.2,0.00464,0.002729,0.003489,1.17107,1.15115,BUY,BUY,BUY,SELL,31,18
2026-09-07 08:24:00,1.16249,1.15996,1.15598,1.1568,56.76,32.2,0.00464,0.002737,0.00349,1.17107,1.15115,BUY,BUY,STRONG_BUY,SELL,31,18
2026-09-07 08:39:53,1.16268,1.15998,1.15599,1.1568,57.02,32.2,0.00464,0.002752,0.003493,1.17109,1.15115,BUY,BUY,STRONG_BUY,SELL,31,18
2026-09-07 08:55:47,1.16253,1.15996,1.15598,1.1568,56.81,32.2,0.00464,0.00274,0.003491,1.17108,1.15115,BUY,BUY,STRONG_BUY,SELL,31,18
2026-09-07 09:11:41,1.16254,1.15996,1.15598,1.1568,56.83,32.2,0.00464,0.002741,0.003491,1.17108,1.15115,BUY,BUY,STRONG_BUY,SELL,31,18
2026-09-07 09:27:35,1.16252,1.15996,1.15598,1.1568,56.8,32.2,0.00464,0.002739,0.003491,1.17107,1.15115,BUY,BUY,STRONG_BUY,SELL,31,18
2026-09-07 09:43:29,1.16256,1.15997,1.15599,1.1568,56.85,32.2,0.00464,0.002742,0.003491,1.17108,1.15115,BUY,BUY,STRONG_BUY,SELL,31,18
2026-09-07 09:59:23,1.16281,1.15999,1.156,1.1568,57.19,32.2,0.00464,0.002762,0.003495,1.1711,1.15116,BUY,BUY,STRONG_BUY,SELL,31,18
2026-09-07 10:15:16,1.16304,1.16001,1.156,1.1568,57.5,32.2,0.00464,0.00278,0.003499,1.17112,1.15116,BUY,BUY,BUY,SELL,31,18
2026-09-07 10:31:11,1.16295,1.16,1.156,1.1568,57.38,32.2,0.00464,0.002773,0.003497,1.17111,1.15116,BUY,BUY,STRONG_BUY,SELL,31,18
2026-09-07 10:47:04,1.16286,1.15999,1.156,1.1568,57.26,32.2,0.00464,0.002766,0.003496,1.1711,1.15116,BUY,BUY,STRONG_BUY,SELL,31,18
2026-09-07 11:02:58,1.16309,1.16002,1.15601,1.1568,57.56,32.2,0.00464,0.002784,0.0035,1.17112,1.15116,BUY,BUY,STRONG_BUY,SELL,31,18
2026-09-07 11:18:52,1.16268,1.15998,1.15599,1.1568,57.02,32.2,0.00464,0.002752,0.003493,1.17109,1.15115,BUY,BUY,STRONG_BUY,SELL,31,18
2026-09-07 11:34:45,1.16288,1.16,1.156,1.1568,57.28,32.2,0.00464,0.002768,0.003496,1.1711,1.15116,BUY,BUY,STRONG_BUY,SELL,31,18
2026-09-07 11:50:39,1.16279,1.15999,1.15599,1.1568,57.16,32.2,0.00464,0.00276,0.003495,1.1711,1.15116,BUY,BUY,STRONG_BUY,SELL,31,18
2026-09-07 12:06:34,1.16272,1.15998,1.15599,1.1568,57.07,32.2,0.00464,0.002755,0.003494,1.17109,1.15115,BUY,BUY,STRONG_BUY,SELL,31,18
2026-09-07 12:22:28,1.16269,1.15998,1.15599,1.1568,57.03,32.2,0.00464,0.002753,0.003493,1.17109,1.15115,BUY,BUY,STRONG_BUY,SELL,31,18
2026-09-07 12:38:21,1.16285,1.15999,1.156,1.1568,57.24,32.2,0.00464,0.002765,0.003496,1.1711,1.15116,BUY,BUY,STRONG_BUY,SELL,31,18
2026-09-07 12:54:16,1.16285,1.15999,1.156,1.1568,57.24,32.2,0.00464,0.002765,0.003496,1.1711,1.15116,BUY,BUY,STRONG_BUY,SELL,31,18
2026-09-07 13:10:09,1.16262,1.15997,1.15599,1.1568,56.93,32.2,0.00464,0.002747,0.003492,1.17108,1.15115,BUY,BUY,BUY,SELL,31,18
2026-09-07 13:26:03,1.16261,1.15997,1.15599,1.1568,56.92,32.2,0.00464,0.002746,0.003492,1.17108,1.15115,BUY,BUY,BUY,SELL,31,18
2026-09-07 13:41:57,1.1625,1.15996,1.15598,1.1568,56.77,32.2,0.00464,0.002737,0.00349,1.17107,1.15115,BUY,BUY,BUY,SELL,31,18
2026-09-07 13:57:51,1.16254,1.15996,1.15598,1.1568,56.83,32.2,0.00464,0.002741,0.003491,1.17108,1.15115,BUY,BUY,BUY,SELL,31,18
2026-09-07 14:13:45,1.16245,1.15995,1.15598,1.1568,56.7,32.2,0.00464,0.002733,0.003489,1.17107,1.15115,BUY,BUY,BUY,SELL,31,18
2026-09-07 14:29:39,1.16236,1.15995,1.15598,1.1568,56.58,32.2,0.00464,0.002726,0.003488,1.17106,1.15115,BUY,BUY,BUY,SELL,31,18
2026-09-07 14:45:33,1.1624,1.15995,1.15598,1.1568,56.63,32.2,0.00464,0.002729,0.003489,1.17107,1.15115,BUY,BUY,BUY,SELL,31,18
2026-09-07 15:01:27,1.1623,1.15994,1.15598,1.1568,56.5,32.2,0.00464,0.002721,0.003487,1.17106,1.15115,BUY,BUY,BUY,SELL,31,18
2026-09-07 15:17:20,1.1623,1.15994,1.15598,1.1568,56.5,32.2,0.00464,0.002721,0.003487,1.17106,1.15115,BUY,BUY,BUY,SELL,31,18
2026-09-07 15:33:15,1.16217,1.15993,1.15597,1.15679,56.32,32.2,0.00464,0.002711,0.003485,1.17105,1.15114,BUY,BUY,BUY,SELL,31,18
2026-09-07 15:49:09,1.16213,1.15992,1.15597,1.15679,56.26,32.2,0.00464,0.002708,0.003484,1.17105,1.15114,BUY,BUY,BUY,SELL,31,18
2026-09-07 16:05:03,1.16216,1.15993,1.15597,1.15679,56.3,32.2,0.00464,0.00271,0.003485,1.17105,1.15114,BUY,BUY,BUY,SELL,31,18
2026-09-07 16:20:57,1.16223,1.15993,1.15597,1.15679,56.4,32.2,0.00464,0.002716,0.003486,1.17105,1.15114,BUY,BUY,BUY,SELL,31,18
2026-09-07 16:36:51,1.16222,1.15993,1.15597,1.15679,56.39,32.2,0.00464,0.002715,0.003486,1.17105,1.15114,BUY,BUY,BUY,SELL,31,18
2026-09-07 16:52:45,1.1622,1.15993,1.15597,1.15679,56.36,32.2,0.00464,0.002713,0.003485,1.17105,1.15114,BUY,BUY,BUY,SELL,31,18
2026-09-07 17:07:08,1.1622,1.15993,1.15597,1.15679,56.36,32.2,0.00464,0.002713,0.003485,1.17105,1.15114,BUY,BUY,BUY,SELL,31,18
2026-09-07 17:23:02,1.1622,1.15993,1.15597,1.15679,56.36,32.2,0.00464,0.002713,0.003485,1.17105,1.15114,BUY,BUY,BUY,SELL,31,18
2026-09-07 17:38:56,1.16218,1.15993,1.15597,1.15679,56.33,32.2,0.00464,0.002712,0.003485,1.17105,1.15114,BUY,BUY,BUY,SELL,31,18
2026-09-07 17:54:50,1.1622,1.15993,1.15597,1.15679,56.36,32.2,0.00464,0.002713,0.003485,1.17105,1.15114,BUY,BUY,BUY,SELL,31,18
2026-09-07 18:10:44,1.16242,1.16017,1.15623,1.15685,56.68,31.47,0.00433,0.002597,0.003308,1.17094,1.1521,BUY,BUY,BUY,SELL,31,18
2026-09-07 18:26:38,1.16256,1.16019,1.15623,1.15685,56.89,31.47,0.00433,0.002608,0.003311,1.17095,1.15211,BUY,BUY,BUY,SELL,31,18
2026-09-07 18:42:32,1.16248,1.16018,1.15623,1.15685,56.77,31.47,0.00434,0.002602,0.003309,1.17094,1.15211,BUY,BUY,BUY,SELL,31,18
2026-09-07 18:58:26,1.16252,1.16018,1.15623,1.15685,56.83,31.47,0.00434,0.002605,0.00331,1.17094,1.15211,BUY,BUY,BUY,SELL,31,18
2026-09-07 19:14:20,1.16266,1.1602,1.15624,1.15685,57.03,31.47,0.00434,0.002616,0.003312,1.17095,1.15211,BUY,BUY,BUY,SELL,31,18
2026-09-07 19:30:14,1.16285,1.16021,1.15624,1.15686,57.3,31.47,0.00437,0.002631,0.003315,1.17097,1.15212,BUY,BUY,BUY,SELL,31,18
2026-09-07 19:46:08,1.16286,1.16021,1.15624,1.15686,57.32,31.47,0.00437,0.002632,0.003315,1.17097,1.15212,BUY,BUY,BUY,SELL,31,18
2026-09-07 20:02:02,1.163,1.16023,1.15625,1.15686,57.52,31.47,0.00437,0.002643,0.003318,1.17098,1.15212,BUY,BUY,STRONG_BUY,STRONG_SELL,31,8
2026-09-07 20:17:56,1.1625,1.16018,1.15623,1.15685,56.8,31.47,0.00437,0.002603,0.00331,1.17094,1.15211,BUY,BUY,BUY,SELL,31,18
2026-09-07 20:33:50,1.16285,1.16021,1.15624,1.15686,57.3,31.47,0.00437,0.002631,0.003315,1.17097,1.15212,BUY,BUY,BUY,STRONG_SELL,31,8
2026-09-07 20:49:43,1.16266,1.1602,1.15624,1.15685,57.03,31.47,0.00437,0.002616,0.003312,1.17095,1.15211,BUY,BUY,BUY,SELL,31,18
2026-09-07 21:05:37,1.16262,1.16019,1.15623,1.15685,56.97,31.47,0.00437,0.002613,0.003312,1.17095,1.15211,BUY,BUY,BUY,SELL,31,18
2026-09-07 21:21:31,1.16293,1.16022,1.15625,1.15686,57.42,31.47,0.00437,0.002638,0.003316,1.17097,1.15212,BUY,BUY,BUY,STRONG_SELL,31,8
2026-09-07 21:37:25,1.16307,1.16023,1.15625,1.15686,57.62,31.47,0.00439,0.002649,0.003319,1.17099,1.15212,BUY,BUY,STRONG_BUY,STRONG_SELL,31,8
2026-09-07 22:04:12,1.16333,1.16026,1.15626,1.15686,57.98,31.47,0.0044,0.002669,0.003323,1.17101,1.15212,BUY,BUY,STRONG_BUY,STRONG_SELL,31,8
2026-09-07 22:07:25,1.16328,1.16025,1.15626,1.15686,57.91,31.47,0.0044,0.002665,0.003322,1.171,1.15212,BUY,BUY,STRONG_BUY,STRONG_SELL,31,8
2026-09-07 22:10:13,1.16328,1.16025,1.15626,1.15686,57.91,31.47,0.0044,0.002665,0.003322,1.171,1.15212,BUY,BUY,BUY,STRONG_SELL,31,8
2026-09-07 22:14:31,1.16307,1.16023,1.15625,1.15686,57.62,31.47,0.0044,0.002649,0.003319,1.17099,1.15212,BUY,BUY,BUY,STRONG_SELL,31,8
2026-09-08 08:03:15,1.16145,1.16008,1.15619,1.15684,54.92,31.47,0.00451,0.002519,0.003293,1.17088,1.15206,BUY,NEUTRAL,SELL,SELL,26,18
2026-09-08 08:19:09,1.16124,1.16006,1.15618,1.15684,54.54,31.47,0.00451,0.002503,0.00329,1.17087,1.15205,BUY,NEUTRAL,SELL,SELL,26,18
2026-09-08 08:35:04,1.16173,1.16011,1.1562,1.15684,55.44,31.47,0.00451,0.002542,0.003297,1.17089,1.15208,BUY,BUY,NEUTRAL,SELL,23,18
2026-09-08 08:50:57,1.16173,1.16011,1.1562,1.15684,55.44,31.47,0.00451,0.002542,0.003297,1.17089,1.15208,BUY,BUY,NEUTRAL,SELL,23,18
2026-09-08 09:06:51,1.16222,1.16015,1.15622,1.15685,56.37,31.47,0.00451,0.002581,0.003305,1.17092,1.1521,BUY,BUY,BUY,SELL,31,18
2026-09-08 09:22:45,1.16259,1.16019,1.15623,1.15685,56.93,31.47,0.00451,0.00261,0.003311,1.17095,1.15211,BUY,BUY,BUY,STRONG_SELL,31,8
2026-09-08 09:38:39,1.16207,1.16014,1.15621,1.15685,56.08,31.47,0.00451,0.002569,0.003303,1.17091,1.15209,BUY,BUY,BUY,SELL,31,18
2026-09-08 09:54:33,1.16232,1.16016,1.15622,1.15685,56.53,31.47,0.00451,0.002589,0.003307,1.17093,1.1521,BUY,BUY,BUY,SELL,31,18
2026-09-08 10:10:27,1.16208,1.16014,1.15621,1.15685,56.1,31.47,0.00451,0.00257,0.003303,1.17091,1.15209,BUY,BUY,BUY,SELL,31,18
2026-09-08 10:26:21,1.16269,1.1602,1.15624,1.15685,57.07,31.47,0.00451,0.002618,0.003313,1.17096,1.15211,BUY,BUY,STRONG_BUY,SELL,31,18
2026-09-08 10:42:15,1.16296,1.16022,1.15625,1.15686,57.46,31.47,0.00451,0.00264,0.003317,1.17098,1.15212,BUY,BUY,STRONG_BUY,STRONG_SELL,31,8
2026-09-08 10:58:10,1.16293,1.16022,1.15625,1.15686,57.42,31.47,0.00451,0.002638,0.003316,1.17097,1.15212,BUY,BUY,STRONG_BUY,STRONG_SELL,31,8
2026-09-08 11:14:04,1.16314,1.16024,1.15625,1.15686,57.72,31.47,0.00451,0.002654,0.00332,1.17099,1.15212,BUY,BUY,STRONG_BUY,STRONG_SELL,31,8
2026-09-08 11:29:58,1.16293,1.16022,1.15625,1.15686,57.42,31.47,0.00451,0.002638,0.003316,1.17097,1.15212,BUY,BUY,STRONG_BUY,SELL,31,18
2026-09-08 11:45:52,1.16265,1.1602,1.15624,1.15685,57.07,31.47,0.00451,0.002618,0.003313,1.17096,1.15211,BUY,BUY,STRONG_BUY,SELL,31,18
2026-09-08 12:01:46,1.16258,1.16019,1.15623,1.15685,56.91,31.47,0.00451,0.00261,0.003311,1.17095,1.15211,BUY,BUY,STRONG_BUY,SELL,31,18
2026-09-08 12:17:40,1.16233,1.16016,1.15622,1.15685,56.55,31.47,0.00451,0.00259,0.003307,1.17093,1.1521,BUY,BUY,STRONG_BUY,SELL,31,18
2026-09-08 14:31:35,1.16275,1.1602,1.15624,1.15685,57.16,31.47,0.00451,0.002623,0.003314,1.17096,1.15211,BUY,BUY,BUY,SELL,31,18
2026-09-08 14:47:29,1.16303,1.16023,1.15625,1.15686,57.56,31.47,0.00451,0.002646,0.003318,1.17098,1.15212,BUY,BUY,BUY,STRONG_SELL,31,8
2026-09-08 15:03:23,1.16293,1.16022,1.15625,1.15686,57.42,31.47,0.00451,0.002638,0.003316,1.17097,1.15212,BUY,BUY,STRONG_BUY,STRONG_SELL,31,8
2026-09-08 15:19:16,1.1626,1.16019,1.15623,1.15685,56.94,31.47,0.00451,0.002611,0.003311,1.17095,1.15211,BUY,BUY,BUY,SELL,31,18
2026-09-08 15:35:10,1.16257,1.16019,1.15623,1.15685,56.9,31.47,0.00451,0.002609,0.003311,1.17095,1.15211,BUY,BUY,BUY,SELL,31,18
2026-09-08 15:51:04,1.16252,1.16018,1.15623,1.15685,56.83,31.47,0.00451,0.002605,0.00331,1.17094,1.15211,BUY,BUY,BUY,SELL,31,18
2026-09-08 16:06:57,1.16231,1.16016,1.15622,1.15685,56.52,31.47,0.00451,0.002588,0.003307,1.17093,1.1521,BUY,BUY,BUY,SELL,31,18
2026-09-08 16:22:51,1.16242,1.16017,1.15623,1.15685,56.68,31.47,0.00451,0.002597,0.003308,1.17094,1.1521,BUY,BUY,BUY,SELL,31,18
2026-09-08 16:38:45,1.16233,1.16016,1.15622,1.15685,56.55,31.47,0.00451,0.00259,0.003307,1.17093,1.1521,BUY,BUY,BUY,SELL,31,18
2026-09-08 16:54:39,1.16232,1.16016,1.15622,1.15685,56.53,31.47,0.00451,0.002589,0.003307,1.17093,1.1521,BUY,BUY,BUY,SELL,31,18
2026-09-08 17:10:33,1.16235,1.16017,1.15622,1.15685,56.58,31.47,0.00451,0.002591,0.003307,1.17093,1.1521,BUY,BUY,BUY,SELL,31,18
2026-09-08 17:26:26,1.16224,1.16016,1.15622,1.15685,56.41,31.47,0.00451,0.002583,0.003305,1.17092,1.1521,BUY,BUY,BUY,SELL,31,18
2026-09-08 17:42:20,1.16228,1.16016,1.15622,1.15685,56.47,31.47,0.00451,0.002586,0.003306,1.17093,1.1521,BUY,BUY,BUY,SELL,31,18
2026-09-08 17:58:14,1.16257,1.16019,1.15623,1.15685,56.9,31.47,0.00451,0.002609,0.003311,1.17095,1.15211,BUY,BUY,BUY,SELL,31,18
2026-09-08 18:38:04,1.16257,1.16042,1.15648,1.15691,56.88,30.8,0.0042,0.002497,0.003148,1.17045,1.15364,BUY,BUY,BUY,SELL,31,18
2026-09-08 18:53:58,1.16251,1.16041,1.15648,1.15691,56.75,30.8,0.0042,0.002492,0.003147,1.17044,1.15364,BUY,BUY,BUY,SELL,31,18
2026-09-08 19:09:51,1.16261,1.16042,1.15648,1.15691,56.96,30.8,0.0042,0.0025,0.003149,1.17045,1.15365,BUY,BUY,BUY,SELL,31,18
2026-09-08 20:22:11,1.16306,1.16046,1.1565,1.15691,57.65,30.8,0.00424,0.002536,0.003156,1.17048,1.15366,BUY,BUY,STRONG_BUY,STRONG_SELL,31,8
2026-09-08 20:38:04,1.16295,1.16045,1.1565,1.15691,57.49,30.8,0.00424,0.002527,0.003154,1.17047,1.15366,BUY,BUY,BUY,STRONG_SELL,31,8
2026-09-08 20:53:58,1.16303,1.16045,1.1565,1.15691,57.5,30.8,0.00424,0.002528,0.003155,1.17047,1.15366,BUY,BUY,STRONG_BUY,STRONG_SELL,31,8
2026-09-08 21:09:51,1.16304,1.16046,1.1565,1.15691,57.62,30.8,0.00424,0.002534,0.003156,1.17048,1.15366,BUY,BUY,STRONG_BUY,STRONG_SELL,31,8
2026-09-08 21:25:45,1.16278,1.16044,1.15649,1.15691,57.22,30.8,0.00424,0.002513,0.003152,1.17046,1.15365,BUY,BUY,BUY,SELL,31,18
2026-09-08 21:41:39,1.16289,1.16045,1.15649,1.15691,57.39,30.8,0.00424,0.002522,0.003154,1.17047,1.15366,BUY,BUY,BUY,STRONG_SELL,31,8
2026-09-08 21:57:33,1.16311,1.16047,1.1565,1.15691,57.73,30.8,0.00424,0.00254,0.003157,1.17049,1.15366,BUY,BUY,STRONG_BUY,STRONG_SELL,31,8
2026-09-08 22:13:27,1.16306,1.16046,1.1565,1.15691,57.65,30.8,0.00424,0.002536,0.003156,1.17048,1.15366,BUY,BUY,BUY,STRONG_SELL,31,8
2026-09-08 22:29:20,1.16281,1.16044,1.15649,1.15691,57.27,30.8,0.00424,0.002516,0.003152,1.17046,1.15365,BUY,BUY,BUY,STRONG_SELL,31,8
2026-09-08 22:45:14,1.16285,1.16044,1.15649,1.15691,57.33,30.8,0.00424,0.002519,0.003153,1.17047,1.15365,BUY,BUY,BUY,STRONG_SELL,31,8
2026-09-08 23:01:07,1.16306,1.16046,1.1565,1.15691,57.65,30.8,0.00424,0.002536,0.003156,1.17048,1.15366,BUY,BUY,BUY,STRONG_SELL,31,8
2026-09-08 23:17:01,1.16298,1.16046,1.1565,1.15691,57.53,30.8,0.00424,0.002529,0.003155,1.17048,1.15366,BUY,BUY,BUY,STRONG_SELL,31,8
2026-09-08 23:32:54,1.16295,1.16045,1.1565,1.15691,57.49,30.8,0.00424,0.002527,0.003154,1.17047,1.15366,BUY,BUY,BUY,STRONG_SELL,31,8
2026-09-09 08:04:25,1.16491,1.16064,1.15658,1.15693,60.31,31.15,0.00439,0.002684,0.003187,1.17065,1.15368,BUY,STRONG_BUY,STRONG_BUY,STRONG_SELL,31,8
2026-09-09 08:20:20,1.1651,1.16066,1.15658,1.15694,60.56,31.25,0.00442,0.002699,0.00319,1.17068,1.15367,BUY,STRONG_BUY,STRONG_BUY,STRONG_SELL,31,8
2026-09-09 08:36:13,1.16472,1.16061,1.15656,1.15693,59.85,31.25,0.00442,0.002657,0.003182,1.17062,1.15368,BUY,STRONG_BUY,STRONG_BUY,STRONG_SELL,31,8
2026-09-09 08:52:07,1.16433,1.16059,1.15655,1.15693,59.52,31.25,0.00442,0.002638,0.003178,1.17059,1.15368,BUY,STRONG_BUY,STRONG_BUY,STRONG_SELL,31,8
2026-09-09 09:08:01,1.16466,1.16062,1.15657,1.15693,59.97,31.25,0.00442,0.002664,0.003183,1.17063,1.15368,BUY,STRONG_BUY,STRONG_BUY,STRONG_SELL,31,8
2026-09-09 09:23:54,1.16455,1.16061,1.15656,1.15693,59.82,31.25,0.00442,0.002655,0.003181,1.17061,1.15368,BUY,STRONG_BUY,STRONG_BUY,STRONG_SELL,31,8
2026-09-09 09:39:48,1.16474,1.16063,1.15657,1.15693,60.08,31.25,0.00442,0.00267,0.003184,1.17064,1.15368,BUY,STRONG_BUY,STRONG_BUY,STRONG_SELL,31,8
2026-09-09 09:55:42,1.1647,1.16062,1.15657,1.15693,60.03,31.25,0.00442,0.002667,0.003184,1.17063,1.15368,BUY,STRONG_BUY,STRONG_BUY,STRONG_SELL,31,8
2026-09-09 10:11:35,1.16488,1.16064,1.15657,1.15693,60.27,31.25,0.00442,0.002682,0.003187,1.17065,1.15368,BUY,STRONG_BUY,BUY,STRONG_SELL,31,8
2026-09-09 10:27:29,1.16468,1.16062,1.15657,1.15693,60.0,31.25,0.00442,0.002666,0.003183,1.17063,1.15368,BUY,STRONG_BUY,BUY,STRONG_SELL,31,8
2026-09-09 10:43:23,1.16454,1.16061,1.15656,1.15693,59.81,31.25,0.00442,0.002654,0.003181,1.17061,1.15368,BUY,STRONG_BUY,BUY,STRONG_SELL,31,8
2026-09-09 10:59:16,1.16477,1.16063,1.15657,1.15693,60.12,31.25,0.00442,0.002673,0.003185,1.17064,1.15368,BUY,STRONG_BUY,BUY,STRONG_SELL,31,8
2026-09-09 12:04:58,1.16328,1.16049,1.15651,1.15692,58.0,31.25,0.00443,0.002554,0.003161,1.1705,1.15367,BUY,BUY,BUY,STRONG_SELL,31,8
2026-09-09 12:20:51,1.16288,1.16045,1.1565,1.15691,57.39,31.25,0.00443,0.002522,0.003155,1.17047,1.15366,BUY,BUY,BUY,SELL,31,18
2026-09-09 12:36:45,1.16319,1.16048,1.15651,1.15692,57.86,31.25,0.00443,0.002547,0.00316,1.17049,1.15367,BUY,BUY,BUY,STRONG_SELL,31,8
2026-09-09 12:52:39,1.16372,1.16053,1.15653,1.15692,58.65,31.25,0.00443,0.002589,0.003168,1.17053,1.15368,BUY,STRONG_BUY,BUY,STRONG_SELL,31,8
2026-09-09 13:08:33,1.16396,1.16055,1.15654,1.15692,58.99,31.25,0.00443,0.002608,0.003172,1.17056,1.15368,BUY,STRONG_BUY,BUY,STRONG_SELL,31,8
2026-09-09 13:24:26,1.16398,1.16055,1.15654,1.15692,59.02,31.25,0.00443,0.00261,0.003172,1.17056,1.15368,BUY,STRONG_BUY,BUY,STRONG_SELL,31,8
2026-09-09 13:40:21,1.16379,1.16054,1.15653,1.15692,58.75,31.25,0.00443,0.002595,0.003169,1.17054,1.15368,BUY,STRONG_BUY,BUY,STRONG_SELL,31,8
2026-09-09 13:56:15,1.1639,1.16055,1.15654,1.15692,58.91,31.25,0.00443,0.002603,0.003171,1.17055,1.15368,BUY,STRONG_BUY,BUY,STRONG_SELL,31,8
2026-09-09 14:12:09,1.16382,1.16054,1.15653,1.15692,58.79,31.25,0.00443,0.002597,0.00317,1.17054,1.15368,BUY,STRONG_BUY,STRONG_BUY,STRONG_SELL,31,8
2026-09-09 14:28:03,1.16357,1.16052,1.15652,1.15692,58.43,31.25,0.00443,0.002577,0.003166,1.17052,1.15368,BUY,STRONG_BUY,BUY,STRONG_SELL,31,8
2026-09-09 14:43:57,1.16311,1.16047,1.15651,1.15692,57.74,31.25,0.00443,0.00254,0.003158,1.17048,1.15367,BUY,BUY,BUY,STRONG_SELL,31,8
2026-09-09 14:59:51,1.16294,1.16046,1.1565,1.15691,57.48,31.25,0.00443,0.002527,0.003156,1.17047,1.15366,BUY,BUY,BUY,SELL,31,18
2026-09-09 15:15:45,1.16265,1.16043,1.15649,1.15691,57.03,31.25,0.00443,0.002504,0.003151,1.17045,1.15365,BUY,BUY,BUY,SELL,31,18
2026-09-09 15:31:38,1.16278,1.16044,1.15649,1.15691,57.24,31.25,0.00443,0.002514,0.003153,1.17046,1.15366,BUY,BUY,BUY,SELL,31,18
2026-09-09 15:47:32,1.16313,1.16047,1.15651,1.15692,57.77,31.25,0.00443,0.002542,0.003159,1.17049,1.15367,BUY,BUY,BUY,STRONG_SELL,31,8
2026-09-09 16:03:26,1.16292,1.16045,1.1565,1.15691,57.45,31.25,0.00443,0.002525,0.003155,1.17047,1.15366,BUY,BUY,BUY,SELL,31,18
2026-09-09 16:19:19,1.16278,1.16044,1.15649,1.15691,57.24,31.25,0.00443,0.002514,0.003153,1.17046,1.15366,BUY,BUY,BUY,SELL,31,18
2026-09-09 16:35:13,1.16311,1.16047,1.15651,1.15692,57.74,31.25,0.00443,0.00254,0.003158,1.17048,1.15367,BUY,BUY,BUY,STRONG_SELL,31,8
2026-09-09 16:51:07,1.16327,1.16049,1.15651,1.15692,57.99,31.25,0.00443,0.002553,0.003161,1.1705,1.15367,BUY,BUY,BUY,STRONG_SELL,31,8
2026-09-09 18:49:46,1.16365,1.1608,1.1568,1.15699,58.57,31.04,0.00414,0.002518,0.003035,1.16991,1.15536,BUY,BUY,STRONG_BUY,STRONG_SELL,31,8
2026-09-09 19:05:39,1.1637,1.16081,1.1568,1.15699,58.65,31.04,0.00414,0.002522,0.003035,1.16991,1.15536,BUY,BUY,STRONG_BUY,STRONG_SELL,31,8
2026-09-09 19:21:33,1.16368,1.16081,1.1568,1.15699,58.62,31.04,0.00414,0.002521,0.003035,1.16991,1.15536,BUY,BUY,STRONG_BUY,STRONG_SELL,31,8
2026-09-09 19:37:27,1.1636,1.1608,1.1568,1.15699,58.49,31.04,0.00414,0.002514,0.003034,1.1699,1.15536,BUY,BUY,STRONG_BUY,STRONG_SELL,31,8
2026-09-09 19:53:22,1.16339,1.16078,1.15679,1.15698,58.12,31.04,0.00414,0.002498,0.003031,1.16989,1.15536,BUY,BUY,STRONG_BUY,STRONG_SELL,31,8
2026-09-09 20:09:17,1.16325,1.16077,1.15678,1.15698,57.81,31.04,0.00416,0.002486,0.003028,1.16988,1.15535,BUY,BUY,BUY,SELL,31,18
2026-09-09 20:25:12,1.16316,1.16076,1.15678,1.15698,57.62,31.04,0.00416,0.002479,0.003027,1.16987,1.15535,BUY,BUY,BUY,SELL,31,18
2026-09-09 20:41:07,1.16315,1.16076,1.15678,1.15698,57.59,31.04,0.00417,0.002479,0.003027,1.16987,1.15535,BUY,BUY,BUY,SELL,31,18
2026-09-09 20:57:02,1.16322,1.16076,1.15678,1.15698,57.75,31.04,0.00417,0.002484,0.003028,1.16988,1.15535,BUY,BUY,STRONG_BUY,SELL,31,18
2026-09-09 21:12:57,1.16342,1.16078,1.15679,1.15698,58.19,31.04,0.00417,0.0025,0.003031,1.16989,1.15536,BUY,BUY,STRONG_BUY,SELL,31,18
2026-09-09 21:28:52,1.16333,1.16077,1.15679,1.15698,57.99,31.04,0.00417,0.002493,0.00303,1.16988,1.15535,BUY,BUY,STRONG_BUY,SELL,31,18
2026-09-09 21:44:46,1.16335,1.16077,1.15679,1.15698,58.03,31.04,0.00417,0.002494,0.00303,1.16989,1.15536,BUY,BUY,STRONG_BUY,SELL,31,18
2026-09-09 22:00:40,1.16393,1.16083,1.15681,1.15699,59.0,31.04,0.00419,0.002541,0.003039,1.16993,1.15537,BUY,BUY,BUY,STRONG_SELL,31,8
2026-09-09 22:16:33,1.16371,1.16081,1.1568,1.15699,58.66,31.04,0.0042,0.002523,0.003036,1.16991,1.15536,BUY,BUY,BUY,STRONG_SELL,31,8
2026-09-10 08:10:33,1.16172,1.16062,1.15672,1.15697,54.64,30.79,0.00431,0.002364,0.003004,1.16981,1.15527,BUY,NEUTRAL,SELL,SELL,26,18
2026-09-10 08:26:27,1.1622,1.16067,1.15674,1.15697,55.6,30.64,0.00434,0.002403,0.003012,1.16982,1.1553,BUY,BUY,SELL,SELL,23,18
2026-09-10 08:39:01,1.1592,1.16038,1.15662,1.15694,50.12,29.96,0.00447,0.002163,0.002964,1.16982,1.15501,BUY,SELL,SELL,SELL,26,35
2026-09-10 08:54:55,1.16033,1.1605,1.15667,1.15695,52.28,29.97,0.00447,0.002264,0.002984,1.16979,1.15516,BUY,NEUTRAL,SELL,SELL,26,18
2026-09-10 09:10:49,1.16012,1.16047,1.15666,1.15695,51.68,29.97,0.00447,0.002237,0.002978,1.1698,1.15512,BUY,NEUTRAL,SELL,SELL,26,18
2026-09-10 09:26:42,1.15996,1.16045,1.15665,1.15695,51.4,29.97,0.00447,0.002224,0.002976,1.1698,1.1551,BUY,NEUTRAL,SELL,SELL,26,18
2026-09-10 11:04:46,1.16279,1.16072,1.15676,1.15698,56.82,29.97,0.00447,0.00245,0.003021,1.16985,1.15533,BUY,BUY,BUY,SELL,31,18
2026-09-10 11:20:40,1.16284,1.16073,1.15677,1.15698,56.93,29.97,0.00447,0.002454,0.003022,1.16985,1.15534,BUY,BUY,BUY,SELL,31,18
2026-09-10 11:36:33,1.1629,1.16073,1.15677,1.15698,57.05,29.97,0.00447,0.002459,0.003023,1.16986,1.15534,BUY,BUY,BUY,SELL,31,18
2026-09-10 11:52:27,1.16296,1.16074,1.15677,1.15698,57.18,29.97,0.00447,0.002463,0.003024,1.16986,1.15534,BUY,BUY,BUY,SELL,31,18
2026-09-10 12:08:21,1.16237,1.16068,1.15675,1.15697,55.95,29.97,0.00447,0.002416,0.003014,1.16983,1.15531,BUY,BUY,NEUTRAL,SELL,23,18
2026-09-10 12:24:14,1.16275,1.16072,1.15676,1.15698,56.74,29.97,0.00447,0.002447,0.00302,1.16985,1.15533,BUY,BUY,NEUTRAL,SELL,23,18
2026-09-10 12:40:08,1.16198,1.16064,1.15673,1.15697,55.16,29.97,0.00447,0.002385,0.003008,1.16981,1.15529,BUY,NEUTRAL,SELL,SELL,6,18
2026-09-10 12:56:01,1.16195,1.16064,1.15673,1.15697,55.1,29.97,0.00447,0.002383,0.003008,1.16981,1.15529,BUY,NEUTRAL,SELL,SELL,6,18
2026-09-10 13:11:55,1.16206,1.16065,1.15674,1.15697,55.32,29.97,0.00447,0.002392,0.003009,1.16982,1.15529,BUY,NEUTRAL,SELL,SELL,6,18
2026-09-10 13:27:49,1.16209,1.16065,1.15674,1.15697,55.38,29.97,0.00447,0.002394,0.00301,1.16982,1.1553,BUY,BUY,SELL,SELL,23,18
2026-09-10 13:43:43,1.162,1.16065,1.15673,1.15697,55.2,29.97,0.00447,0.002387,0.003008,1.16982,1.15529,BUY,NEUTRAL,SELL,SELL,6,18
2026-09-10 13:59:37,1.16189,1.16064,1.15673,1.15697,54.98,29.97,0.00447,0.002378,0.003007,1.16981,1.15528,BUY,NEUTRAL,SELL,SELL,26,18
2026-09-10 14:15:30,1.16125,1.16057,1.1567,1.15696,53.74,29.97,0.00447,0.002327,0.002996,1.1698,1.15523,BUY,NEUTRAL,SELL,SELL,26,18
2026-09-10 14:31:24,1.16143,1.16059,1.15671,1.15696,54.0,29.97,0.00447,0.002338,0.002999,1.1698,1.15525,BUY,NEUTRAL,SELL,SELL,26,18
2026-09-10 14:47:18,1.16131,1.16058,1.15671,1.15696,53.85,29.97,0.00447,0.002332,0.002997,1.1698,1.15524,BUY,NEUTRAL,SELL,SELL,26,18
2026-09-10 15:03:11,1.16106,1.16056,1.1567,1.15696,53.38,29.97,0.00447,0.002312,0.002993,1.16979,1.15522,BUY,NEUTRAL,SELL,SELL,26,18
2026-09-10 15:19:05,1.16098,1.16055,1.15669,1.15696,53.23,29.97,0.00447,0.002305,0.002992,1.16979,1.15521,BUY,NEUTRAL,SELL,SELL,26,18
2026-09-10 15:34:59,1.1612,1.16057,1.1567,1.15696,53.64,29.97,0.00447,0.002323,0.002996,1.1698,1.15523,BUY,NEUTRAL,SELL,SELL,26,18
2026-09-10 15:50:53,1.16108,1.16056,1.1567,1.15696,53.42,29.97,0.00447,0.002313,0.002994,1.16979,1.15522,BUY,NEUTRAL,SELL,SELL,26,18
2026-09-10 16:06:47,1.16095,1.16055,1.15669,1.15696,53.18,29.97,0.00447,0.002303,0.002992,1.16979,1.15521,BUY,NEUTRAL,SELL,SELL,26,18
2026-09-10 16:22:41,1.16067,1.16052,1.15668,1.15696,52.66,29.97,0.00447,0.002281,0.002987,1.16979,1.15518,BUY,NEUTRAL,SELL,SELL,26,18
2026-09-10 16:38:34,1.16091,1.16054,1.15669,1.15696,53.1,29.97,0.00447,0.0023,0.002991,1.16979,1.1552,BUY,NEUTRAL,SELL,SELL,26,18
2026-09-11 08:37:44,1.15858,1.16036,1.15676,1.15697,48.84,28.01,0.00449,0.001878,0.002768,1.16961,1.1556,BUY,SELL,SELL,SELL,26,35
2026-09-11 08:53:37,1.16018,1.16051,1.15683,1.15699,51.69,28.01,0.00449,0.002006,0.002794,1.16953,1.15583,BUY,NEUTRAL,SELL,SELL,26,18
2026-09-11 09:09:31,1.16005,1.1605,1.15682,1.15699,51.44,28.01,0.00449,0.001995,0.002792,1.16954,1.15581,BUY,NEUTRAL,SELL,SELL,26,18
2026-09-11 13:18:49,1.1598,1.16047,1.15681,1.15699,50.98,28.01,0.00449,0.001975,0.002788,1.16955,1.15578,BUY,NEUTRAL,SELL,SELL,26,18
2026-09-11 13:34:43,1.15987,1.16048,1.15682,1.15699,51.11,28.01,0.00449,0.001981,0.002789,1.16954,1.15579,BUY,NEUTRAL,SELL,SELL,26,18
2026-09-11 13:50:37,1.15987,1.16048,1.15682,1.15699,51.11,28.01,0.00449,0.001981,0.002789,1.16954,1.15579,BUY,NEUTRAL,SELL,SELL,26,18
2026-09-11 15:28:19,1.15966,1.16046,1.15681,1.15699,50.73,28.01,0.00449,0.001964,0.002786,1.16955,1.15576,BUY,NEUTRAL,SELL,SELL,26,18
2026-09-11 15:44:13,1.15954,1.16045,1.1568,1.15698,50.51,28.01,0.00449,0.001955,0.002784,1.16955,1.15575,BUY,NEUTRAL,SELL,SELL,26,18
2026-09-11 16:00:07,1.15963,1.16046,1.15681,1.15699,50.67,28.01,0.00449,0.001962,0.002785,1.16955,1.15576,BUY,NEUTRAL,SELL,SELL,26,18
2026-09-11 16:16:01,1.15935,1.16043,1.15679,1.15698,50.17,28.01,0.00449,0.001939,0.002781,1.16956,1.15572,BUY,NEUTRAL,SELL,SELL,26,18
2026-09-11 16:31:54,1.15934,1.16043,1.15679,1.15698,50.15,28.01,0.00449,0.001939,0.002781,1.16956,1.15572,BUY,NEUTRAL,SELL,SELL,26,18
2026-09-11 16:47:48,1.15945,1.16044,1.1568,1.15698,50.35,28.01,0.00449,0.001947,0.002782,1.16956,1.15573,BUY,NEUTRAL,SELL,SELL,26,18
2026-09-13 18:14:26,1.1595,1.16036,1.15691,1.15701,50.42,26.19,0.00424,0.001662,0.00256,1.16943,1.15605,BUY,NEUTRAL,SELL,SELL,26,18
2026-09-13 18:30:20,1.15913,1.16033,1.1569,1.15701,49.72,26.19,0.00424,0.001633,0.002554,1.16945,1.15599,BUY,NEUTRAL,SELL,NEUTRAL,26,28
2026-09-13 18:46:14,1.15911,1.16032,1.1569,1.15701,49.68,26.19,0.00424,0.001631,0.002554,1.16945,1.15599,BUY,NEUTRAL,SELL,NEUTRAL,26,28
2026-09-13 19:02:08,1.15908,1.16032,1.15689,1.15701,49.62,26.19,0.00425,0.001629,0.002553,1.16945,1.15598,BUY,NEUTRAL,SELL,NEUTRAL,26,28
2026-09-13 19:18:01,1.15898,1.16031,1.15689,1.157,49.44,26.19,0.00425,0.001621,0.002552,1.16946,1.15597,BUY,NEUTRAL,SELL,NEUTRAL,26,28
2026-09-13 19:33:55,1.15911,1.16032,1.1569,1.15701,49.68,26.19,0.00425,0.001631,0.002554,1.16945,1.15599,BUY,NEUTRAL,SELL,NEUTRAL,26,28
2026-09-13 19:49:49,1.1592,1.16033,1.1569,1.15701,49.85,26.19,0.00425,0.001638,0.002555,1.16945,1.156,BUY,NEUTRAL,SELL,SELL,26,18
2026-09-13 20:05:42,1.1595,1.16036,1.15691,1.15701,50.42,26.19,0.00425,0.001662,0.00256,1.16943,1.15605,BUY,NEUTRAL,SELL,SELL,26,18
2026-09-13 20:21:36,1.15898,1.16031,1.15689,1.157,49.44,26.19,0.00425,0.001621,0.002552,1.16946,1.15597,BUY,NEUTRAL,SELL,NEUTRAL,26,28
2026-09-13 20:37:30,1.15862,1.16028,1.15688,1.157,48.78,26.19,0.00428,0.001592,0.002546,1.16948,1.15591,BUY,SELL,SELL,NEUTRAL,26,45
2026-09-13 20:53:24,1.15875,1.16029,1.15688,1.157,49.01,26.19,0.00428,0.001602,0.002548,1.16948,1.15593,BUY,SELL,SELL,NEUTRAL,26,45
2026-09-13 21:09:18,1.15846,1.16026,1.15687,1.157,48.49,26.19,0.00429,0.001579,0.002544,1.1695,1.15588,BUY,SELL,STRONG_SELL,NEUTRAL,26,45
2026-09-13 21:25:11,1.15861,1.16028,1.15688,1.157,48.76,26.19,0.00429,0.001591,0.002546,1.16949,1.1559,BUY,SELL,SELL,NEUTRAL,26,45
2026-09-13 21:41:05,1.15881,1.1603,1.15688,1.157,49.12,26.19,0.00429,0.001607,0.002549,1.16947,1.15594,BUY,NEUTRAL,SELL,NEUTRAL,26,28
2026-09-13 21:57:01,1.15865,1.16028,1.15688,1.157,48.83,26.19,0.00429,0.001595,0.002547,1.16948,1.15591,BUY,SELL,SELL,NEUTRAL,26,45
2026-09-13 22:12:56,1.15874,1.16029,1.15688,1.157,48.99,26.19,0.00429,0.001602,0.002548,1.16948,1.15593,BUY,SELL,SELL,NEUTRAL,26,45
2026-09-14 06:20:29,1.15376,1.15982,1.15669,1.15695,41.33,26.81,0.00464,0.001204,0.002469,1.1701,1.1548,SELL,SELL,SELL,BUY,10,44
2026-09-14 19:08:36,1.15514,1.15946,1.15666,1.15695,43.39,26.21,0.00441,0.000774,0.002143,1.17017,1.15462,NEUTRAL,SELL,SELL,BUY,10,36
2026-09-14 19:24:30,1.155,1.15945,1.15666,1.15694,43.12,26.21,0.00441,0.000763,0.002141,1.17019,1.15458,NEUTRAL,SELL,SELL,BUY,10,36
2026-09-14 19:40:24,1.1548,1.15943,1.15665,1.15694,42.78,26.21,0.00441,0.000749,0.002138,1.17022,1.15454,NEUTRAL,SELL,SELL,BUY,10,36
2026-09-14 19:56:18,1.15474,1.15942,1.15665,1.15694,42.63,26.21,0.00442,0.000742,0.002137,1.17023,1.15452,NEUTRAL,SELL,SELL,NEUTRAL,20,36
2026-09-14 20:12:12,1.15463,1.15941,1.15664,1.15694,42.47,26.21,0.00443,0.000733,0.002135,1.17025,1.15449,SELL,SELL,SELL,NEUTRAL,20,44
2026-09-14 21:03:51,1.15434,1.15938,1.15663,1.15694,42.05,26.21,0.00445,0.00071,0.00213,1.17029,1.15442,SELL,SELL,SELL,BUY,10,44
2026-09-14 21:19:44,1.15416,1.15937,1.15663,1.15694,41.8,26.21,0.00446,0.000697,0.002128,1.17032,1.15438,SELL,SELL,SELL,BUY,10,44
2026-09-14 21:35:38,1.15387,1.15934,1.15661,1.15693,41.38,26.21,0.00448,0.000673,0.002123,1.17036,1.1543,SELL,SELL,SELL,BUY,10,44
2026-09-14 22:29:38,1.15367,1.15932,1.15661,1.15693,41.1,26.21,0.0045,0.000657,0.00212,1.1704,1.15425,SELL,SELL,SELL,BUY,10,44
2026-09-15 02:50:06,1.15389,1.15934,1.15662,1.15693,41.4,26.21,0.0045,0.000674,0.002123,1.17036,1.1543,SELL,SELL,SELL,BUY,10,44
2026-09-15 03:08:16,1.15398,1.15935,1.15662,1.15693,41.53,26.21,0.0045,0.000681,0.002125,1.17035,1.15433,SELL,SELL,SELL,BUY,10,44
2026-09-15 03:14:25,1.1539,1.15934,1.15662,1.15693,41.42,26.21,0.0045,0.000675,0.002123,1.17036,1.15431,SELL,SELL,SELL,BUY,10,44
2026-09-15 08:23:58,1.15372,1.15933,1.15661,1.15693,41.17,26.21,0.00456,0.000661,0.00212,1.17039,1.15426,SELL,SELL,SELL,BUY,10,44
2026-09-15 13:46:38,1.15442,1.15939,1.15664,1.15694,42.16,26.21,0.00456,0.000717,0.002132,1.17028,1.15444,SELL,SELL,SELL,BUY,10,44
2026-09-15 17:56:06,1.15374,1.15933,1.15661,1.15693,41.2,26.21,0.00456,0.000662,0.002121,1.17038,1.15427,SELL,SELL,STRONG_SELL,BUY,10,44
2026-09-15 20:54:59,1.15404,1.15936,1.15662,1.15693,41.62,26.21,0.00456,0.000686,0.002126,1.17034,1.15434,SELL,SELL,SELL,BUY,10,44
2026-09-15 23:24:29,1.15379,1.15881,1.1565,1.1569,41.25,25.4,0.00429,0.000178,0.001734,1.17009,1.15319,SELL,SELL,SELL,BUY,10,44
2026-09-16 01:32:27,1.15327,1.15876,1.15648,1.1569,40.49,25.4,0.00432,0.000137,0.001726,1.17016,1.15306,SELL,SELL,STRONG_SELL,BUY,10,44
2026-09-16 06:47:09,1.15459,1.15889,1.15654,1.15691,42.86,25.4,0.00438,0.000242,0.001747,1.16999,1.15337,SELL,SELL,SELL,BUY,10,44
2026-09-16 12:25:46,1.1533,1.15875,1.15648,1.15689,40.59,25.25,0.00442,0.000135,0.001721,1.17015,1.15305,SELL,SELL,SELL,BUY,10,44
