timestamp,close,ema20,ema50,ema200,rsi,adx,atr,macd,macd_signal,bb_upper,bb_lower,rec_w,rec_d,rec_4h,dxy_rec,score_b,score_s
2026-08-09 17:07:00,0.7061,0.70099,0.70114,0.69241,59.43,13.42,0.003,0.001831,0.000829,0.70685,0.69399,BUY,BUY,STRONG_BUY,SELL,46,5
2026-08-09 17:12:31,0.70584,0.70096,0.70113,0.6924,58.95,13.42,0.003,0.00181,0.000825,0.70679,0.69403,BUY,BUY,STRONG_BUY,,46,15
2026-08-09 17:28:11,0.70574,0.70095,0.70113,0.6924,58.76,13.42,0.003,0.001802,0.000823,0.70677,0.69404,BUY,BUY,STRONG_BUY,SELL,46,5
2026-08-09 17:43:52,0.70611,0.70099,0.70114,0.69241,59.45,13.42,0.003,0.001831,0.000829,0.70685,0.69399,BUY,BUY,STRONG_BUY,SELL,46,5
2026-08-09 17:59:32,0.70662,0.70103,0.70116,0.69241,60.42,13.42,0.003,0.001872,0.000837,0.70697,0.69392,STRONG_BUY,BUY,STRONG_BUY,SELL,46,5
2026-08-09 19:20:10,0.70664,0.70104,0.70116,0.69241,60.46,13.42,0.003,0.001874,0.000837,0.70697,0.69392,STRONG_BUY,BUY,BUY,SELL,46,5
2026-08-09 19:35:50,0.70651,0.70102,0.70116,0.69241,60.21,13.42,0.003,0.001863,0.000835,0.70694,0.69394,STRONG_BUY,BUY,BUY,SELL,46,5
2026-08-09 19:51:31,0.70642,0.70102,0.70115,0.69241,60.04,13.42,0.003,0.001856,0.000834,0.70692,0.69395,STRONG_BUY,BUY,BUY,SELL,46,5
2026-08-09 20:07:12,0.70664,0.70104,0.70116,0.69241,60.46,13.42,0.003,0.001874,0.000837,0.70697,0.69392,STRONG_BUY,BUY,BUY,SELL,46,5
2026-08-09 20:22:52,0.70661,0.70103,0.70116,0.69241,60.4,13.42,0.003,0.001871,0.000837,0.70697,0.69393,STRONG_BUY,BUY,BUY,SELL,46,5
2026-08-09 20:38:33,0.70632,0.70101,0.70115,0.69241,59.85,13.42,0.003,0.001848,0.000832,0.7069,0.69397,BUY,BUY,BUY,SELL,46,5
2026-08-09 20:54:14,0.70635,0.70101,0.70115,0.69241,59.9,13.42,0.003,0.001851,0.000833,0.7069,0.69396,STRONG_BUY,BUY,BUY,SELL,46,5
2026-08-09 21:03:43,0.70607,0.70098,0.70114,0.69241,59.37,13.42,0.003,0.001828,0.000828,0.70684,0.694,BUY,BUY,BUY,SELL,46,5
2026-08-09 21:19:25,0.70614,0.70099,0.70114,0.69241,59.5,13.42,0.003,0.001834,0.000829,0.70686,0.69399,BUY,BUY,BUY,SELL,46,5
2026-08-09 21:35:06,0.70615,0.70099,0.70114,0.69241,59.52,13.42,0.003,0.001835,0.00083,0.70686,0.69399,BUY,BUY,BUY,SELL,46,5
2026-08-09 21:50:47,0.70634,0.70101,0.70115,0.69241,59.88,13.42,0.003,0.00185,0.000833,0.7069,0.69396,BUY,BUY,BUY,SELL,46,5
2026-08-09 22:04:07,0.70642,0.70102,0.70115,0.69241,60.04,13.42,0.003,0.001856,0.000834,0.70692,0.69395,STRONG_BUY,BUY,BUY,SELL,46,5
2026-08-09 22:19:47,0.70636,0.70101,0.70115,0.69241,59.92,13.42,0.003,0.001851,0.000833,0.70691,0.69396,STRONG_BUY,BUY,BUY,SELL,46,5
2026-08-09 22:35:28,0.70637,0.70101,0.70115,0.69241,59.94,13.42,0.003,0.001852,0.000833,0.70691,0.69396,STRONG_BUY,BUY,BUY,SELL,46,5
2026-08-09 22:51:09,0.70618,0.70099,0.70114,0.69241,59.58,13.42,0.003,0.001837,0.00083,0.70687,0.69398,BUY,BUY,BUY,SELL,46,5
2026-08-09 23:06:49,0.70584,0.70096,0.70113,0.6924,58.95,13.42,0.003,0.00181,0.000825,0.70679,0.69403,BUY,BUY,BUY,SELL,46,5
2026-08-10 08:02:44,0.70627,0.701,0.70115,0.69241,59.75,13.42,0.003,0.001844,0.000832,0.70689,0.69397,BUY,BUY,BUY,SELL,46,5
2026-08-10 08:18:25,0.70595,0.70097,0.70114,0.6924,59.15,13.42,0.003,0.001819,0.000826,0.70681,0.69401,BUY,BUY,BUY,SELL,46,5
2026-08-10 08:34:05,0.70589,0.70097,0.70113,0.6924,59.04,13.42,0.003,0.001814,0.000826,0.7068,0.69402,BUY,BUY,BUY,NEUTRAL,46,15
2026-08-10 08:45:45,0.7057,0.70095,0.70113,0.6924,58.69,13.42,0.003,0.001799,0.000822,0.70676,0.69404,BUY,BUY,BUY,NEUTRAL,46,15
2026-08-10 09:01:26,0.70572,0.70095,0.70113,0.6924,58.73,13.42,0.003,0.0018,0.000823,0.70676,0.69404,BUY,BUY,BUY,NEUTRAL,46,15
2026-08-10 09:17:07,0.70582,0.70096,0.70113,0.6924,58.91,13.42,0.003,0.001808,0.000824,0.70678,0.69403,BUY,BUY,BUY,SELL,46,5
2026-08-10 09:32:47,0.70574,0.70095,0.70113,0.6924,58.76,13.42,0.003,0.001802,0.000823,0.70677,0.69404,BUY,BUY,BUY,NEUTRAL,46,15
2026-08-10 10:29:01,0.7064,0.70101,0.70115,0.69241,60.0,13.42,0.003,0.001855,0.000834,0.70692,0.69395,STRONG_BUY,BUY,STRONG_BUY,SELL,46,5
2026-08-10 10:44:41,0.70647,0.70102,0.70116,0.69241,60.13,13.42,0.003,0.00186,0.000835,0.70693,0.69395,STRONG_BUY,BUY,STRONG_BUY,SELL,46,5
2026-08-10 11:00:22,0.70624,0.701,0.70115,0.69241,59.69,13.42,0.003,0.001842,0.000831,0.70688,0.69398,BUY,BUY,BUY,SELL,46,5
2026-08-10 11:16:02,0.70645,0.70102,0.70116,0.69241,60.09,13.42,0.003,0.001859,0.000834,0.70693,0.69395,STRONG_BUY,BUY,STRONG_BUY,SELL,46,5
2026-08-10 13:59:16,0.70545,0.70092,0.70112,0.6924,58.24,13.42,0.003,0.001779,0.000818,0.70671,0.69407,BUY,BUY,BUY,NEUTRAL,46,15
2026-08-10 14:14:57,0.70554,0.70093,0.70112,0.6924,58.4,13.42,0.003,0.001786,0.00082,0.70672,0.69406,BUY,BUY,BUY,NEUTRAL,46,15
2026-08-10 14:30:37,0.7055,0.70093,0.70112,0.6924,58.33,13.42,0.003,0.001783,0.000819,0.70672,0.69407,BUY,BUY,BUY,NEUTRAL,46,15
2026-08-10 14:46:18,0.70576,0.70095,0.70113,0.6924,58.8,13.42,0.003,0.001803,0.000823,0.70677,0.69404,BUY,BUY,BUY,NEUTRAL,46,15
2026-08-10 15:01:58,0.70553,0.70093,0.70112,0.6924,58.38,13.42,0.003,0.001785,0.00082,0.70672,0.69406,BUY,BUY,BUY,NEUTRAL,46,15
2026-08-10 15:17:39,0.70559,0.70094,0.70112,0.6924,58.49,13.42,0.003,0.00179,0.000821,0.70673,0.69406,BUY,BUY,BUY,NEUTRAL,46,15
2026-08-10 15:33:19,0.70551,0.70093,0.70112,0.6924,58.34,13.42,0.003,0.001784,0.000819,0.70672,0.69406,BUY,BUY,BUY,NEUTRAL,46,15
2026-08-10 15:49:00,0.70567,0.70094,0.70112,0.6924,58.63,13.42,0.003,0.001796,0.000822,0.70675,0.69405,BUY,BUY,BUY,NEUTRAL,46,15
2026-08-10 16:04:41,0.70548,0.70093,0.70112,0.6924,58.29,13.42,0.003,0.001781,0.000819,0.70671,0.69407,BUY,BUY,BUY,NEUTRAL,46,15
2026-08-10 16:20:22,0.70533,0.70091,0.70111,0.6924,58.02,13.42,0.003,0.001769,0.000817,0.70668,0.69408,BUY,BUY,BUY,NEUTRAL,46,15
2026-08-10 16:36:02,0.7053,0.70091,0.70111,0.6924,57.97,13.42,0.003,0.001767,0.000816,0.70667,0.69409,BUY,BUY,BUY,NEUTRAL,46,15
2026-08-10 18:04:35,0.70542,0.70135,0.70128,0.69253,58.17,13.28,0.003,0.001892,0.001033,0.70729,0.69431,BUY,BUY,BUY,NEUTRAL,50,15
2026-08-10 19:06:28,0.70558,0.70136,0.70129,0.69253,58.39,13.28,0.003,0.001905,0.001035,0.70732,0.69429,BUY,BUY,BUY,NEUTRAL,50,15
2026-08-10 19:22:09,0.70562,0.70137,0.70129,0.69253,58.45,13.28,0.003,0.001908,0.001036,0.70733,0.69429,BUY,BUY,BUY,NEUTRAL,50,15
2026-08-10 19:37:50,0.70549,0.70135,0.70129,0.69253,58.27,13.28,0.003,0.001898,0.001034,0.7073,0.6943,BUY,BUY,BUY,SELL,50,5
2026-08-10 19:53:31,0.7054,0.70135,0.70128,0.69253,58.15,13.28,0.003,0.00189,0.001032,0.70728,0.69431,BUY,BUY,BUY,SELL,50,5
2026-08-10 20:09:12,0.70551,0.70136,0.70129,0.69253,58.3,13.28,0.003,0.001899,0.001034,0.70731,0.6943,BUY,BUY,BUY,SELL,50,5
2026-08-10 20:48:26,0.70564,0.70137,0.70129,0.69253,58.48,13.28,0.003,0.00191,0.001036,0.70733,0.69429,BUY,BUY,BUY,SELL,50,5
2026-08-10 20:57:15,0.70556,0.70136,0.70129,0.69253,58.37,13.28,0.003,0.001903,0.001035,0.70732,0.69429,BUY,BUY,BUY,SELL,50,5
2026-08-10 21:33:30,0.70616,0.70142,0.70131,0.69254,59.18,13.22,0.00434,0.001951,0.001044,0.70744,0.69423,BUY,BUY,BUY,SELL,50,5
2026-08-10 21:40:38,0.70604,0.70141,0.70131,0.69253,59.02,13.22,0.00434,0.001942,0.001042,0.70741,0.69425,BUY,BUY,BUY,SELL,50,5
2026-08-10 21:52:16,0.70593,0.7014,0.7013,0.69253,58.87,13.22,0.00434,0.001933,0.001041,0.70739,0.69426,BUY,BUY,BUY,SELL,50,5
2026-08-11 08:09:05,0.70635,0.70144,0.70132,0.69254,59.43,12.8,0.00446,0.001966,0.001047,0.70748,0.69421,STRONG_BUY,BUY,STRONG_BUY,SELL,50,5
2026-08-11 08:24:45,0.70604,0.70141,0.70131,0.69253,59.02,12.8,0.00446,0.001942,0.001042,0.70741,0.69425,BUY,BUY,STRONG_BUY,SELL,50,5
2026-08-11 08:40:26,0.7063,0.70143,0.70132,0.69254,59.36,12.8,0.00446,0.001962,0.001047,0.70747,0.69422,BUY,BUY,STRONG_BUY,SELL,50,5
2026-08-11 08:56:07,0.70638,0.70144,0.70132,0.69254,59.47,12.8,0.00446,0.001969,0.001048,0.70748,0.69421,STRONG_BUY,BUY,STRONG_BUY,SELL,50,5
2026-08-11 09:11:47,0.70663,0.70146,0.70133,0.69254,59.79,12.8,0.00446,0.001989,0.001052,0.70754,0.69418,STRONG_BUY,BUY,STRONG_BUY,SELL,50,5
2026-08-11 09:27:28,0.70663,0.70146,0.70133,0.69254,59.79,12.8,0.00446,0.001989,0.001052,0.70754,0.69418,STRONG_BUY,BUY,STRONG_BUY,SELL,50,5
2026-08-11 09:43:09,0.70671,0.70147,0.70133,0.69254,59.89,12.8,0.00446,0.001995,0.001053,0.70756,0.69417,STRONG_BUY,BUY,STRONG_BUY,SELL,50,5
2026-08-11 09:58:50,0.70668,0.70147,0.70133,0.69254,59.85,12.8,0.00447,0.001993,0.001053,0.70755,0.69417,STRONG_BUY,BUY,STRONG_BUY,SELL,50,5
2026-08-11 10:14:31,0.70656,0.70146,0.70133,0.69254,59.7,12.8,0.00447,0.001983,0.001051,0.70752,0.69419,STRONG_BUY,BUY,STRONG_BUY,SELL,50,5
2026-08-11 10:30:11,0.70673,0.70147,0.70133,0.69254,59.92,12.8,0.00447,0.001997,0.001053,0.70756,0.69416,STRONG_BUY,BUY,STRONG_BUY,SELL,50,5
2026-08-11 10:45:52,0.70678,0.70148,0.70134,0.69254,59.98,12.8,0.00447,0.002001,0.001054,0.70757,0.69416,STRONG_BUY,BUY,STRONG_BUY,SELL,50,5
2026-08-11 11:01:33,0.70641,0.70144,0.70132,0.69254,59.51,12.8,0.00447,0.001971,0.001048,0.70749,0.6942,STRONG_BUY,BUY,BUY,SELL,50,5
2026-08-11 11:17:13,0.70578,0.70138,0.7013,0.69253,58.67,12.8,0.00447,0.001921,0.001038,0.70736,0.69427,BUY,BUY,BUY,SELL,50,5
2026-08-11 11:32:54,0.70595,0.7014,0.7013,0.69253,58.9,12.8,0.00447,0.001934,0.001041,0.70739,0.69425,BUY,BUY,BUY,SELL,50,5
2026-08-11 14:07:34,0.70573,0.70138,0.7013,0.69253,58.68,12.8,0.00447,0.001922,0.001038,0.70736,0.69427,BUY,BUY,BUY,SELL,50,5
2026-08-11 14:23:14,0.70562,0.70137,0.70129,0.69253,58.45,12.8,0.00447,0.001908,0.001036,0.70733,0.69429,BUY,BUY,BUY,SELL,50,5
2026-08-11 14:38:55,0.7057,0.70137,0.70129,0.69253,58.56,12.8,0.00447,0.001914,0.001037,0.70734,0.69428,BUY,BUY,BUY,SELL,50,5
2026-08-11 14:54:36,0.70572,0.70138,0.70129,0.69253,58.59,12.8,0.00447,0.001916,0.001037,0.70735,0.69428,BUY,BUY,BUY,SELL,50,5
2026-08-11 15:10:16,0.70587,0.70139,0.7013,0.69253,58.79,12.8,0.00447,0.001928,0.00104,0.70738,0.69426,BUY,BUY,BUY,SELL,50,5
2026-08-11 15:25:57,0.70596,0.7014,0.7013,0.69253,58.91,12.8,0.00447,0.001935,0.001041,0.7074,0.69425,BUY,BUY,BUY,SELL,50,5
2026-08-11 15:41:38,0.70612,0.70141,0.70131,0.69254,59.12,12.8,0.00447,0.001948,0.001044,0.70743,0.69424,BUY,BUY,BUY,SELL,50,5
2026-08-11 15:57:18,0.70608,0.70141,0.70131,0.69253,59.07,12.8,0.00447,0.001945,0.001043,0.70742,0.69424,BUY,BUY,BUY,SELL,50,5
2026-08-11 16:12:59,0.70619,0.70142,0.70131,0.69254,59.22,12.8,0.00447,0.001953,0.001045,0.70744,0.69423,BUY,BUY,BUY,SELL,50,5
2026-08-11 23:51:05,0.7057,0.70179,0.70147,0.69266,58.54,12.23,0.00425,0.002004,0.001231,0.70795,0.69421,BUY,BUY,BUY,SELL,50,5
2026-08-12 00:06:45,0.7057,0.70179,0.70147,0.69266,58.54,12.23,0.00425,0.002004,0.001231,0.70795,0.69421,BUY,BUY,BUY,SELL,50,5
2026-08-12 00:22:26,0.7056,0.70178,0.70146,0.69266,58.33,12.23,0.00425,0.001996,0.001229,0.70793,0.69422,BUY,BUY,BUY,SELL,50,5
2026-08-12 08:02:12,0.70695,0.70191,0.70152,0.69267,60.31,12.31,0.00427,0.002104,0.001251,0.7082,0.69408,STRONG_BUY,STRONG_BUY,STRONG_BUY,SELL,50,5
2026-08-12 08:17:52,0.70709,0.70192,0.70152,0.69268,60.5,12.32,0.00428,0.002115,0.001253,0.70823,0.69407,STRONG_BUY,STRONG_BUY,STRONG_BUY,SELL,50,5
2026-08-12 08:33:33,0.70762,0.70197,0.70154,0.69268,61.2,12.61,0.00434,0.002157,0.001261,0.70834,0.694,STRONG_BUY,STRONG_BUY,STRONG_BUY,SELL,50,5
2026-08-12 08:49:13,0.70846,0.70205,0.70158,0.69269,62.25,12.84,0.0044,0.002224,0.001275,0.70855,0.69388,STRONG_BUY,STRONG_BUY,STRONG_BUY,SELL,50,5
2026-08-12 09:04:54,0.70873,0.70208,0.70159,0.69269,62.58,12.84,0.0044,0.002246,0.001279,0.70861,0.69384,STRONG_BUY,STRONG_BUY,STRONG_BUY,SELL,50,5
2026-08-12 09:20:34,0.70826,0.70203,0.70157,0.69269,62.0,12.91,0.00441,0.002208,0.001272,0.7085,0.69391,STRONG_BUY,STRONG_BUY,STRONG_BUY,SELL,50,5
2026-08-12 09:36:15,0.70845,0.70205,0.70158,0.69269,62.24,12.91,0.00441,0.002223,0.001275,0.70854,0.69389,STRONG_BUY,STRONG_BUY,STRONG_BUY,SELL,50,5
2026-08-12 10:56:02,0.70708,0.70192,0.70152,0.69268,60.49,12.91,0.00441,0.002114,0.001253,0.70822,0.69407,STRONG_BUY,STRONG_BUY,BUY,SELL,50,5
2026-08-12 11:11:43,0.70713,0.70192,0.70152,0.69268,60.56,12.91,0.00441,0.002118,0.001254,0.70823,0.69406,STRONG_BUY,STRONG_BUY,BUY,SELL,50,5
2026-08-12 11:27:23,0.70749,0.70196,0.70154,0.69268,61.03,12.91,0.00441,0.002147,0.001259,0.70831,0.69402,STRONG_BUY,STRONG_BUY,BUY,SELL,50,5
2026-08-12 11:43:04,0.70688,0.7019,0.70151,0.69267,60.22,12.91,0.00441,0.002098,0.00125,0.70818,0.69409,STRONG_BUY,STRONG_BUY,BUY,SELL,50,5
2026-08-12 11:58:45,0.70691,0.7019,0.70152,0.69267,60.26,12.91,0.00441,0.0021,0.00125,0.70819,0.69409,STRONG_BUY,STRONG_BUY,BUY,NEUTRAL,50,15
2026-08-12 12:14:26,0.70676,0.70189,0.70151,0.69267,60.06,12.91,0.00441,0.002088,0.001248,0.70816,0.6941,STRONG_BUY,BUY,BUY,SELL,50,5
2026-08-12 12:30:07,0.70659,0.70187,0.7015,0.69267,59.82,12.91,0.00441,0.002075,0.001245,0.70812,0.69412,STRONG_BUY,BUY,BUY,SELL,50,5
2026-08-12 12:45:47,0.70651,0.70187,0.7015,0.69267,59.71,12.91,0.00441,0.002068,0.001244,0.7081,0.69413,STRONG_BUY,BUY,BUY,NEUTRAL,50,15
2026-08-12 13:01:28,0.7065,0.70186,0.7015,0.69267,59.7,12.91,0.00441,0.002068,0.001244,0.7081,0.69413,STRONG_BUY,BUY,BUY,NEUTRAL,50,15
2026-08-12 13:17:09,0.70631,0.70185,0.70149,0.69267,59.43,12.91,0.00441,0.002052,0.001241,0.70806,0.69415,STRONG_BUY,BUY,BUY,NEUTRAL,50,15
2026-08-12 13:32:50,0.70634,0.70185,0.70149,0.69267,59.48,12.91,0.00441,0.002055,0.001241,0.70807,0.69415,BUY,BUY,BUY,NEUTRAL,50,15
2026-08-12 13:48:31,0.70626,0.70184,0.70149,0.69267,59.36,12.91,0.00441,0.002048,0.00124,0.70805,0.69416,BUY,BUY,BUY,NEUTRAL,50,15
2026-08-12 14:04:11,0.70617,0.70183,0.70149,0.69267,59.23,12.91,0.00441,0.002041,0.001238,0.70804,0.69416,BUY,BUY,BUY,NEUTRAL,50,15
2026-08-12 14:19:52,0.70627,0.70184,0.70149,0.69267,59.38,12.91,0.00441,0.002049,0.00124,0.70806,0.69415,BUY,BUY,BUY,NEUTRAL,50,15
2026-08-12 14:35:32,0.70638,0.70185,0.70149,0.69267,59.53,12.91,0.00441,0.002058,0.001242,0.70808,0.69414,STRONG_BUY,BUY,BUY,NEUTRAL,50,15
2026-08-12 14:44:12,0.70628,0.70184,0.70149,0.69267,59.39,12.91,0.00441,0.00205,0.00124,0.70806,0.69415,BUY,BUY,BUY,NEUTRAL,50,15
2026-08-12 14:52:45,0.7063,0.70185,0.70149,0.69267,59.42,12.91,0.00441,0.002052,0.00124,0.70806,0.69415,BUY,BUY,BUY,NEUTRAL,50,15
2026-08-12 15:19:15,0.70623,0.70184,0.70149,0.69267,59.32,12.91,0.00441,0.002046,0.001239,0.70805,0.69416,BUY,BUY,BUY,NEUTRAL,50,15
2026-08-12 15:32:08,0.70621,0.70184,0.70149,0.69267,59.29,12.91,0.00441,0.002045,0.001239,0.70804,0.69416,BUY,BUY,BUY,NEUTRAL,50,15
2026-08-12 15:37:08,0.7061,0.70183,0.70148,0.69267,59.14,12.91,0.00441,0.002036,0.001237,0.70802,0.69417,BUY,BUY,BUY,NEUTRAL,50,15
2026-08-12 15:52:48,0.70602,0.70182,0.70148,0.69267,59.02,12.91,0.00441,0.002029,0.001236,0.70801,0.69418,BUY,BUY,BUY,NEUTRAL,50,15
2026-08-12 16:08:29,0.7063,0.70185,0.70149,0.69267,59.42,12.91,0.00441,0.002052,0.00124,0.70806,0.69415,BUY,BUY,BUY,NEUTRAL,50,15
2026-08-12 16:24:09,0.7061,0.70183,0.70148,0.69267,59.14,12.91,0.00441,0.002036,0.001237,0.70802,0.69417,BUY,BUY,BUY,NEUTRAL,50,15
2026-08-12 17:18:20,0.70581,0.7018,0.70147,0.69266,58.72,12.91,0.00441,0.002013,0.001233,0.70797,0.6942,BUY,BUY,BUY,NEUTRAL,50,15
2026-08-12 18:17:13,0.70607,0.70219,0.70165,0.6928,59.1,12.95,0.00416,0.002077,0.0014,0.70856,0.69425,BUY,BUY,BUY,NEUTRAL,50,15
2026-08-12 18:18:54,0.70603,0.70219,0.70165,0.6928,59.04,12.95,0.00416,0.002074,0.001399,0.70855,0.69425,BUY,BUY,BUY,NEUTRAL,50,15
2026-08-12 18:34:35,0.70617,0.7022,0.70165,0.6928,59.25,12.95,0.00416,0.002085,0.001401,0.70858,0.69424,BUY,BUY,BUY,NEUTRAL,50,15
2026-08-12 18:50:15,0.70612,0.7022,0.70165,0.6928,59.17,12.95,0.00417,0.002081,0.0014,0.70857,0.69424,BUY,BUY,BUY,NEUTRAL,50,15
2026-08-12 19:05:56,0.70628,0.70221,0.70166,0.6928,59.42,12.95,0.00417,0.002094,0.001403,0.7086,0.69423,BUY,BUY,BUY,NEUTRAL,50,15
2026-08-12 19:21:36,0.7063,0.70222,0.70166,0.6928,59.45,12.95,0.00417,0.002095,0.001403,0.7086,0.69423,BUY,BUY,BUY,NEUTRAL,50,15
2026-08-12 19:37:17,0.70628,0.70221,0.70166,0.6928,59.42,12.95,0.00417,0.002094,0.001403,0.7086,0.69423,BUY,BUY,BUY,NEUTRAL,50,15
2026-08-12 20:25:48,0.70649,0.70223,0.70166,0.6928,59.73,12.95,0.0042,0.00211,0.001406,0.70864,0.69421,STRONG_BUY,BUY,BUY,NEUTRAL,50,15
2026-08-12 20:41:29,0.70636,0.70222,0.70166,0.6928,59.54,12.95,0.0042,0.0021,0.001404,0.70861,0.69422,STRONG_BUY,BUY,BUY,NEUTRAL,50,15
2026-08-12 20:57:10,0.70598,0.70219,0.70164,0.69279,58.96,12.95,0.0042,0.00207,0.001398,0.70854,0.69425,BUY,BUY,BUY,NEUTRAL,50,15
2026-08-12 21:12:51,0.70606,0.70219,0.70165,0.6928,59.08,12.95,0.0042,0.002076,0.001399,0.70856,0.69425,BUY,BUY,BUY,NEUTRAL,50,15
2026-08-12 21:28:32,0.70581,0.70217,0.70164,0.69279,58.7,12.95,0.0042,0.002056,0.001395,0.70851,0.69427,BUY,BUY,NEUTRAL,NEUTRAL,42,15
2026-08-12 21:44:14,0.70587,0.70217,0.70164,0.69279,58.79,12.95,0.0042,0.002061,0.001396,0.70852,0.69426,BUY,BUY,BUY,NEUTRAL,50,15
2026-08-12 21:59:56,0.70562,0.70215,0.70163,0.69279,58.36,12.95,0.0042,0.002041,0.001392,0.70848,0.69428,BUY,BUY,NEUTRAL,NEUTRAL,42,15
2026-08-13 08:04:07,0.70513,0.7021,0.70161,0.69279,57.3,12.61,0.00426,0.002002,0.001385,0.7084,0.69431,BUY,BUY,NEUTRAL,NEUTRAL,42,15
2026-08-13 08:19:48,0.70489,0.70208,0.7016,0.69278,56.79,12.61,0.00426,0.001983,0.001381,0.70836,0.69432,BUY,BUY,NEUTRAL,NEUTRAL,42,15
2026-08-13 08:26:10,0.7049,0.70208,0.7016,0.69278,56.81,12.61,0.00426,0.001984,0.001381,0.70836,0.69432,BUY,BUY,NEUTRAL,NEUTRAL,42,15
2026-08-13 08:41:50,0.70568,0.70216,0.70163,0.69279,58.49,12.61,0.00426,0.002046,0.001393,0.70849,0.69428,BUY,BUY,BUY,NEUTRAL,50,15
2026-08-13 08:57:31,0.70597,0.70218,0.70164,0.69279,58.94,12.61,0.00426,0.002069,0.001398,0.70854,0.69425,BUY,BUY,BUY,SELL,50,5
2026-08-13 09:13:12,0.70633,0.70222,0.70166,0.6928,59.49,12.61,0.00426,0.002098,0.001404,0.70861,0.69422,BUY,BUY,STRONG_BUY,SELL,50,5
2026-08-13 09:28:53,0.70599,0.70219,0.70164,0.69279,58.98,12.61,0.00426,0.00207,0.001398,0.70854,0.69425,BUY,BUY,BUY,SELL,50,5
2026-08-13 09:44:34,0.70593,0.70218,0.70164,0.69279,58.88,12.61,0.00426,0.002066,0.001397,0.70853,0.69426,BUY,BUY,BUY,SELL,50,5
2026-08-13 10:00:15,0.70577,0.70217,0.70164,0.69279,58.63,12.61,0.00426,0.002053,0.001395,0.70851,0.69427,BUY,BUY,BUY,SELL,50,5
2026-08-13 10:15:56,0.70648,0.70223,0.70166,0.6928,59.72,12.61,0.00426,0.00211,0.001406,0.70863,0.69421,STRONG_BUY,BUY,STRONG_BUY,SELL,50,5
2026-08-13 10:31:36,0.70619,0.70221,0.70165,0.6928,59.28,12.61,0.00426,0.002086,0.001402,0.70858,0.69424,BUY,BUY,STRONG_BUY,SELL,50,5
2026-08-13 10:47:17,0.70641,0.70223,0.70166,0.6928,59.61,12.61,0.00426,0.002104,0.001405,0.70862,0.69422,STRONG_BUY,BUY,STRONG_BUY,SELL,50,5
2026-08-13 11:02:58,0.70653,0.70224,0.70167,0.6928,59.79,12.61,0.00426,0.002114,0.001407,0.70864,0.69421,STRONG_BUY,BUY,STRONG_BUY,SELL,50,5
2026-08-13 11:18:39,0.70587,0.70217,0.70164,0.69279,58.79,12.61,0.00426,0.002061,0.001396,0.70852,0.69426,BUY,BUY,BUY,SELL,50,5
2026-08-13 11:34:20,0.70571,0.70216,0.70163,0.69279,58.54,12.61,0.00426,0.002048,0.001394,0.7085,0.69427,BUY,BUY,BUY,SELL,50,5
2026-08-13 11:50:01,0.7058,0.70217,0.70164,0.69279,58.68,12.61,0.00426,0.002055,0.001395,0.70851,0.69427,BUY,BUY,BUY,SELL,50,5
2026-08-13 12:05:42,0.70577,0.70217,0.70164,0.69279,58.63,12.61,0.00426,0.002053,0.001395,0.70851,0.69427,BUY,BUY,BUY,NEUTRAL,50,15
2026-08-13 14:14:36,0.70585,0.70217,0.70164,0.69279,58.76,12.61,0.00426,0.002059,0.001396,0.70852,0.69426,BUY,BUY,BUY,NEUTRAL,50,15
2026-08-13 14:30:17,0.70574,0.70216,0.70163,0.69279,58.59,12.61,0.00426,0.002051,0.001394,0.7085,0.69427,BUY,BUY,NEUTRAL,NEUTRAL,42,15
2026-08-13 14:45:57,0.70575,0.70216,0.70163,0.69279,58.6,12.61,0.00426,0.002051,0.001395,0.7085,0.69427,BUY,BUY,BUY,NEUTRAL,50,15
2026-08-13 15:01:38,0.70573,0.70216,0.70163,0.69279,58.57,12.61,0.00426,0.00205,0.001394,0.7085,0.69427,BUY,BUY,NEUTRAL,NEUTRAL,42,15
2026-08-13 15:17:19,0.70588,0.70218,0.70164,0.69279,58.8,12.61,0.00426,0.002062,0.001397,0.70852,0.69426,BUY,BUY,BUY,NEUTRAL,50,15
2026-08-13 15:32:59,0.70598,0.70219,0.70164,0.69279,58.96,12.61,0.00426,0.00207,0.001398,0.70854,0.69425,BUY,BUY,BUY,NEUTRAL,50,15
2026-08-13 15:48:40,0.70588,0.70218,0.70164,0.69279,58.8,12.61,0.00426,0.002062,0.001397,0.70852,0.69426,BUY,BUY,BUY,NEUTRAL,50,15
2026-08-13 16:04:21,0.70603,0.70219,0.70165,0.6928,59.04,12.61,0.00426,0.002074,0.001399,0.70855,0.69425,BUY,BUY,BUY,NEUTRAL,50,15
2026-08-13 16:20:02,0.7058,0.70217,0.70164,0.69279,58.68,12.61,0.00426,0.002055,0.001395,0.70851,0.69427,BUY,BUY,BUY,NEUTRAL,50,15
2026-08-13 16:35:42,0.70588,0.70218,0.70164,0.69279,58.8,12.61,0.00426,0.002062,0.001397,0.70852,0.69426,BUY,BUY,BUY,NEUTRAL,50,15
2026-08-13 21:14:16,0.70563,0.70249,0.70179,0.69292,58.32,12.34,0.00403,0.002057,0.001527,0.70893,0.6946,BUY,BUY,BUY,SELL,50,5
2026-08-13 21:29:57,0.70601,0.70253,0.70181,0.69292,59.04,12.34,0.00403,0.002088,0.001533,0.709,0.69458,BUY,BUY,BUY,SELL,50,5
2026-08-13 21:45:37,0.7059,0.70252,0.7018,0.69292,58.85,12.34,0.00403,0.002079,0.001531,0.70898,0.69459,BUY,BUY,BUY,SELL,50,5
2026-08-13 22:01:18,0.70584,0.70251,0.7018,0.69292,58.75,12.34,0.00403,0.002074,0.00153,0.70897,0.69459,BUY,BUY,BUY,SELL,50,5
2026-08-13 22:16:59,0.70582,0.70251,0.7018,0.69292,58.72,12.34,0.00403,0.002073,0.00153,0.70896,0.69459,BUY,BUY,BUY,SELL,50,5
2026-08-13 22:32:40,0.70574,0.7025,0.7018,0.69292,58.58,12.34,0.00403,0.002066,0.001529,0.70895,0.6946,BUY,BUY,BUY,SELL,50,5
2026-08-13 22:48:21,0.70571,0.7025,0.70179,0.69292,58.51,12.34,0.00403,0.002064,0.001528,0.70895,0.6946,BUY,BUY,BUY,SELL,50,5
2026-08-13 22:49:18,0.70574,0.7025,0.7018,0.69292,58.58,12.34,0.00403,0.002066,0.001529,0.70895,0.6946,BUY,BUY,BUY,SELL,50,5
2026-08-13 23:04:59,0.70561,0.70249,0.70179,0.69292,58.27,12.34,0.00404,0.002056,0.001527,0.70893,0.6946,BUY,BUY,NEUTRAL,SELL,42,5
2026-08-13 23:20:40,0.70582,0.70251,0.7018,0.69292,58.72,12.34,0.00404,0.002073,0.00153,0.70896,0.69459,BUY,BUY,BUY,SELL,50,5
2026-08-13 23:36:21,0.70607,0.70254,0.70181,0.69292,59.14,12.34,0.00404,0.002093,0.001534,0.70901,0.69457,BUY,BUY,BUY,SELL,50,5
2026-08-14 07:49:35,0.708,0.70272,0.70188,0.69294,62.09,12.84,0.00416,0.002247,0.001565,0.70938,0.6944,STRONG_BUY,STRONG_BUY,STRONG_BUY,STRONG_SELL,50,0
2026-08-14 07:52:03,0.70814,0.70273,0.70189,0.69295,62.29,12.84,0.00416,0.002258,0.001567,0.70941,0.69438,STRONG_BUY,STRONG_BUY,STRONG_BUY,STRONG_SELL,50,0
2026-08-14 08:07:44,0.70818,0.70274,0.70189,0.69295,62.34,12.84,0.00416,0.002261,0.001568,0.70941,0.69438,STRONG_BUY,STRONG_BUY,STRONG_BUY,STRONG_SELL,50,0
2026-08-14 08:23:24,0.70825,0.70274,0.70189,0.69295,62.44,12.85,0.00416,0.002266,0.001569,0.70943,0.69437,STRONG_BUY,STRONG_BUY,STRONG_BUY,STRONG_SELL,50,0
2026-08-14 08:39:05,0.70818,0.70274,0.70189,0.69295,62.34,13.0,0.0042,0.002261,0.001568,0.70941,0.69438,STRONG_BUY,STRONG_BUY,STRONG_BUY,STRONG_SELL,50,0
2026-08-14 08:54:46,0.70816,0.70273,0.70189,0.69295,62.31,13.0,0.0042,0.002259,0.001567,0.70941,0.69438,STRONG_BUY,STRONG_BUY,STRONG_BUY,STRONG_SELL,50,0
2026-08-14 09:10:26,0.70803,0.70272,0.70189,0.69294,62.13,13.0,0.0042,0.002249,0.001565,0.70938,0.69439,STRONG_BUY,STRONG_BUY,STRONG_BUY,STRONG_SELL,50,0
2026-08-14 09:26:07,0.70839,0.70276,0.7019,0.69295,62.63,13.0,0.0042,0.002278,0.001571,0.70946,0.69435,STRONG_BUY,STRONG_BUY,STRONG_BUY,STRONG_SELL,50,0
2026-08-14 09:41:48,0.70901,0.70282,0.70192,0.69295,63.47,13.03,0.00421,0.002327,0.001581,0.7096,0.69427,STRONG_BUY,STRONG_BUY,STRONG_BUY,STRONG_SELL,50,0
2026-08-14 09:57:29,0.70879,0.70279,0.70192,0.69295,63.18,13.08,0.00423,0.00231,0.001578,0.70955,0.6943,STRONG_BUY,STRONG_BUY,STRONG_BUY,STRONG_SELL,50,0
2026-08-14 10:13:10,0.70907,0.70282,0.70193,0.69295,63.55,13.08,0.00423,0.002332,0.001582,0.70962,0.69426,STRONG_BUY,STRONG_BUY,STRONG_BUY,STRONG_SELL,50,0
2026-08-14 10:28:50,0.70918,0.70283,0.70193,0.69296,63.69,13.08,0.00423,0.002341,0.001584,0.70964,0.69425,STRONG_BUY,STRONG_BUY,STRONG_BUY,STRONG_SELL,50,0
2026-08-14 10:44:31,0.70871,0.70279,0.70191,0.69295,63.07,13.08,0.00423,0.002303,0.001576,0.70953,0.69431,STRONG_BUY,STRONG_BUY,BUY,STRONG_SELL,50,0
2026-08-14 11:00:12,0.70912,0.70283,0.70193,0.69295,63.61,13.08,0.00423,0.002336,0.001583,0.70963,0.69426,STRONG_BUY,STRONG_BUY,STRONG_BUY,STRONG_SELL,50,0
2026-08-14 11:15:52,0.70919,0.70283,0.70193,0.69296,63.7,13.16,0.00425,0.002341,0.001584,0.70964,0.69425,STRONG_BUY,STRONG_BUY,STRONG_BUY,STRONG_SELL,50,0
2026-08-14 11:31:33,0.7092,0.70283,0.70193,0.69296,63.72,13.16,0.00425,0.002342,0.001584,0.70965,0.69425,STRONG_BUY,STRONG_BUY,STRONG_BUY,STRONG_SELL,50,0
2026-08-14 11:47:13,0.70922,0.70284,0.70193,0.69296,63.74,13.16,0.00425,0.002344,0.001584,0.70965,0.69424,STRONG_BUY,STRONG_BUY,STRONG_BUY,STRONG_SELL,50,0
2026-08-14 12:02:54,0.70907,0.70282,0.70193,0.69295,63.55,13.16,0.00425,0.002332,0.001582,0.70962,0.69426,STRONG_BUY,STRONG_BUY,STRONG_BUY,STRONG_SELL,50,0
2026-08-14 12:18:34,0.70896,0.70281,0.70192,0.69295,63.4,13.16,0.00425,0.002323,0.00158,0.70959,0.69428,STRONG_BUY,STRONG_BUY,BUY,STRONG_SELL,50,0
2026-08-14 12:34:15,0.70865,0.70278,0.70191,0.69295,62.99,13.16,0.00425,0.002298,0.001575,0.70952,0.69432,STRONG_BUY,STRONG_BUY,BUY,STRONG_SELL,50,0
2026-08-14 12:49:56,0.70853,0.70277,0.70191,0.69295,62.83,13.16,0.00425,0.002289,0.001573,0.70949,0.69433,STRONG_BUY,STRONG_BUY,BUY,STRONG_SELL,50,0
2026-08-14 13:05:37,0.7083,0.70275,0.7019,0.69295,62.51,13.16,0.00425,0.00227,0.00157,0.70944,0.69436,STRONG_BUY,STRONG_BUY,BUY,SELL,50,5
2026-08-14 13:21:17,0.70802,0.70272,0.70189,0.69294,62.12,13.16,0.00425,0.002248,0.001565,0.70938,0.6944,STRONG_BUY,STRONG_BUY,BUY,SELL,50,5
2026-08-14 13:36:58,0.70814,0.70273,0.70189,0.69295,62.29,13.16,0.00425,0.002258,0.001567,0.70941,0.69438,STRONG_BUY,STRONG_BUY,BUY,SELL,50,5
2026-08-14 13:52:38,0.70798,0.70272,0.70188,0.69294,62.06,13.16,0.00425,0.002245,0.001565,0.70937,0.6944,STRONG_BUY,STRONG_BUY,BUY,SELL,50,5
2026-08-14 14:08:19,0.70799,0.70272,0.70188,0.69294,62.07,13.16,0.00425,0.002246,0.001565,0.70937,0.6944,STRONG_BUY,STRONG_BUY,BUY,SELL,50,5
2026-08-14 14:24:00,0.70799,0.70272,0.70188,0.69294,62.07,13.16,0.00425,0.002246,0.001565,0.70937,0.6944,STRONG_BUY,STRONG_BUY,BUY,SELL,50,5
2026-08-14 14:39:40,0.70812,0.70273,0.70189,0.69294,62.26,13.16,0.00425,0.002256,0.001567,0.7094,0.69438,STRONG_BUY,STRONG_BUY,BUY,SELL,50,5
2026-08-14 14:55:21,0.70821,0.70274,0.70189,0.69295,62.38,13.16,0.00425,0.002263,0.001568,0.70942,0.69437,STRONG_BUY,STRONG_BUY,BUY,SELL,50,5
2026-08-14 15:11:02,0.70829,0.70275,0.7019,0.69295,62.49,13.16,0.00425,0.00227,0.00157,0.70944,0.69436,STRONG_BUY,STRONG_BUY,BUY,SELL,50,5
2026-08-14 15:26:42,0.70838,0.70276,0.7019,0.69295,62.62,13.16,0.00425,0.002277,0.001571,0.70946,0.69435,STRONG_BUY,STRONG_BUY,BUY,SELL,50,5
2026-08-14 15:42:22,0.70835,0.70275,0.7019,0.69295,62.58,13.16,0.00425,0.002274,0.00157,0.70945,0.69436,STRONG_BUY,STRONG_BUY,BUY,SELL,50,5
2026-08-14 15:58:03,0.70836,0.70275,0.7019,0.69295,62.59,13.16,0.00425,0.002275,0.001571,0.70945,0.69436,STRONG_BUY,STRONG_BUY,BUY,SELL,50,5
2026-08-14 16:13:44,0.70835,0.70275,0.7019,0.69295,62.58,13.16,0.00425,0.002274,0.00157,0.70945,0.69436,STRONG_BUY,STRONG_BUY,BUY,SELL,50,5
2026-08-14 16:29:24,0.70832,0.70275,0.7019,0.69295,62.54,13.16,0.00425,0.002272,0.00157,0.70944,0.69436,STRONG_BUY,STRONG_BUY,BUY,SELL,50,5
2026-08-14 16:45:05,0.70824,0.70274,0.70189,0.69295,62.43,13.16,0.00425,0.002266,0.001569,0.70943,0.69437,STRONG_BUY,STRONG_BUY,BUY,SELL,50,5
2026-08-16 17:18:59,0.70812,0.70324,0.70213,0.6931,62.26,13.67,0.00398,0.00239,0.001731,0.71021,0.69444,BUY,STRONG_BUY,BUY,STRONG_SELL,50,0
2026-08-16 17:34:39,0.70782,0.70321,0.70212,0.69309,61.54,13.67,0.004,0.002366,0.001726,0.71015,0.69447,BUY,BUY,BUY,STRONG_SELL,50,0
2026-08-16 17:50:19,0.7081,0.70324,0.70213,0.6931,62.23,13.67,0.00398,0.002388,0.001731,0.71021,0.69444,BUY,STRONG_BUY,BUY,STRONG_SELL,50,0
2026-08-16 18:00:35,0.70811,0.70324,0.70213,0.6931,62.24,13.67,0.00398,0.002389,0.001731,0.71021,0.69444,BUY,STRONG_BUY,BUY,SELL,50,5
2026-08-16 18:16:16,0.70836,0.70326,0.70214,0.6931,62.62,13.67,0.00398,0.002409,0.001735,0.71026,0.69441,BUY,STRONG_BUY,BUY,SELL,50,5
2026-08-16 18:31:59,0.7085,0.70328,0.70215,0.6931,62.83,13.67,0.00398,0.00242,0.001737,0.71029,0.6944,BUY,STRONG_BUY,BUY,SELL,50,5
2026-08-16 18:47:41,0.70859,0.70329,0.70215,0.6931,62.96,13.67,0.00399,0.002427,0.001739,0.7103,0.69439,BUY,STRONG_BUY,BUY,STRONG_SELL,50,0
2026-08-16 19:03:24,0.70886,0.70331,0.70216,0.6931,63.35,13.67,0.004,0.002449,0.001743,0.71036,0.69436,BUY,STRONG_BUY,BUY,STRONG_SELL,50,0
2026-08-16 19:19:04,0.70879,0.70331,0.70216,0.6931,63.25,13.67,0.004,0.002443,0.001742,0.71035,0.69437,BUY,STRONG_BUY,BUY,STRONG_SELL,50,0
2026-08-16 19:34:45,0.70869,0.7033,0.70216,0.6931,63.1,13.67,0.004,0.002435,0.00174,0.71032,0.69438,BUY,STRONG_BUY,BUY,STRONG_SELL,50,0
2026-08-16 19:50:26,0.70874,0.7033,0.70216,0.6931,63.18,13.67,0.004,0.002439,0.001741,0.71034,0.69437,BUY,STRONG_BUY,BUY,STRONG_SELL,50,0
2026-08-16 20:06:06,0.70893,0.70332,0.70216,0.6931,63.45,13.67,0.00401,0.002454,0.001744,0.71038,0.69435,BUY,STRONG_BUY,BUY,STRONG_SELL,50,0
2026-08-16 20:22:02,0.70915,0.70334,0.70217,0.69311,63.76,13.67,0.00403,0.002472,0.001748,0.71042,0.69433,BUY,STRONG_BUY,STRONG_BUY,STRONG_SELL,50,0
2026-08-16 20:37:42,0.7094,0.70336,0.70218,0.69311,64.1,13.67,0.00405,0.002492,0.001752,0.71048,0.6943,BUY,STRONG_BUY,STRONG_BUY,STRONG_SELL,50,0
2026-08-16 20:49:04,0.70918,0.70334,0.70217,0.69311,63.8,13.67,0.00405,0.002474,0.001748,0.71043,0.69432,BUY,STRONG_BUY,STRONG_BUY,STRONG_SELL,50,0
2026-08-16 21:00:39,0.70926,0.70335,0.70218,0.69311,63.91,13.67,0.00405,0.002481,0.001749,0.71045,0.69431,BUY,STRONG_BUY,STRONG_BUY,STRONG_SELL,50,0
2026-08-16 21:18:45,0.70908,0.70333,0.70217,0.69311,63.66,13.67,0.00405,0.002466,0.001746,0.71041,0.69434,BUY,STRONG_BUY,STRONG_BUY,STRONG_SELL,50,0
2026-08-16 21:34:25,0.70917,0.70334,0.70217,0.69311,63.79,13.67,0.00405,0.002473,0.001748,0.71043,0.69432,BUY,STRONG_BUY,STRONG_BUY,STRONG_SELL,50,0
2026-08-17 07:58:05,0.71248,0.70366,0.7023,0.69314,67.88,14.44,0.00429,0.002737,0.001801,0.71125,0.69383,BUY,STRONG_BUY,BUY,STRONG_SELL,50,0
2026-08-17 08:03:59,0.71263,0.70367,0.70231,0.69314,68.04,14.44,0.00429,0.002749,0.001803,0.7113,0.6938,BUY,STRONG_BUY,BUY,STRONG_SELL,50,0
2026-08-17 08:19:40,0.71223,0.70363,0.70229,0.69314,67.6,14.44,0.00429,0.002717,0.001797,0.71118,0.69387,BUY,STRONG_BUY,BUY,STRONG_SELL,50,0
2026-08-17 08:35:20,0.71188,0.7036,0.70228,0.69313,67.21,14.44,0.00429,0.00269,0.001791,0.71109,0.69393,BUY,STRONG_BUY,BUY,STRONG_SELL,50,0
2026-08-17 08:51:01,0.71175,0.70359,0.70228,0.69313,67.06,14.44,0.00429,0.002679,0.001789,0.71105,0.69396,BUY,STRONG_BUY,BUY,STRONG_SELL,50,0
2026-08-17 09:06:41,0.71191,0.7036,0.70228,0.69313,67.24,14.44,0.00429,0.002692,0.001792,0.7111,0.69393,BUY,STRONG_BUY,BUY,STRONG_SELL,50,0
2026-08-17 09:22:22,0.7119,0.7036,0.70228,0.69313,67.23,14.44,0.00429,0.002691,0.001791,0.7111,0.69393,BUY,STRONG_BUY,BUY,STRONG_SELL,50,0
2026-08-17 09:38:03,0.71133,0.70355,0.70226,0.69313,66.57,14.44,0.00429,0.002646,0.001782,0.71094,0.69402,BUY,STRONG_BUY,BUY,STRONG_SELL,50,0
2026-08-17 09:53:43,0.71155,0.70357,0.70227,0.69313,66.83,14.44,0.00429,0.002663,0.001786,0.711,0.69399,BUY,STRONG_BUY,BUY,STRONG_SELL,50,0
2026-08-17 10:09:24,0.71163,0.70358,0.70227,0.69313,66.92,14.44,0.00429,0.00267,0.001787,0.71102,0.69397,BUY,STRONG_BUY,BUY,STRONG_SELL,50,0
2026-08-17 10:25:04,0.71217,0.70363,0.70229,0.69314,67.54,14.44,0.00429,0.002713,0.001796,0.71117,0.69388,BUY,STRONG_BUY,BUY,STRONG_SELL,50,0
2026-08-17 10:40:45,0.71183,0.7036,0.70228,0.69313,67.15,14.44,0.00429,0.002686,0.00179,0.71108,0.69394,BUY,STRONG_BUY,BUY,STRONG_SELL,50,0
2026-08-17 10:56:26,0.71129,0.70354,0.70226,0.69313,66.52,14.44,0.00429,0.002642,0.001782,0.71093,0.69403,BUY,STRONG_BUY,BUY,STRONG_SELL,50,0
2026-08-17 11:12:07,0.71119,0.70353,0.70225,0.69313,66.4,14.44,0.00429,0.002634,0.00178,0.71091,0.69405,BUY,STRONG_BUY,BUY,STRONG_SELL,50,0
2026-08-17 11:27:47,0.71106,0.70352,0.70225,0.69312,66.24,14.44,0.00429,0.002624,0.001778,0.71088,0.69407,BUY,STRONG_BUY,BUY,SELL,50,0
2026-08-17 11:43:28,0.71087,0.7035,0.70224,0.69312,66.01,14.44,0.00429,0.002609,0.001775,0.71083,0.69409,BUY,STRONG_BUY,BUY,SELL,50,0
2026-08-17 11:59:09,0.71113,0.70353,0.70225,0.69313,66.33,14.44,0.00429,0.00263,0.001779,0.71089,0.69405,BUY,STRONG_BUY,BUY,STRONG_SELL,50,0
2026-08-17 12:14:49,0.71121,0.70354,0.70225,0.69313,66.42,14.44,0.00429,0.002636,0.00178,0.71091,0.69404,BUY,STRONG_BUY,BUY,STRONG_SELL,50,0
2026-08-17 12:30:30,0.71133,0.70355,0.70226,0.69313,66.57,14.44,0.00429,0.002646,0.001782,0.71094,0.69402,BUY,STRONG_BUY,BUY,STRONG_SELL,50,0
2026-08-17 12:46:10,0.7113,0.70354,0.70226,0.69313,66.53,14.44,0.00429,0.002643,0.001782,0.71094,0.69403,BUY,STRONG_BUY,BUY,STRONG_SELL,50,0
2026-08-17 13:01:51,0.71122,0.70354,0.70225,0.69313,66.43,14.44,0.00429,0.002637,0.001781,0.71092,0.69404,BUY,STRONG_BUY,BUY,STRONG_SELL,50,0
2026-08-17 13:17:32,0.71102,0.70352,0.70225,0.69312,66.19,14.44,0.00429,0.002621,0.001777,0.71087,0.69407,BUY,STRONG_BUY,BUY,SELL,50,0
2026-08-17 13:33:13,0.71075,0.70349,0.70224,0.69312,65.86,14.44,0.00429,0.002599,0.001773,0.7108,0.69411,BUY,STRONG_BUY,BUY,SELL,50,0
2026-08-17 13:48:54,0.71053,0.70347,0.70223,0.69312,65.59,14.44,0.00429,0.002582,0.00177,0.71074,0.69414,BUY,STRONG_BUY,BUY,SELL,50,0
2026-08-17 14:04:35,0.71049,0.70347,0.70223,0.69312,65.54,14.44,0.00429,0.002579,0.001769,0.71073,0.69415,BUY,STRONG_BUY,BUY,SELL,50,0
2026-08-17 14:20:16,0.71049,0.70347,0.70223,0.69312,65.54,14.44,0.00429,0.002579,0.001769,0.71073,0.69415,BUY,STRONG_BUY,BUY,SELL,50,0
2026-08-17 17:25:16,0.71038,0.70346,0.70222,0.69312,65.4,14.44,0.00429,0.00257,0.001767,0.71071,0.69417,BUY,STRONG_BUY,BUY,SELL,50,0
2026-08-17 18:32:28,0.71052,0.70412,0.70254,0.69329,65.6,15.64,0.004,0.002794,0.001972,0.71184,0.69409,BUY,BUY,BUY,SELL,50,0
2026-08-17 18:48:09,0.71056,0.70413,0.70255,0.69329,65.65,15.64,0.00401,0.002797,0.001972,0.71185,0.69408,BUY,BUY,BUY,SELL,50,0
2026-08-17 18:54:46,0.71048,0.70412,0.70254,0.69329,65.54,15.64,0.00401,0.002791,0.001971,0.71183,0.69409,BUY,BUY,BUY,SELL,50,0
2026-08-17 19:10:27,0.71066,0.70414,0.70255,0.69329,65.78,15.64,0.00401,0.002805,0.001974,0.71187,0.69407,BUY,BUY,BUY,SELL,50,0
2026-08-17 19:26:08,0.71066,0.70414,0.70255,0.69329,65.78,15.64,0.00401,0.002805,0.001974,0.71187,0.69407,BUY,BUY,BUY,SELL,50,0
2026-08-17 19:41:49,0.7107,0.70414,0.70255,0.69329,65.84,15.64,0.00402,0.002808,0.001974,0.71188,0.69406,BUY,BUY,BUY,SELL,50,0
2026-08-17 19:57:30,0.71073,0.70414,0.70255,0.69329,65.88,15.64,0.00402,0.002811,0.001975,0.71189,0.69406,BUY,BUY,BUY,SELL,50,0
2026-08-17 20:13:11,0.71082,0.70415,0.70256,0.69329,66.0,15.64,0.00403,0.002818,0.001976,0.71191,0.69405,BUY,BUY,BUY,SELL,50,0
2026-08-17 21:52:30,0.71083,0.70415,0.70256,0.69329,66.01,15.64,0.00406,0.002819,0.001976,0.71191,0.69405,BUY,BUY,BUY,SELL,50,0
2026-08-17 22:08:11,0.71072,0.70414,0.70255,0.69329,65.86,15.64,0.00406,0.00281,0.001975,0.71189,0.69406,BUY,BUY,STRONG_BUY,SELL,50,0
2026-08-17 22:23:52,0.71059,0.70413,0.70255,0.69329,65.69,15.64,0.00406,0.002799,0.001973,0.71186,0.69408,BUY,BUY,STRONG_BUY,SELL,50,0
2026-08-17 22:39:33,0.71081,0.70415,0.70256,0.69329,65.98,15.64,0.00406,0.002817,0.001976,0.71191,0.69405,BUY,BUY,STRONG_BUY,SELL,50,0
2026-08-17 22:55:14,0.7111,0.70418,0.70257,0.6933,66.36,15.64,0.00406,0.00284,0.001981,0.71197,0.69401,BUY,BUY,STRONG_BUY,SELL,50,0
2026-08-18 08:02:10,0.71099,0.70417,0.70256,0.6933,66.22,15.64,0.00411,0.002831,0.001979,0.71195,0.69403,BUY,BUY,STRONG_BUY,SELL,50,0
2026-08-18 08:17:50,0.71105,0.70417,0.70256,0.6933,66.3,15.64,0.00411,0.002836,0.00198,0.71196,0.69402,BUY,BUY,STRONG_BUY,SELL,50,0
2026-08-18 08:33:31,0.71106,0.70417,0.70256,0.6933,66.31,15.64,0.00412,0.002837,0.00198,0.71196,0.69402,BUY,BUY,STRONG_BUY,SELL,50,0
2026-08-18 08:49:11,0.71111,0.70418,0.70257,0.6933,66.38,15.64,0.00412,0.002841,0.001981,0.71197,0.69401,BUY,BUY,STRONG_BUY,SELL,50,0
2026-08-18 09:04:52,0.71139,0.70421,0.70258,0.6933,66.74,15.64,0.00412,0.002863,0.001985,0.71204,0.69397,BUY,BUY,STRONG_BUY,SELL,50,0
2026-08-18 09:20:33,0.71129,0.7042,0.70257,0.6933,66.61,15.64,0.00412,0.002855,0.001984,0.71202,0.69399,BUY,BUY,STRONG_BUY,SELL,50,0
2026-08-18 09:36:14,0.71159,0.70422,0.70259,0.6933,66.99,15.64,0.00413,0.002879,0.001989,0.71209,0.69395,BUY,BUY,STRONG_BUY,SELL,50,0
2026-08-18 09:51:55,0.71116,0.70418,0.70257,0.6933,66.44,15.64,0.00416,0.002845,0.001982,0.71199,0.69401,BUY,BUY,STRONG_BUY,SELL,50,0
2026-08-18 12:18:44,0.70952,0.70403,0.7025,0.69328,63.33,15.64,0.00417,0.002714,0.001956,0.71163,0.6942,BUY,BUY,BUY,SELL,50,5
2026-08-18 12:34:24,0.70913,0.70399,0.70249,0.69328,62.39,15.64,0.00419,0.002683,0.001949,0.71155,0.69424,BUY,BUY,BUY,SELL,50,5
2026-08-18 12:50:05,0.70927,0.704,0.70249,0.69328,62.73,15.64,0.00419,0.002694,0.001952,0.71158,0.69422,BUY,BUY,BUY,SELL,50,5
2026-08-18 13:05:46,0.709,0.70398,0.70248,0.69328,62.09,15.64,0.0042,0.002673,0.001947,0.71153,0.69425,BUY,BUY,NEUTRAL,SELL,42,5
2026-08-18 13:21:26,0.70904,0.70398,0.70249,0.69328,62.18,15.64,0.00421,0.002676,0.001948,0.71154,0.69424,BUY,BUY,BUY,SELL,50,5
2026-08-18 13:37:07,0.70876,0.70396,0.70247,0.69327,61.53,15.64,0.00422,0.002654,0.001943,0.71148,0.69427,BUY,BUY,NEUTRAL,SELL,42,5
2026-08-18 13:52:47,0.7087,0.70395,0.70247,0.69327,61.39,15.64,0.00422,0.002649,0.001942,0.71147,0.69427,BUY,BUY,NEUTRAL,SELL,42,5
2026-08-18 14:08:28,0.70846,0.70393,0.70246,0.69327,60.85,15.64,0.00424,0.00263,0.001939,0.71143,0.69429,BUY,BUY,NEUTRAL,SELL,42,5
2026-08-18 14:18:00,0.7086,0.70394,0.70247,0.69327,61.16,15.64,0.00424,0.002641,0.001941,0.71145,0.69428,BUY,BUY,NEUTRAL,SELL,42,5
2026-08-18 14:33:41,0.7084,0.70392,0.70246,0.69327,60.71,15.64,0.00424,0.002625,0.001938,0.71142,0.6943,BUY,BUY,NEUTRAL,SELL,42,5
2026-08-18 14:49:21,0.70831,0.70391,0.70246,0.69327,60.51,15.64,0.00425,0.002618,0.001936,0.7114,0.69431,BUY,BUY,NEUTRAL,SELL,42,5
2026-08-18 15:05:02,0.70838,0.70392,0.70246,0.69327,60.67,15.64,0.00425,0.002623,0.001937,0.71141,0.6943,BUY,BUY,NEUTRAL,SELL,42,5
2026-08-18 15:20:42,0.70845,0.70393,0.70246,0.69327,60.82,15.64,0.00425,0.002629,0.001938,0.71143,0.69429,BUY,BUY,NEUTRAL,SELL,42,5
2026-08-18 15:36:23,0.70856,0.70394,0.70247,0.69327,61.07,15.64,0.00425,0.002638,0.00194,0.71145,0.69429,BUY,BUY,NEUTRAL,SELL,42,5
2026-08-18 15:52:04,0.70856,0.70394,0.70247,0.69327,61.07,15.64,0.00425,0.002638,0.00194,0.71145,0.69429,BUY,BUY,NEUTRAL,SELL,42,5
2026-08-18 16:07:44,0.70828,0.70391,0.70246,0.69327,60.44,15.64,0.00425,0.002615,0.001936,0.7114,0.69431,BUY,BUY,NEUTRAL,SELL,42,5
2026-08-18 16:23:25,0.70828,0.70391,0.70246,0.69327,60.44,15.64,0.00425,0.002615,0.001936,0.7114,0.69431,BUY,BUY,NEUTRAL,SELL,42,5
2026-08-18 16:39:05,0.7084,0.70392,0.70246,0.69327,60.71,15.64,0.00425,0.002625,0.001938,0.71142,0.6943,BUY,BUY,NEUTRAL,SELL,42,5
2026-08-18 16:54:46,0.7085,0.70393,0.70246,0.69327,60.94,15.64,0.00425,0.002633,0.001939,0.71143,0.69429,BUY,BUY,NEUTRAL,SELL,42,5
2026-08-19 00:19:55,0.70735,0.70423,0.70264,0.69341,58.32,16.23,0.00407,0.002544,0.002056,0.71181,0.69472,BUY,BUY,NEUTRAL,SELL,42,5
2026-08-19 00:35:35,0.70705,0.7042,0.70263,0.6934,57.66,16.23,0.00407,0.00252,0.002051,0.71177,0.69473,BUY,BUY,SELL,SELL,42,5
2026-08-19 00:51:16,0.7068,0.70417,0.70262,0.6934,57.12,16.17,0.00408,0.0025,0.002047,0.71174,0.69474,BUY,BUY,SELL,SELL,42,5
2026-08-19 08:08:19,0.70757,0.70425,0.70265,0.69341,58.81,16.14,0.00409,0.002561,0.002059,0.71184,0.69471,BUY,BUY,NEUTRAL,STRONG_SELL,42,0
2026-08-19 08:24:00,0.70808,0.7043,0.70267,0.69341,59.99,16.14,0.00409,0.002602,0.002067,0.71192,0.69468,BUY,BUY,NEUTRAL,STRONG_SELL,42,0
2026-08-19 08:39:41,0.70951,0.70443,0.70273,0.69343,62.18,16.14,0.00417,0.002716,0.00209,0.71217,0.69457,BUY,BUY,BUY,STRONG_SELL,50,0
2026-08-19 08:48:46,0.70949,0.70443,0.70273,0.69343,62.16,16.14,0.00417,0.002714,0.00209,0.71217,0.69457,BUY,BUY,BUY,STRONG_SELL,50,0
2026-08-19 08:58:15,0.71013,0.70449,0.70275,0.69343,63.04,16.14,0.0042,0.002766,0.0021,0.7123,0.69451,BUY,BUY,BUY,STRONG_SELL,50,0
2026-08-19 09:28:56,0.71175,0.70465,0.70282,0.69345,65.11,16.14,0.00434,0.002895,0.002126,0.71265,0.69432,BUY,STRONG_BUY,BUY,STRONG_SELL,50,0
2026-08-19 09:59:37,0.71189,0.70466,0.70282,0.69345,65.28,16.14,0.00437,0.002906,0.002128,0.71268,0.6943,BUY,STRONG_BUY,STRONG_BUY,STRONG_SELL,50,0
2026-08-19 10:30:18,0.71254,0.70472,0.70285,0.69346,66.03,16.14,0.00439,0.002958,0.002139,0.71283,0.69421,BUY,STRONG_BUY,STRONG_BUY,STRONG_SELL,50,0
2026-08-19 11:00:59,0.71193,0.70466,0.70282,0.69345,65.32,16.14,0.0044,0.002909,0.002129,0.71269,0.6943,BUY,STRONG_BUY,BUY,STRONG_SELL,50,0
2026-08-19 11:31:40,0.71221,0.70469,0.70283,0.69346,65.65,16.14,0.0044,0.002931,0.002133,0.71275,0.69426,BUY,STRONG_BUY,STRONG_BUY,STRONG_SELL,50,0
2026-08-19 12:02:20,0.71224,0.70469,0.70283,0.69346,65.69,16.14,0.0044,0.002934,0.002134,0.71276,0.69426,BUY,STRONG_BUY,BUY,STRONG_SELL,50,0
2026-08-19 12:33:01,0.71247,0.70471,0.70284,0.69346,65.95,16.14,0.0044,0.002952,0.002137,0.71282,0.69422,BUY,STRONG_BUY,STRONG_BUY,STRONG_SELL,50,0
2026-08-19 13:03:42,0.71234,0.7047,0.70284,0.69346,65.8,16.14,0.0044,0.002942,0.002135,0.71278,0.69424,BUY,STRONG_BUY,STRONG_BUY,STRONG_SELL,50,0
2026-08-19 13:34:23,0.71177,0.70465,0.70282,0.69345,65.13,16.14,0.0044,0.002896,0.002126,0.71265,0.69432,BUY,STRONG_BUY,BUY,STRONG_SELL,50,0
2026-08-19 14:05:04,0.71203,0.70466,0.70282,0.69345,65.3,16.14,0.0044,0.002908,0.002128,0.71268,0.6943,BUY,STRONG_BUY,STRONG_BUY,STRONG_SELL,50,0
2026-08-19 14:28:01,0.71131,0.7046,0.7028,0.69345,64.57,16.14,0.0044,0.00286,0.002119,0.71255,0.69438,BUY,STRONG_BUY,STRONG_BUY,STRONG_SELL,50,0
2026-08-19 14:58:41,0.7122,0.70469,0.70283,0.69346,65.64,16.14,0.0044,0.002931,0.002133,0.71275,0.69426,BUY,STRONG_BUY,STRONG_BUY,STRONG_SELL,50,0
2026-08-19 15:20:45,0.71237,0.7047,0.70284,0.69346,65.84,16.14,0.0044,0.002944,0.002136,0.71279,0.69424,BUY,STRONG_BUY,STRONG_BUY,STRONG_SELL,50,0
2026-08-19 15:51:26,0.71246,0.70471,0.70284,0.69346,65.94,16.14,0.0044,0.002951,0.002137,0.71281,0.69423,BUY,STRONG_BUY,STRONG_BUY,STRONG_SELL,50,0
2026-08-19 18:06:49,0.71246,0.70542,0.70321,0.69364,65.97,16.61,0.00411,0.003169,0.002339,0.71376,0.69481,BUY,STRONG_BUY,BUY,STRONG_SELL,50,0
2026-08-19 18:22:29,0.7125,0.70543,0.70321,0.69364,66.02,16.61,0.00411,0.003172,0.00234,0.71377,0.69481,BUY,STRONG_BUY,BUY,STRONG_SELL,50,0
2026-08-19 18:38:10,0.71256,0.70543,0.70321,0.69364,66.1,16.61,0.00412,0.003177,0.002341,0.71378,0.6948,BUY,STRONG_BUY,BUY,STRONG_SELL,50,0
2026-08-19 18:53:50,0.7126,0.70544,0.70321,0.69365,66.14,16.61,0.00412,0.00318,0.002342,0.71379,0.6948,BUY,STRONG_BUY,BUY,STRONG_SELL,50,0
2026-08-19 19:09:31,0.71273,0.70545,0.70322,0.69365,66.3,16.61,0.00413,0.00319,0.002344,0.71382,0.69478,BUY,STRONG_BUY,BUY,STRONG_SELL,50,0
2026-08-19 19:25:12,0.71253,0.70543,0.70321,0.69364,66.06,16.61,0.00413,0.003175,0.00234,0.71378,0.6948,BUY,STRONG_BUY,BUY,STRONG_SELL,50,0
2026-08-19 19:40:53,0.71235,0.70541,0.7032,0.69364,65.84,16.61,0.00413,0.00316,0.002338,0.71374,0.69483,BUY,STRONG_BUY,BUY,STRONG_SELL,50,0
2026-08-19 19:56:33,0.71222,0.7054,0.7032,0.69364,65.67,16.61,0.00413,0.00315,0.002336,0.71371,0.69484,BUY,STRONG_BUY,BUY,STRONG_SELL,50,0
2026-08-19 20:12:14,0.71222,0.7054,0.7032,0.69364,65.67,16.61,0.00413,0.00315,0.002336,0.71371,0.69484,BUY,STRONG_BUY,BUY,STRONG_SELL,50,0
2026-08-19 20:20:44,0.71235,0.70541,0.7032,0.69364,65.84,16.61,0.00413,0.00316,0.002338,0.71374,0.69483,BUY,STRONG_BUY,BUY,STRONG_SELL,50,0
2026-08-19 20:36:26,0.71237,0.70541,0.7032,0.69364,65.86,16.61,0.00413,0.003162,0.002338,0.71374,0.69482,BUY,STRONG_BUY,BUY,STRONG_SELL,50,0
2026-08-19 20:52:10,0.71169,0.70535,0.70318,0.69364,64.52,16.61,0.00417,0.003108,0.002327,0.7136,0.6949,BUY,BUY,BUY,STRONG_SELL,50,0
2026-08-19 21:07:50,0.71159,0.70534,0.70317,0.69364,64.29,16.61,0.00418,0.0031,0.002325,0.71357,0.69491,BUY,BUY,BUY,STRONG_SELL,50,0
2026-08-19 21:23:32,0.71202,0.70538,0.70319,0.69364,65.3,16.61,0.00418,0.003134,0.002332,0.71367,0.69486,BUY,STRONG_BUY,BUY,STRONG_SELL,50,0
2026-08-19 21:39:15,0.71134,0.70532,0.70316,0.69363,63.71,16.61,0.00426,0.00308,0.002321,0.71352,0.69494,BUY,BUY,BUY,STRONG_SELL,50,0
2026-08-19 21:49:16,0.71122,0.7053,0.70316,0.69363,63.44,16.61,0.00426,0.00307,0.00232,0.7135,0.69495,BUY,BUY,BUY,STRONG_SELL,50,0
2026-08-19 22:04:57,0.71177,0.70536,0.70318,0.69364,64.71,16.61,0.00426,0.003114,0.002328,0.71361,0.69489,BUY,BUY,BUY,STRONG_SELL,50,0
2026-08-19 22:20:37,0.71116,0.70531,0.70316,0.69363,63.46,16.61,0.00426,0.003071,0.00232,0.7135,0.69495,BUY,BUY,BUY,STRONG_SELL,50,0
2026-08-19 22:36:18,0.71121,0.7053,0.70316,0.69363,63.42,16.61,0.00426,0.003069,0.002319,0.7135,0.69495,BUY,BUY,BUY,STRONG_SELL,50,0
2026-08-19 22:51:58,0.71133,0.70531,0.70316,0.69363,63.69,16.61,0.00426,0.003079,0.002321,0.71352,0.69494,BUY,BUY,BUY,STRONG_SELL,50,0
2026-08-19 23:07:38,0.71144,0.70533,0.70317,0.69363,63.94,16.61,0.00426,0.003088,0.002323,0.71354,0.69493,BUY,BUY,BUY,STRONG_SELL,50,0
2026-08-19 23:23:19,0.71172,0.70535,0.70318,0.69364,64.59,16.61,0.00426,0.00311,0.002328,0.7136,0.6949,BUY,BUY,BUY,STRONG_SELL,50,0
2026-08-19 23:39:00,0.71156,0.70534,0.70317,0.69363,64.22,16.61,0.00426,0.003097,0.002325,0.71357,0.69492,BUY,BUY,BUY,STRONG_SELL,50,0
2026-08-19 23:54:40,0.71197,0.70538,0.70319,0.69364,65.18,16.61,0.00426,0.00313,0.002332,0.71365,0.69487,BUY,BUY,BUY,STRONG_SELL,50,0
2026-08-20 00:10:21,0.71228,0.70541,0.7032,0.69364,65.75,16.61,0.00426,0.003155,0.002336,0.71372,0.69483,BUY,STRONG_BUY,BUY,STRONG_SELL,50,0
2026-08-20 00:54:19,0.71152,0.70533,0.70317,0.69363,64.12,16.61,0.00426,0.003094,0.002324,0.71356,0.69492,BUY,BUY,BUY,STRONG_SELL,50,0
2026-08-20 08:03:28,0.71072,0.70529,0.70316,0.69363,62.39,16.76,0.00429,0.003037,0.002317,0.71341,0.69506,BUY,BUY,BUY,STRONG_SELL,50,0
2026-08-20 08:19:22,0.7106,0.70527,0.70315,0.69363,62.12,16.76,0.00429,0.003027,0.002315,0.71339,0.69507,BUY,BUY,BUY,STRONG_SELL,50,0
2026-08-20 08:35:17,0.71082,0.7053,0.70316,0.69363,62.61,16.76,0.00429,0.003045,0.002319,0.71343,0.69505,BUY,BUY,BUY,STRONG_SELL,50,0
2026-08-20 08:51:11,0.71158,0.70537,0.70319,0.69364,64.33,16.76,0.00429,0.003105,0.002331,0.71358,0.69498,BUY,BUY,BUY,STRONG_SELL,50,0
2026-08-20 09:07:05,0.71212,0.70542,0.70321,0.69365,65.62,16.76,0.00429,0.003148,0.00234,0.71369,0.69492,BUY,BUY,BUY,STRONG_SELL,50,0
2026-08-20 09:22:59,0.71196,0.7054,0.70321,0.69365,65.23,16.76,0.00429,0.003136,0.002337,0.71366,0.69494,BUY,BUY,BUY,STRONG_SELL,50,0
2026-08-20 09:38:53,0.71229,0.70544,0.70322,0.69365,65.83,16.76,0.00429,0.003162,0.002342,0.71373,0.6949,BUY,STRONG_BUY,BUY,STRONG_SELL,50,0
2026-08-20 09:54:47,0.7116,0.70537,0.70319,0.69364,64.38,16.76,0.00429,0.003107,0.002331,0.71358,0.69498,BUY,BUY,BUY,STRONG_SELL,50,0
2026-08-20 10:10:41,0.71188,0.7054,0.7032,0.69364,65.04,16.76,0.00429,0.003129,0.002336,0.71364,0.69494,BUY,BUY,BUY,STRONG_SELL,50,0
2026-08-20 10:26:35,0.71192,0.7054,0.70321,0.69364,65.14,16.76,0.00429,0.003132,0.002336,0.71365,0.69494,BUY,BUY,BUY,STRONG_SELL,50,0
2026-08-20 10:42:29,0.71219,0.70543,0.70322,0.69365,65.71,16.76,0.00429,0.003154,0.002341,0.71371,0.69491,BUY,STRONG_BUY,BUY,STRONG_SELL,50,0
2026-08-20 10:58:23,0.71212,0.70542,0.70321,0.69365,65.62,16.76,0.00429,0.003148,0.00234,0.71369,0.69492,BUY,BUY,BUY,STRONG_SELL,50,0
2026-08-20 11:14:17,0.71214,0.70542,0.70321,0.69365,65.64,16.76,0.00429,0.00315,0.00234,0.7137,0.69491,BUY,BUY,BUY,STRONG_SELL,50,0
2026-08-20 11:30:11,0.71252,0.70546,0.70323,0.69365,66.12,16.76,0.00429,0.00318,0.002346,0.71378,0.69487,BUY,STRONG_BUY,STRONG_BUY,STRONG_SELL,50,0
2026-08-20 11:46:05,0.71155,0.70536,0.70319,0.69364,64.26,16.76,0.00429,0.003103,0.002331,0.71357,0.69498,BUY,BUY,BUY,STRONG_SELL,50,0
2026-08-20 12:02:00,0.71182,0.70539,0.7032,0.69364,64.9,16.76,0.00429,0.003124,0.002335,0.71363,0.69495,BUY,BUY,BUY,STRONG_SELL,50,0
2026-08-20 12:17:54,0.71151,0.70536,0.70319,0.69364,64.17,16.76,0.00429,0.0031,0.00233,0.71356,0.69499,BUY,BUY,BUY,STRONG_SELL,50,0
2026-08-20 12:33:48,0.71124,0.70534,0.70318,0.69364,63.55,16.76,0.00429,0.003078,0.002326,0.71351,0.69501,BUY,BUY,BUY,STRONG_SELL,50,0
2026-08-20 12:49:41,0.71125,0.70534,0.70318,0.69364,63.78,16.76,0.00429,0.003086,0.002327,0.71353,0.695,BUY,BUY,BUY,STRONG_SELL,50,0
2026-08-20 13:05:35,0.71124,0.70534,0.70318,0.69364,63.55,16.76,0.00429,0.003078,0.002326,0.71351,0.69501,BUY,BUY,BUY,STRONG_SELL,50,0
2026-08-20 13:21:30,0.71113,0.70532,0.70317,0.69364,63.3,16.76,0.00429,0.003069,0.002324,0.71349,0.69502,BUY,BUY,BUY,STRONG_SELL,50,0
2026-08-20 13:37:24,0.71113,0.70532,0.70317,0.69364,63.3,16.76,0.00429,0.003069,0.002324,0.71349,0.69502,BUY,BUY,BUY,STRONG_SELL,50,0
2026-08-20 13:53:19,0.71122,0.70533,0.70318,0.69364,63.5,16.76,0.00429,0.003077,0.002325,0.71351,0.69502,BUY,BUY,BUY,STRONG_SELL,50,0
2026-08-20 14:09:13,0.71091,0.7053,0.70317,0.69363,62.81,16.76,0.00429,0.003052,0.00232,0.71344,0.69505,BUY,BUY,BUY,STRONG_SELL,50,0
2026-08-20 14:25:07,0.71074,0.70529,0.70316,0.69363,62.43,16.76,0.00429,0.003038,0.002318,0.71341,0.69506,BUY,BUY,BUY,STRONG_SELL,50,0
2026-08-20 14:41:01,0.71091,0.7053,0.70317,0.69363,62.81,16.76,0.00429,0.003052,0.00232,0.71344,0.69505,BUY,BUY,BUY,STRONG_SELL,50,0
2026-08-20 14:56:55,0.71104,0.70532,0.70317,0.69364,63.1,16.76,0.00429,0.003062,0.002322,0.71347,0.69503,BUY,BUY,BUY,STRONG_SELL,50,0
2026-08-20 15:12:49,0.71106,0.70532,0.70317,0.69364,63.14,16.76,0.00429,0.003064,0.002323,0.71347,0.69503,BUY,BUY,BUY,STRONG_SELL,50,0
2026-08-20 15:28:42,0.71115,0.70533,0.70318,0.69364,63.34,16.76,0.00429,0.003071,0.002324,0.71349,0.69502,BUY,BUY,BUY,STRONG_SELL,50,0
2026-08-20 17:52:20,0.71081,0.70529,0.70316,0.69363,62.58,16.76,0.00429,0.003044,0.002319,0.71343,0.69505,BUY,BUY,BUY,STRONG_SELL,50,0
2026-08-20 18:46:59,0.71145,0.70589,0.70349,0.69381,63.55,17.26,0.00403,0.003151,0.002486,0.71415,0.6957,BUY,BUY,BUY,STRONG_SELL,50,0
2026-08-20 19:02:52,0.71161,0.7059,0.7035,0.69381,63.76,17.26,0.00404,0.003163,0.002489,0.71418,0.69568,BUY,BUY,BUY,STRONG_SELL,50,0
2026-08-20 19:18:46,0.71166,0.70591,0.7035,0.69381,63.83,17.26,0.00404,0.003167,0.00249,0.71419,0.69568,BUY,BUY,BUY,STRONG_SELL,50,0
2026-08-20 19:34:40,0.71172,0.70591,0.7035,0.69381,63.91,17.26,0.00405,0.003172,0.002491,0.7142,0.69567,BUY,BUY,BUY,STRONG_SELL,50,0
2026-08-20 19:50:34,0.71185,0.70593,0.70351,0.69382,64.08,17.26,0.00406,0.003183,0.002493,0.71423,0.69566,BUY,BUY,STRONG_BUY,SELL,50,5
2026-08-20 20:06:28,0.71211,0.70595,0.70352,0.69382,64.43,17.26,0.00408,0.003203,0.002497,0.71428,0.69563,BUY,BUY,STRONG_BUY,SELL,50,5
2026-08-20 20:22:21,0.71241,0.70598,0.70353,0.69382,64.81,17.26,0.0041,0.003227,0.002502,0.71434,0.6956,BUY,BUY,STRONG_BUY,SELL,50,5
2026-08-20 22:03:19,0.71344,0.70608,0.70357,0.69383,66.07,17.32,0.00417,0.003309,0.002518,0.71456,0.69548,BUY,BUY,BUY,SELL,50,0
2026-08-20 22:19:13,0.71349,0.70608,0.70357,0.69383,66.13,17.35,0.00418,0.003313,0.002519,0.71458,0.69547,BUY,BUY,BUY,SELL,50,0
2026-08-20 22:35:08,0.71376,0.70611,0.70358,0.69383,66.44,17.49,0.00422,0.003335,0.002523,0.71464,0.69544,BUY,BUY,STRONG_BUY,SELL,50,0
2026-08-20 23:18:49,0.7141,0.70614,0.70359,0.69384,66.83,17.56,0.00424,0.003362,0.002529,0.71472,0.69539,BUY,BUY,STRONG_BUY,SELL,50,0
2026-08-20 23:34:43,0.71396,0.70613,0.70359,0.69384,66.67,17.56,0.00424,0.003351,0.002526,0.71468,0.69541,BUY,BUY,STRONG_BUY,SELL,50,0
2026-08-20 23:50:37,0.71409,0.70614,0.70359,0.69384,66.82,17.56,0.00424,0.003361,0.002528,0.71471,0.69539,BUY,BUY,STRONG_BUY,SELL,50,0
2026-08-21 08:07:13,0.71684,0.7064,0.7037,0.69387,69.66,18.09,0.00441,0.003581,0.002572,0.71542,0.69496,STRONG_BUY,STRONG_BUY,STRONG_BUY,SELL,50,0
2026-08-21 08:23:06,0.71666,0.70638,0.7037,0.69386,69.49,18.1,0.00441,0.003566,0.002569,0.71537,0.69499,STRONG_BUY,STRONG_BUY,STRONG_BUY,SELL,50,0
2026-08-21 08:39:01,0.71617,0.70634,0.70368,0.69386,69.01,18.1,0.00441,0.003527,0.002562,0.71524,0.69508,STRONG_BUY,STRONG_BUY,BUY,SELL,50,0
2026-08-21 08:54:55,0.7165,0.70637,0.70369,0.69386,69.33,18.1,0.00441,0.003553,0.002567,0.71533,0.69502,STRONG_BUY,STRONG_BUY,STRONG_BUY,SELL,50,0
2026-08-21 09:10:49,0.71645,0.70636,0.70369,0.69386,69.28,18.1,0.00441,0.003549,0.002566,0.71532,0.69503,STRONG_BUY,STRONG_BUY,STRONG_BUY,SELL,50,0
2026-08-21 10:45:56,0.71608,0.70633,0.70367,0.69386,68.92,18.18,0.00444,0.00352,0.00256,0.71522,0.69509,STRONG_BUY,STRONG_BUY,BUY,SELL,50,0
2026-08-21 11:01:50,0.71641,0.70636,0.70369,0.69386,69.25,18.18,0.00444,0.003546,0.002565,0.71531,0.69503,STRONG_BUY,STRONG_BUY,BUY,SELL,50,0
2026-08-21 11:17:44,0.71657,0.70638,0.70369,0.69386,69.4,18.18,0.00444,0.003559,0.002568,0.71535,0.69501,STRONG_BUY,STRONG_BUY,BUY,SELL,50,0
2026-08-21 11:33:38,0.71717,0.70643,0.70372,0.69387,69.96,18.18,0.00444,0.003607,0.002577,0.71552,0.6949,STRONG_BUY,STRONG_BUY,BUY,SELL,50,0
2026-08-21 11:49:32,0.71734,0.70645,0.70372,0.69387,70.12,18.25,0.00447,0.00362,0.00258,0.71556,0.69487,STRONG_BUY,STRONG_BUY,BUY,SELL,50,0
2026-08-21 12:05:26,0.7176,0.70647,0.70373,0.69387,70.36,18.25,0.00447,0.003641,0.002584,0.71564,0.69482,STRONG_BUY,STRONG_BUY,BUY,SELL,50,0
2026-08-21 12:21:20,0.71753,0.70647,0.70373,0.69387,70.29,18.25,0.00447,0.003636,0.002583,0.71562,0.69483,STRONG_BUY,STRONG_BUY,BUY,SELL,50,0
2026-08-21 12:37:15,0.71716,0.70644,0.70372,0.69387,69.98,18.25,0.00447,0.003609,0.002578,0.71552,0.6949,STRONG_BUY,STRONG_BUY,BUY,SELL,50,0
2026-08-21 12:53:09,0.71716,0.70643,0.70371,0.69387,69.96,18.25,0.00447,0.003606,0.002577,0.71551,0.6949,STRONG_BUY,STRONG_BUY,BUY,SELL,50,0
2026-08-21 13:09:03,0.71737,0.70645,0.70372,0.69387,70.15,18.25,0.00447,0.003623,0.002581,0.71557,0.69486,STRONG_BUY,STRONG_BUY,BUY,SELL,50,0
2026-08-21 13:24:57,0.71737,0.70645,0.70372,0.69387,70.15,18.25,0.00447,0.003623,0.002581,0.71557,0.69486,STRONG_BUY,STRONG_BUY,BUY,SELL,50,0
2026-08-21 13:40:51,0.71769,0.70648,0.70374,0.69387,70.44,18.28,0.00448,0.003648,0.002586,0.71566,0.6948,STRONG_BUY,STRONG_BUY,BUY,SELL,50,0
2026-08-21 13:56:45,0.71768,0.70648,0.70374,0.69387,70.43,18.28,0.00448,0.003648,0.002586,0.71566,0.69481,STRONG_BUY,STRONG_BUY,BUY,SELL,50,0
2026-08-21 14:12:39,0.71787,0.7065,0.70374,0.69388,70.6,18.31,0.00449,0.003663,0.002589,0.71572,0.69477,STRONG_BUY,STRONG_BUY,BUY,SELL,50,0
2026-08-21 14:28:34,0.71783,0.7065,0.70374,0.69388,70.56,18.31,0.00449,0.00366,0.002588,0.71571,0.69478,STRONG_BUY,STRONG_BUY,BUY,SELL,50,0
2026-08-21 14:44:28,0.71774,0.70649,0.70374,0.69387,70.48,18.31,0.00449,0.003652,0.002587,0.71568,0.69479,STRONG_BUY,STRONG_BUY,BUY,SELL,50,0
2026-08-21 15:00:23,0.71787,0.7065,0.70374,0.69388,70.6,18.31,0.00449,0.003663,0.002589,0.71572,0.69477,STRONG_BUY,STRONG_BUY,BUY,SELL,50,0
2026-08-21 15:00:34,0.71787,0.7065,0.70374,0.69388,70.6,18.31,0.00449,0.003663,0.002589,0.71572,0.69477,STRONG_BUY,STRONG_BUY,BUY,SELL,50,0
2026-08-21 15:01:11,0.7178,0.70649,0.70374,0.69388,70.54,18.31,0.00449,0.003657,0.002588,0.7157,0.69478,STRONG_BUY,STRONG_BUY,BUY,SELL,50,0
2026-08-21 15:54:25,0.71736,0.70645,0.70372,0.69387,70.14,18.31,0.00449,0.003622,0.002581,0.71557,0.69487,STRONG_BUY,STRONG_BUY,BUY,SELL,50,0
2026-08-21 16:10:19,0.7172,0.70644,0.70372,0.69387,69.99,18.31,0.00449,0.003609,0.002578,0.71552,0.69489,STRONG_BUY,STRONG_BUY,BUY,SELL,50,0
2026-08-21 16:17:08,0.71728,0.70644,0.70372,0.69387,70.07,18.31,0.00449,0.003616,0.002579,0.71555,0.69488,STRONG_BUY,STRONG_BUY,BUY,SELL,50,0
2026-08-23 17:13:02,0.71579,0.7073,0.70418,0.69408,67.22,19.75,0.00429,0.003875,0.002833,0.71684,0.69524,BUY,BUY,BUY,SELL,50,0
2026-08-23 17:28:55,0.71627,0.70735,0.7042,0.69409,68.28,19.75,0.00426,0.003913,0.002841,0.71695,0.69518,BUY,BUY,BUY,SELL,50,0
2026-08-23 17:44:50,0.71645,0.70736,0.7042,0.69409,68.68,19.75,0.00426,0.003927,0.002844,0.71699,0.69515,BUY,BUY,BUY,SELL,50,0
2026-08-23 18:00:44,0.71656,0.70737,0.70421,0.69409,68.93,19.75,0.00426,0.003936,0.002846,0.71702,0.69514,BUY,BUY,BUY,SELL,50,0
2026-08-23 18:16:38,0.71695,0.70741,0.70422,0.6941,69.76,19.75,0.00426,0.003967,0.002852,0.71711,0.69508,STRONG_BUY,STRONG_BUY,BUY,SELL,50,0
2026-08-23 18:32:33,0.71704,0.70742,0.70423,0.6941,69.85,19.75,0.00426,0.003974,0.002853,0.71714,0.69507,STRONG_BUY,STRONG_BUY,BUY,SELL,50,0
2026-08-23 18:48:27,0.71697,0.70741,0.70422,0.6941,69.78,19.75,0.00426,0.003969,0.002852,0.71712,0.69508,STRONG_BUY,STRONG_BUY,BUY,SELL,50,0
2026-08-23 19:04:21,0.71683,0.7074,0.70422,0.69409,69.55,19.75,0.00426,0.003958,0.00285,0.71708,0.6951,BUY,STRONG_BUY,BUY,SELL,50,0
2026-08-23 19:20:15,0.7168,0.7074,0.70422,0.69409,69.48,19.75,0.00426,0.003955,0.00285,0.71708,0.6951,BUY,STRONG_BUY,BUY,SELL,50,0
2026-08-23 19:36:10,0.7169,0.70741,0.70422,0.6941,69.71,19.75,0.00426,0.003963,0.002851,0.7171,0.69509,STRONG_BUY,STRONG_BUY,BUY,SELL,50,0
2026-08-23 19:43:05,0.7168,0.7074,0.70422,0.69409,69.48,19.75,0.00426,0.003955,0.00285,0.71708,0.6951,BUY,STRONG_BUY,BUY,SELL,50,0
2026-08-23 19:58:59,0.71709,0.70742,0.70423,0.6941,69.9,19.75,0.00426,0.003978,0.002854,0.71715,0.69506,STRONG_BUY,STRONG_BUY,BUY,SELL,50,0
2026-08-23 20:01:40,0.71715,0.70743,0.70423,0.6941,69.96,19.75,0.00426,0.003983,0.002855,0.71716,0.69505,STRONG_BUY,STRONG_BUY,BUY,SELL,50,0
2026-08-23 20:17:35,0.71736,0.70745,0.70424,0.6941,70.17,19.75,0.00427,0.004,0.002859,0.71722,0.69502,STRONG_BUY,STRONG_BUY,BUY,SELL,50,0
2026-08-23 20:33:29,0.71726,0.70744,0.70424,0.6941,70.07,19.75,0.00427,0.003992,0.002857,0.71719,0.69504,STRONG_BUY,STRONG_BUY,BUY,SELL,50,0
2026-08-23 20:49:24,0.71723,0.70744,0.70423,0.6941,70.04,19.75,0.00427,0.00399,0.002856,0.71718,0.69504,STRONG_BUY,STRONG_BUY,BUY,SELL,50,0
2026-08-23 21:00:34,0.71758,0.70747,0.70425,0.6941,70.39,19.75,0.00428,0.004017,0.002862,0.71727,0.69499,STRONG_BUY,STRONG_BUY,BUY,SELL,50,0
2026-08-23 21:51:47,0.71688,0.7074,0.70422,0.6941,69.67,19.75,0.00428,0.003962,0.002851,0.7171,0.69509,BUY,STRONG_BUY,BUY,SELL,50,0
2026-08-23 22:07:41,0.71672,0.70739,0.70421,0.69409,69.3,19.75,0.00428,0.003949,0.002848,0.71706,0.69512,BUY,STRONG_BUY,BUY,SELL,50,0
2026-08-23 22:23:35,0.717,0.70742,0.70423,0.6941,69.81,19.75,0.00428,0.003971,0.002853,0.71713,0.69508,STRONG_BUY,STRONG_BUY,BUY,SELL,50,0
2026-08-24 06:17:13,0.71645,0.70736,0.7042,0.69409,68.68,19.75,0.0043,0.003927,0.002844,0.71699,0.69515,BUY,BUY,STRONG_BUY,SELL,50,0
2026-08-24 06:33:08,0.71637,0.70736,0.7042,0.69409,68.5,19.75,0.0043,0.003921,0.002843,0.71697,0.69517,BUY,BUY,STRONG_BUY,SELL,50,0
2026-08-24 06:38:06,0.71641,0.70736,0.7042,0.69409,68.59,19.75,0.0043,0.003924,0.002843,0.71698,0.69516,BUY,BUY,STRONG_BUY,SELL,50,0
2026-08-24 18:27:09,0.71495,0.70794,0.70456,0.69428,65.32,21.09,0.00414,0.003929,0.00304,0.71739,0.69636,BUY,BUY,BUY,SELL,50,0
2026-08-24 18:38:41,0.715,0.70795,0.70457,0.69428,65.37,21.09,0.00414,0.003933,0.003041,0.7174,0.69635,BUY,BUY,BUY,SELL,50,0
2026-08-24 18:54:35,0.71497,0.70795,0.70456,0.69428,65.34,21.09,0.00414,0.003931,0.00304,0.71739,0.69636,BUY,BUY,BUY,SELL,50,0
2026-08-24 19:10:29,0.71491,0.70794,0.70456,0.69428,65.27,21.09,0.00414,0.003926,0.003039,0.71738,0.69636,BUY,BUY,BUY,SELL,50,0
2026-08-24 19:26:23,0.7149,0.70794,0.70456,0.69428,65.26,21.09,0.00414,0.003925,0.003039,0.71738,0.69637,BUY,BUY,BUY,SELL,50,0
2026-08-24 19:42:16,0.71506,0.70795,0.70457,0.69428,65.44,21.09,0.00414,0.003938,0.003042,0.71741,0.69635,BUY,BUY,BUY,SELL,50,0
2026-08-24 19:58:10,0.71543,0.70799,0.70458,0.69429,65.86,21.09,0.00417,0.003967,0.003048,0.71749,0.69631,BUY,BUY,BUY,SELL,50,0
2026-08-24 20:14:04,0.71566,0.70801,0.70459,0.69429,66.12,21.09,0.00418,0.003986,0.003051,0.71754,0.69628,BUY,BUY,BUY,SELL,50,0
2026-08-24 20:29:58,0.71564,0.70801,0.70459,0.69429,66.1,21.09,0.00418,0.003984,0.003051,0.71754,0.69628,BUY,BUY,BUY,SELL,50,0
2026-08-24 20:45:52,0.71583,0.70803,0.7046,0.69429,66.31,21.09,0.00419,0.003999,0.003054,0.71758,0.69626,BUY,BUY,BUY,SELL,50,0
2026-08-24 21:00:48,0.71572,0.70802,0.70459,0.69429,66.19,21.09,0.00419,0.003991,0.003052,0.71755,0.69628,BUY,BUY,BUY,SELL,50,0
2026-08-24 21:16:42,0.71565,0.70801,0.70459,0.69429,66.11,21.09,0.00419,0.003985,0.003051,0.71754,0.69628,BUY,BUY,BUY,SELL,50,0
2026-08-24 21:32:37,0.71554,0.708,0.70459,0.69429,65.99,21.09,0.00419,0.003976,0.003049,0.71751,0.6963,BUY,BUY,BUY,SELL,50,0
2026-08-24 21:48:31,0.71543,0.70799,0.70458,0.69429,65.86,21.09,0.00419,0.003967,0.003048,0.71749,0.69631,BUY,BUY,BUY,SELL,50,0
2026-08-24 22:04:25,0.71531,0.70798,0.70458,0.69429,65.73,21.09,0.00419,0.003958,0.003046,0.71747,0.69632,BUY,BUY,BUY,SELL,50,0
2026-08-25 06:20:33,0.71513,0.70796,0.70457,0.69428,65.52,20.96,0.00427,0.003943,0.003043,0.71743,0.69634,BUY,BUY,BUY,SELL,50,0
2026-08-25 06:36:27,0.71508,0.70796,0.70457,0.69428,65.47,20.96,0.00427,0.003939,0.003042,0.71742,0.69635,BUY,BUY,BUY,SELL,50,0
2026-08-25 18:23:25,0.71629,0.70883,0.70506,0.69451,66.83,22.08,0.00406,0.004159,0.003277,0.71793,0.69805,BUY,BUY,BUY,SELL,50,0
2026-08-25 18:39:20,0.7163,0.70883,0.70506,0.69451,66.84,22.08,0.00406,0.00416,0.003277,0.71793,0.69805,BUY,BUY,BUY,SELL,50,0
2026-08-25 18:55:13,0.71644,0.70884,0.70507,0.69451,67.0,22.08,0.00406,0.004171,0.003279,0.71796,0.69804,BUY,BUY,BUY,SELL,50,0
2026-08-25 19:11:07,0.71646,0.70884,0.70507,0.69451,67.02,22.08,0.00407,0.004173,0.00328,0.71797,0.69803,BUY,BUY,BUY,SELL,50,0
2026-08-25 19:27:02,0.7165,0.70885,0.70507,0.69451,67.07,22.08,0.00407,0.004176,0.00328,0.71797,0.69803,BUY,BUY,BUY,SELL,50,0
2026-08-25 19:42:56,0.71634,0.70883,0.70506,0.69451,66.89,22.08,0.00407,0.004163,0.003278,0.71794,0.69805,BUY,BUY,BUY,SELL,50,0
2026-08-25 19:58:50,0.71649,0.70885,0.70507,0.69451,67.06,22.08,0.00407,0.004175,0.00328,0.71797,0.69803,BUY,BUY,BUY,SELL,50,0
2026-08-25 20:14:44,0.71666,0.70886,0.70508,0.69451,67.25,22.08,0.00408,0.004189,0.003283,0.71801,0.69801,BUY,BUY,BUY,SELL,50,0
2026-08-25 20:30:38,0.71652,0.70885,0.70507,0.69451,67.09,22.1,0.00409,0.004178,0.003281,0.71798,0.69803,BUY,BUY,BUY,SELL,50,0
2026-08-25 20:46:33,0.71662,0.70886,0.70508,0.69451,67.2,22.1,0.00409,0.004186,0.003282,0.718,0.69801,BUY,BUY,BUY,SELL,50,0
2026-08-25 21:02:30,0.71631,0.70883,0.70506,0.69451,66.85,22.1,0.00409,0.004161,0.003277,0.71793,0.69805,BUY,BUY,BUY,SELL,50,0
2026-08-25 21:18:26,0.71624,0.70882,0.70506,0.69451,66.77,22.1,0.00409,0.004155,0.003276,0.71792,0.69806,BUY,BUY,BUY,SELL,50,0
2026-08-25 21:34:23,0.71727,0.70892,0.7051,0.69452,67.91,22.24,0.00414,0.004237,0.003293,0.71815,0.69793,STRONG_BUY,STRONG_BUY,STRONG_BUY,SELL,50,0
2026-08-25 21:50:20,0.71786,0.70898,0.70512,0.69453,68.53,22.33,0.00417,0.004284,0.003302,0.71829,0.69785,STRONG_BUY,STRONG_BUY,STRONG_BUY,SELL,50,0
2026-08-25 22:06:15,0.71781,0.70897,0.70512,0.69453,68.48,22.36,0.00418,0.00428,0.003301,0.71828,0.69786,STRONG_BUY,STRONG_BUY,STRONG_BUY,SELL,50,0
2026-08-25 22:22:10,0.71798,0.70899,0.70513,0.69453,68.66,22.36,0.00418,0.004294,0.003304,0.71832,0.69783,STRONG_BUY,STRONG_BUY,STRONG_BUY,SELL,50,0
2026-08-25 22:32:03,0.71825,0.70901,0.70514,0.69453,68.93,22.39,0.00419,0.004316,0.003308,0.71838,0.69779,STRONG_BUY,STRONG_BUY,STRONG_BUY,SELL,50,0
2026-08-25 22:47:56,0.71812,0.709,0.70513,0.69453,68.8,22.42,0.0042,0.004305,0.003306,0.71835,0.69781,STRONG_BUY,STRONG_BUY,STRONG_BUY,SELL,50,0
2026-08-25 23:03:50,0.7179,0.70898,0.70513,0.69453,68.57,22.42,0.0042,0.004288,0.003303,0.7183,0.69784,STRONG_BUY,STRONG_BUY,STRONG_BUY,SELL,50,0
2026-08-25 23:19:44,0.71807,0.709,0.70513,0.69453,68.75,22.42,0.0042,0.004301,0.003305,0.71834,0.69782,STRONG_BUY,STRONG_BUY,STRONG_BUY,SELL,50,0
2026-08-25 23:35:38,0.71848,0.70904,0.70515,0.69453,69.16,22.43,0.00421,0.004334,0.003312,0.71844,0.69776,STRONG_BUY,STRONG_BUY,STRONG_BUY,SELL,50,0
2026-08-25 23:51:32,0.71844,0.70903,0.70515,0.69453,69.12,22.45,0.00421,0.004331,0.003311,0.71843,0.69777,STRONG_BUY,STRONG_BUY,STRONG_BUY,SELL,50,0
2026-08-26 18:13:15,0.71755,0.70977,0.7056,0.69475,68.23,23.93,0.00396,0.004406,0.00352,0.71943,0.6982,STRONG_BUY,BUY,BUY,SELL,50,0
2026-08-26 18:29:09,0.71767,0.70978,0.70561,0.69475,68.36,23.93,0.00396,0.004416,0.003522,0.71945,0.69819,STRONG_BUY,BUY,BUY,SELL,50,0
2026-08-26 18:45:03,0.71785,0.7098,0.70561,0.69476,68.56,23.93,0.00396,0.00443,0.003525,0.71949,0.69816,STRONG_BUY,BUY,BUY,SELL,50,0
2026-08-26 19:00:57,0.71792,0.7098,0.70562,0.69476,68.64,23.93,0.00397,0.004436,0.003526,0.71951,0.69816,STRONG_BUY,BUY,BUY,SELL,50,0
2026-08-26 19:16:50,0.71823,0.70983,0.70563,0.69476,68.96,23.93,0.00399,0.004459,0.003531,0.71957,0.69812,STRONG_BUY,BUY,STRONG_BUY,SELL,50,0
2026-08-26 19:32:44,0.71806,0.70982,0.70562,0.69476,68.8,23.93,0.00399,0.004447,0.003529,0.71954,0.69814,STRONG_BUY,BUY,BUY,SELL,50,0
2026-08-26 19:48:38,0.71838,0.70985,0.70563,0.69476,69.14,23.93,0.004,0.004472,0.003534,0.71961,0.6981,STRONG_BUY,BUY,STRONG_BUY,SELL,50,0
2026-08-26 20:04:32,0.71805,0.70982,0.70562,0.69476,68.78,23.93,0.00401,0.004446,0.003528,0.71954,0.69814,STRONG_BUY,BUY,BUY,SELL,50,0
2026-08-26 20:20:26,0.71783,0.7098,0.70561,0.69476,68.54,23.93,0.00401,0.004428,0.003525,0.71949,0.69817,STRONG_BUY,BUY,BUY,SELL,50,0
2026-08-26 20:36:20,0.71799,0.70981,0.70562,0.69476,68.72,23.93,0.00401,0.004441,0.003527,0.71952,0.69815,STRONG_BUY,BUY,BUY,SELL,50,0
2026-08-26 20:52:15,0.71774,0.70979,0.70561,0.69476,68.44,23.93,0.00401,0.004421,0.003523,0.71947,0.69818,STRONG_BUY,BUY,BUY,SELL,50,0
2026-08-26 21:08:09,0.71827,0.70984,0.70563,0.69476,69.02,23.93,0.00401,0.004463,0.003532,0.71958,0.69811,STRONG_BUY,BUY,STRONG_BUY,SELL,50,0
2026-08-26 21:24:03,0.71834,0.70984,0.70563,0.69476,69.1,23.93,0.00401,0.004469,0.003533,0.7196,0.6981,STRONG_BUY,BUY,STRONG_BUY,SELL,50,0
2026-08-26 21:39:57,0.71813,0.70982,0.70562,0.69476,68.87,23.93,0.00401,0.004452,0.00353,0.71955,0.69813,STRONG_BUY,BUY,STRONG_BUY,SELL,50,0
2026-08-26 21:55:51,0.71826,0.70984,0.70563,0.69476,69.01,23.93,0.00401,0.004463,0.003532,0.71958,0.69811,STRONG_BUY,BUY,STRONG_BUY,SELL,50,0
2026-08-26 22:54:33,0.7182,0.70983,0.70563,0.69476,68.95,23.93,0.00401,0.004458,0.003531,0.71957,0.69812,STRONG_BUY,BUY,BUY,SELL,50,0
2026-08-27 20:52:26,0.71973,0.71087,0.70622,0.69502,70.55,25.62,0.00385,0.004754,0.00379,0.72121,0.69836,STRONG_BUY,BUY,BUY,SELL,55,0
2026-08-27 21:08:20,0.71996,0.71089,0.70623,0.69502,70.79,25.64,0.00385,0.004773,0.003794,0.72126,0.69833,STRONG_BUY,BUY,BUY,SELL,55,0
2026-08-27 21:24:14,0.71991,0.71089,0.70623,0.69502,70.73,25.65,0.00386,0.004769,0.003793,0.72125,0.69833,STRONG_BUY,BUY,BUY,SELL,55,0
2026-08-27 21:40:07,0.71992,0.71089,0.70623,0.69502,70.74,25.65,0.00386,0.004769,0.003793,0.72125,0.69833,STRONG_BUY,BUY,BUY,SELL,55,0
2026-08-27 21:56:01,0.71963,0.71086,0.70622,0.69502,70.44,25.65,0.00386,0.004746,0.003788,0.72119,0.69837,STRONG_BUY,BUY,BUY,SELL,55,0
2026-08-27 22:11:56,0.71983,0.71088,0.70623,0.69502,70.65,25.65,0.00386,0.004762,0.003792,0.72123,0.69834,STRONG_BUY,BUY,BUY,SELL,55,0
2026-08-27 22:27:52,0.72008,0.71091,0.70624,0.69502,70.91,25.72,0.00388,0.004782,0.003796,0.72129,0.69831,STRONG_BUY,BUY,BUY,SELL,55,0
2026-08-27 22:43:46,0.72002,0.7109,0.70623,0.69502,70.85,25.72,0.00388,0.004777,0.003795,0.72128,0.69832,STRONG_BUY,BUY,BUY,SELL,55,0
2026-08-27 22:59:40,0.72039,0.71093,0.70625,0.69503,71.22,25.73,0.00389,0.004807,0.003801,0.72136,0.69827,STRONG_BUY,BUY,STRONG_BUY,SELL,55,0
2026-08-27 23:15:36,0.72043,0.71094,0.70625,0.69503,71.26,25.74,0.00389,0.00481,0.003801,0.72137,0.69827,STRONG_BUY,BUY,STRONG_BUY,SELL,55,0
2026-08-27 23:31:31,0.7204,0.71094,0.70625,0.69503,71.23,25.74,0.00389,0.004808,0.003801,0.72136,0.69827,STRONG_BUY,BUY,STRONG_BUY,SELL,55,0
2026-08-27 23:47:27,0.72002,0.7109,0.70623,0.69502,70.85,25.74,0.00389,0.004777,0.003795,0.72128,0.69832,STRONG_BUY,BUY,BUY,SELL,55,0
2026-08-28 00:03:22,0.72003,0.7109,0.70623,0.69502,70.86,25.74,0.00389,0.004778,0.003795,0.72128,0.69832,STRONG_BUY,BUY,BUY,SELL,55,0
2026-08-28 00:19:18,0.72021,0.71092,0.70624,0.69502,71.04,25.74,0.00389,0.004793,0.003798,0.72132,0.6983,STRONG_BUY,BUY,STRONG_BUY,SELL,55,0
2026-08-28 00:35:13,0.71999,0.7109,0.70623,0.69502,70.82,25.74,0.00389,0.004775,0.003794,0.72127,0.69832,STRONG_BUY,BUY,BUY,SELL,55,0
2026-08-28 06:48:41,0.71991,0.71089,0.70623,0.69502,70.73,25.74,0.0039,0.004769,0.003793,0.72125,0.69833,STRONG_BUY,BUY,STRONG_BUY,SELL,55,0
2026-08-30 17:10:10,0.71541,0.71097,0.70644,0.69518,61.36,25.2,0.00392,0.004281,0.003839,0.72054,0.70021,BUY,BUY,NEUTRAL,BUY,37,20
2026-08-30 17:26:04,0.7155,0.71098,0.70644,0.69519,61.54,25.24,0.00391,0.004288,0.003841,0.72055,0.70021,BUY,BUY,NEUTRAL,BUY,37,20
2026-08-30 17:41:58,0.7158,0.71101,0.70645,0.69519,62.18,25.27,0.0039,0.004312,0.003845,0.7206,0.70019,BUY,BUY,NEUTRAL,BUY,37,20
2026-08-30 17:57:53,0.7156,0.71099,0.70645,0.69519,61.75,25.27,0.0039,0.004296,0.003842,0.72056,0.7002,BUY,BUY,NEUTRAL,BUY,37,20
2026-08-30 18:04:36,0.71584,0.71102,0.70646,0.69519,62.27,25.27,0.00392,0.004315,0.003846,0.7206,0.70019,BUY,BUY,NEUTRAL,NEUTRAL,47,20
2026-08-30 18:20:30,0.71606,0.71104,0.70646,0.69519,62.6,25.27,0.00392,0.004332,0.00385,0.72064,0.70017,BUY,BUY,NEUTRAL,NEUTRAL,47,20
2026-08-30 18:36:24,0.71608,0.71104,0.70646,0.69519,62.63,25.27,0.00392,0.004334,0.00385,0.72064,0.70017,BUY,BUY,NEUTRAL,NEUTRAL,47,20
2026-08-30 18:52:18,0.71597,0.71103,0.70646,0.69519,62.49,25.27,0.00393,0.004325,0.003848,0.72062,0.70018,BUY,BUY,NEUTRAL,NEUTRAL,47,20
2026-08-30 19:08:12,0.71611,0.71104,0.70647,0.69519,62.67,25.27,0.00393,0.004336,0.00385,0.72064,0.70017,BUY,BUY,NEUTRAL,NEUTRAL,47,20
2026-08-30 20:49:11,0.71618,0.71105,0.70647,0.69519,62.75,25.19,0.00395,0.004342,0.003852,0.72066,0.70017,BUY,BUY,NEUTRAL,NEUTRAL,47,20
2026-08-30 21:05:05,0.71621,0.71105,0.70647,0.69519,62.79,25.19,0.00396,0.004344,0.003852,0.72066,0.70017,BUY,BUY,BUY,NEUTRAL,55,20
2026-08-30 21:21:00,0.71619,0.71105,0.70647,0.69519,62.77,25.19,0.00396,0.004343,0.003852,0.72066,0.70017,BUY,BUY,NEUTRAL,NEUTRAL,47,20
2026-08-30 21:36:56,0.71637,0.71107,0.70648,0.69519,63.0,25.19,0.00396,0.004357,0.003855,0.72069,0.70015,BUY,BUY,BUY,NEUTRAL,55,20
2026-08-30 21:52:51,0.71669,0.7111,0.70649,0.6952,63.39,25.19,0.00398,0.004383,0.00386,0.72074,0.70013,BUY,BUY,NEUTRAL,NEUTRAL,47,20
2026-08-30 22:08:45,0.71669,0.7111,0.70649,0.6952,63.39,25.19,0.00398,0.004383,0.00386,0.72074,0.70013,BUY,BUY,NEUTRAL,NEUTRAL,47,20
2026-08-30 22:24:39,0.71654,0.71108,0.70648,0.6952,63.21,25.19,0.00398,0.004371,0.003857,0.72072,0.70014,BUY,BUY,NEUTRAL,NEUTRAL,47,20
2026-08-30 22:40:33,0.71631,0.71106,0.70647,0.69519,62.92,25.19,0.00398,0.004352,0.003854,0.72068,0.70016,BUY,BUY,NEUTRAL,NEUTRAL,47,20
2026-08-30 22:56:29,0.71647,0.71108,0.70648,0.6952,63.12,25.19,0.00398,0.004365,0.003856,0.7207,0.70015,BUY,BUY,NEUTRAL,NEUTRAL,47,20
2026-08-30 23:12:24,0.71687,0.71111,0.7065,0.6952,63.61,25.19,0.00399,0.004397,0.003863,0.72077,0.70012,BUY,BUY,NEUTRAL,NEUTRAL,47,20
2026-08-30 23:28:19,0.71689,0.71112,0.7065,0.6952,63.64,25.19,0.004,0.004399,0.003863,0.72078,0.70012,BUY,BUY,NEUTRAL,NEUTRAL,47,20
2026-08-30 23:44:12,0.71666,0.71109,0.70649,0.6952,63.36,25.19,0.004,0.00438,0.003859,0.72074,0.70013,BUY,BUY,NEUTRAL,NEUTRAL,47,20
2026-08-31 00:00:06,0.7167,0.7111,0.70649,0.6952,63.41,25.19,0.004,0.004383,0.00386,0.72074,0.70013,BUY,BUY,NEUTRAL,NEUTRAL,47,20
2026-08-31 00:06:09,0.71659,0.71109,0.70648,0.6952,63.27,25.19,0.004,0.004375,0.003858,0.72072,0.70014,BUY,BUY,NEUTRAL,NEUTRAL,47,20
2026-08-31 07:55:26,0.71604,0.71103,0.70646,0.69519,62.58,25.19,0.004,0.004331,0.003849,0.72063,0.70018,BUY,BUY,NEUTRAL,SELL,47,10
2026-08-31 08:11:20,0.71614,0.71104,0.70647,0.69519,62.7,25.19,0.004,0.004339,0.003851,0.72065,0.70017,BUY,BUY,BUY,NEUTRAL,55,20
2026-08-31 08:27:14,0.71615,0.71104,0.70647,0.69519,62.72,25.19,0.004,0.00434,0.003851,0.72065,0.70017,BUY,BUY,BUY,NEUTRAL,55,20
2026-08-31 08:43:08,0.7158,0.71101,0.70645,0.69519,62.18,25.19,0.004,0.004312,0.003845,0.7206,0.70019,BUY,BUY,NEUTRAL,NEUTRAL,47,20
2026-08-31 08:59:02,0.71586,0.71102,0.70646,0.69519,62.31,25.19,0.004,0.004316,0.003846,0.7206,0.70019,BUY,BUY,NEUTRAL,NEUTRAL,47,20
2026-08-31 09:14:56,0.71605,0.71104,0.70646,0.69519,62.59,25.19,0.004,0.004332,0.003849,0.72064,0.70017,BUY,BUY,NEUTRAL,NEUTRAL,47,20
2026-08-31 09:30:50,0.71637,0.71107,0.70648,0.69519,63.0,25.19,0.004,0.004357,0.003855,0.72069,0.70015,BUY,BUY,BUY,SELL,55,10
2026-08-31 09:46:44,0.71615,0.71104,0.70647,0.69519,62.72,25.19,0.004,0.00434,0.003851,0.72065,0.70017,BUY,BUY,BUY,NEUTRAL,55,20
2026-08-31 10:02:38,0.71601,0.71103,0.70646,0.69519,62.54,25.19,0.004,0.004328,0.003849,0.72063,0.70018,BUY,BUY,NEUTRAL,NEUTRAL,47,20
2026-08-31 10:18:32,0.71632,0.71106,0.70647,0.69519,62.93,25.19,0.004,0.004353,0.003854,0.72068,0.70016,BUY,BUY,NEUTRAL,SELL,47,10
2026-08-31 10:34:26,0.71647,0.71108,0.70648,0.6952,63.12,25.19,0.004,0.004365,0.003856,0.7207,0.70015,BUY,BUY,NEUTRAL,SELL,47,10
2026-08-31 10:50:20,0.71667,0.71109,0.70649,0.6952,63.37,25.19,0.004,0.004381,0.003859,0.72074,0.70013,BUY,BUY,NEUTRAL,SELL,47,10
2026-08-31 11:06:14,0.71613,0.71104,0.70647,0.69519,62.69,25.19,0.004,0.004338,0.003851,0.72065,0.70017,BUY,BUY,NEUTRAL,SELL,47,10
2026-08-31 11:22:08,0.71622,0.71105,0.70647,0.69519,62.81,25.19,0.004,0.004345,0.003852,0.72066,0.70016,BUY,BUY,NEUTRAL,SELL,47,10
2026-08-31 11:38:03,0.71657,0.71108,0.70648,0.6952,63.25,25.19,0.004,0.004373,0.003858,0.72072,0.70014,BUY,BUY,NEUTRAL,SELL,47,10
2026-08-31 11:53:57,0.71669,0.7111,0.70649,0.6952,63.39,25.19,0.004,0.004383,0.00386,0.72074,0.70013,BUY,BUY,NEUTRAL,SELL,47,10
2026-08-31 12:09:50,0.71657,0.71108,0.70648,0.6952,63.25,25.19,0.004,0.004373,0.003858,0.72072,0.70014,BUY,BUY,NEUTRAL,SELL,47,10
2026-08-31 12:25:45,0.71681,0.71111,0.70649,0.6952,63.54,25.19,0.004,0.004392,0.003862,0.72076,0.70012,BUY,BUY,NEUTRAL,SELL,47,10
2026-08-31 12:41:39,0.71664,0.71109,0.70649,0.6952,63.33,25.19,0.004,0.004379,0.003859,0.72073,0.70014,BUY,BUY,NEUTRAL,SELL,47,10
2026-08-31 12:57:33,0.71666,0.71109,0.70649,0.6952,63.36,25.19,0.004,0.00438,0.003859,0.72074,0.70013,BUY,BUY,NEUTRAL,SELL,47,10
2026-08-31 13:13:28,0.7166,0.71109,0.70648,0.6952,63.28,25.19,0.004,0.004375,0.003858,0.72073,0.70014,BUY,BUY,NEUTRAL,SELL,47,10
2026-08-31 13:29:22,0.71647,0.71108,0.70648,0.6952,63.12,25.19,0.004,0.004365,0.003856,0.7207,0.70015,BUY,BUY,NEUTRAL,SELL,47,10
2026-08-31 13:45:17,0.71667,0.71109,0.70649,0.6952,63.37,25.19,0.004,0.004381,0.003859,0.72074,0.70013,BUY,BUY,NEUTRAL,SELL,47,10
2026-08-31 14:01:10,0.71654,0.71108,0.70648,0.6952,63.21,25.19,0.004,0.004371,0.003857,0.72072,0.70014,BUY,BUY,NEUTRAL,SELL,47,10
2026-08-31 14:17:04,0.71657,0.71108,0.70648,0.6952,63.25,25.19,0.004,0.004373,0.003858,0.72072,0.70014,BUY,BUY,NEUTRAL,SELL,47,10
2026-08-31 15:02:43,0.71639,0.71107,0.70648,0.69519,63.02,25.19,0.004,0.004359,0.003855,0.72069,0.70015,BUY,BUY,NEUTRAL,SELL,47,10
2026-08-31 15:18:36,0.71638,0.71107,0.70648,0.69519,63.01,25.19,0.004,0.004358,0.003855,0.72069,0.70015,BUY,BUY,NEUTRAL,SELL,47,10
2026-08-31 15:34:30,0.71649,0.71108,0.70648,0.6952,63.15,25.19,0.004,0.004367,0.003857,0.72071,0.70015,BUY,BUY,NEUTRAL,SELL,47,10
2026-08-31 15:50:24,0.71658,0.71109,0.70648,0.6952,63.26,25.19,0.004,0.004374,0.003858,0.72072,0.70014,BUY,BUY,NEUTRAL,SELL,47,10
2026-08-31 16:06:18,0.71662,0.71109,0.70649,0.6952,63.31,25.19,0.004,0.004377,0.003859,0.72073,0.70014,BUY,BUY,NEUTRAL,SELL,47,10
2026-08-31 16:22:11,0.71646,0.71107,0.70648,0.6952,63.11,25.19,0.004,0.004364,0.003856,0.7207,0.70015,BUY,BUY,NEUTRAL,SELL,47,10
2026-08-31 16:38:06,0.71654,0.71108,0.70648,0.6952,63.21,25.19,0.004,0.004371,0.003857,0.72072,0.70014,BUY,BUY,NEUTRAL,SELL,47,10
2026-08-31 16:53:59,0.7166,0.71109,0.70648,0.6952,63.28,25.19,0.004,0.004375,0.003858,0.72073,0.70014,BUY,BUY,NEUTRAL,SELL,47,10
2026-08-31 17:09:53,0.71637,0.71107,0.70648,0.69519,63.0,25.19,0.004,0.004357,0.003855,0.72069,0.70015,BUY,BUY,NEUTRAL,SELL,47,10
2026-08-31 17:25:47,0.71627,0.71106,0.70647,0.69519,62.87,25.19,0.004,0.004349,0.003853,0.72067,0.70016,BUY,BUY,NEUTRAL,SELL,47,10
2026-08-31 17:41:41,0.71648,0.71108,0.70648,0.6952,63.13,25.19,0.004,0.004366,0.003856,0.72071,0.70015,BUY,BUY,NEUTRAL,SELL,47,10
2026-08-31 17:57:35,0.7165,0.71108,0.70648,0.6952,63.16,25.19,0.004,0.004367,0.003857,0.72071,0.70015,BUY,BUY,NEUTRAL,SELL,47,10
2026-08-31 18:07:24,0.71654,0.7116,0.70687,0.69541,63.21,25.64,0.00373,0.004256,0.003936,0.72125,0.70081,BUY,STRONG_BUY,NEUTRAL,SELL,47,10
2026-08-31 18:23:18,0.7165,0.71159,0.70687,0.69541,63.16,25.64,0.00373,0.004253,0.003936,0.72125,0.70081,BUY,STRONG_BUY,NEUTRAL,SELL,47,10
2026-08-31 18:39:12,0.71655,0.7116,0.70688,0.69541,63.23,25.64,0.00373,0.004257,0.003936,0.72126,0.70081,BUY,STRONG_BUY,NEUTRAL,SELL,47,10
2026-08-31 18:55:05,0.7165,0.71159,0.70687,0.69541,63.16,25.64,0.00373,0.004253,0.003936,0.72125,0.70081,BUY,STRONG_BUY,NEUTRAL,SELL,47,10
2026-08-31 19:10:59,0.71666,0.71161,0.70688,0.69541,63.37,25.64,0.00373,0.004266,0.003938,0.72127,0.7008,BUY,STRONG_BUY,NEUTRAL,SELL,47,10
2026-08-31 20:26:34,0.71794,0.71173,0.70693,0.69542,65.0,25.88,0.00383,0.004368,0.003959,0.72149,0.70071,BUY,STRONG_BUY,STRONG_BUY,SELL,55,10
2026-08-31 20:42:27,0.71751,0.71169,0.70691,0.69542,64.47,25.88,0.00383,0.004333,0.003952,0.72142,0.70074,BUY,STRONG_BUY,BUY,SELL,55,10
2026-08-31 20:58:21,0.717,0.71164,0.70689,0.69541,63.82,25.88,0.00383,0.004293,0.003944,0.72133,0.70078,BUY,STRONG_BUY,BUY,SELL,55,10
2026-08-31 21:14:15,0.71679,0.71162,0.70688,0.69541,63.55,25.88,0.00383,0.004276,0.00394,0.72129,0.70079,BUY,STRONG_BUY,BUY,SELL,55,10
2026-08-31 21:30:09,0.71677,0.71162,0.70688,0.69541,63.52,25.88,0.00383,0.004274,0.00394,0.72129,0.70079,BUY,STRONG_BUY,NEUTRAL,SELL,47,10
2026-08-31 21:46:03,0.71734,0.71167,0.70691,0.69542,64.25,25.88,0.00383,0.00432,0.003949,0.72139,0.70076,BUY,STRONG_BUY,BUY,SELL,55,10
2026-08-31 22:01:57,0.71708,0.71165,0.7069,0.69541,63.92,25.88,0.00383,0.004299,0.003945,0.72134,0.70077,BUY,STRONG_BUY,BUY,SELL,55,10
2026-08-31 22:17:51,0.71714,0.71165,0.7069,0.69541,64.0,25.88,0.00383,0.004304,0.003946,0.72135,0.70077,BUY,STRONG_BUY,BUY,SELL,55,10
2026-09-01 08:05:17,0.71431,0.71138,0.70679,0.69539,58.5,24.95,0.00401,0.004078,0.003901,0.72095,0.70089,BUY,BUY,SELL,NEUTRAL,42,15
2026-09-01 08:21:11,0.71437,0.71139,0.70679,0.69539,58.62,24.95,0.00401,0.004083,0.003902,0.72095,0.70089,BUY,BUY,SELL,NEUTRAL,42,15
2026-09-01 08:37:04,0.71454,0.71141,0.7068,0.69539,58.96,24.95,0.00401,0.004096,0.003904,0.72098,0.70089,BUY,BUY,SELL,NEUTRAL,42,15
2026-09-01 08:52:59,0.7149,0.71144,0.70681,0.69539,59.69,24.95,0.00401,0.004125,0.00391,0.72102,0.70088,BUY,BUY,SELL,NEUTRAL,42,15
2026-09-01 09:08:53,0.71495,0.71145,0.70681,0.69539,59.8,24.95,0.00401,0.004129,0.003911,0.72103,0.70088,BUY,BUY,SELL,NEUTRAL,42,15
2026-09-01 09:24:47,0.71474,0.71143,0.7068,0.69539,59.37,24.95,0.00401,0.004112,0.003908,0.721,0.70088,BUY,BUY,SELL,NEUTRAL,42,15
2026-09-01 09:40:41,0.71516,0.71147,0.70682,0.69539,60.23,24.95,0.00401,0.004146,0.003914,0.72105,0.70087,BUY,BUY,SELL,NEUTRAL,42,15
2026-09-01 09:56:35,0.71538,0.71149,0.70683,0.6954,60.7,24.95,0.00401,0.004163,0.003918,0.72108,0.70086,BUY,BUY,SELL,NEUTRAL,42,15
2026-09-01 10:12:29,0.71576,0.71152,0.70684,0.6954,61.52,24.95,0.00401,0.004194,0.003924,0.72114,0.70085,BUY,BUY,SELL,SELL,42,5
2026-09-01 10:28:24,0.71568,0.71151,0.70684,0.6954,61.34,24.95,0.00401,0.004187,0.003923,0.72113,0.70085,BUY,BUY,SELL,NEUTRAL,42,15
2026-09-01 10:44:19,0.71549,0.7115,0.70683,0.6954,60.93,24.95,0.00401,0.004172,0.00392,0.7211,0.70086,BUY,BUY,SELL,NEUTRAL,42,15
2026-09-01 11:00:12,0.71551,0.7115,0.70683,0.6954,60.98,24.95,0.00401,0.004174,0.00392,0.7211,0.70086,BUY,BUY,SELL,NEUTRAL,42,15
2026-09-01 11:16:06,0.71536,0.71148,0.70683,0.6954,60.66,24.95,0.00401,0.004162,0.003917,0.72108,0.70086,BUY,BUY,SELL,NEUTRAL,42,15
2026-09-01 11:32:00,0.71539,0.71149,0.70683,0.6954,60.72,24.95,0.00401,0.004164,0.003918,0.72109,0.70086,BUY,BUY,SELL,NEUTRAL,42,15
2026-09-01 11:47:54,0.716,0.71155,0.70685,0.6954,62.05,24.95,0.00401,0.004213,0.003928,0.72117,0.70084,BUY,BUY,SELL,NEUTRAL,42,15
2026-09-01 12:03:49,0.71577,0.71152,0.70684,0.6954,61.54,24.95,0.00401,0.004195,0.003924,0.72114,0.70085,BUY,BUY,SELL,NEUTRAL,42,15
2026-09-01 12:19:43,0.71551,0.7115,0.70683,0.6954,60.98,24.95,0.00401,0.004174,0.00392,0.7211,0.70086,BUY,BUY,SELL,NEUTRAL,42,15
2026-09-01 12:35:37,0.71504,0.71145,0.70682,0.69539,59.98,24.95,0.00401,0.004136,0.003912,0.72104,0.70087,BUY,BUY,SELL,NEUTRAL,42,15
2026-09-01 12:51:31,0.71518,0.71147,0.70682,0.69539,60.28,24.95,0.00401,0.004148,0.003915,0.72106,0.70087,BUY,BUY,SELL,NEUTRAL,42,15
2026-09-01 13:07:25,0.71489,0.71144,0.70681,0.69539,59.67,24.95,0.00401,0.004124,0.00391,0.72102,0.70088,BUY,BUY,SELL,NEUTRAL,42,15
2026-09-01 13:23:19,0.71496,0.71145,0.70681,0.69539,59.82,24.95,0.00401,0.00413,0.003911,0.72103,0.70088,BUY,BUY,SELL,NEUTRAL,42,15
2026-09-01 13:39:13,0.71487,0.71144,0.70681,0.69539,59.63,24.95,0.00401,0.004123,0.00391,0.72102,0.70088,BUY,BUY,SELL,NEUTRAL,42,15
2026-09-01 13:55:08,0.71471,0.71142,0.7068,0.69539,59.31,24.95,0.00401,0.00411,0.003907,0.721,0.70088,BUY,BUY,SELL,NEUTRAL,42,15
2026-09-01 14:11:02,0.71459,0.71141,0.7068,0.69539,59.06,24.95,0.00401,0.0041,0.003905,0.72098,0.70089,BUY,BUY,SELL,NEUTRAL,42,15
2026-09-01 14:26:57,0.71461,0.71141,0.7068,0.69539,59.1,24.95,0.00401,0.004102,0.003905,0.72098,0.70089,BUY,BUY,SELL,NEUTRAL,42,15
2026-09-01 14:42:51,0.7144,0.71139,0.70679,0.69539,58.68,24.95,0.00401,0.004085,0.003902,0.72096,0.70089,BUY,BUY,SELL,BUY,32,15
2026-09-01 14:58:45,0.71467,0.71142,0.7068,0.69539,59.22,24.95,0.00401,0.004107,0.003906,0.72099,0.70088,BUY,BUY,SELL,NEUTRAL,42,15
2026-09-01 15:14:39,0.71467,0.71142,0.7068,0.69539,59.22,24.95,0.00401,0.004107,0.003906,0.72099,0.70088,BUY,BUY,SELL,NEUTRAL,42,15
2026-09-01 15:30:34,0.71457,0.71141,0.7068,0.69539,59.02,24.95,0.00401,0.004099,0.003905,0.72098,0.70089,BUY,BUY,SELL,NEUTRAL,42,15
2026-09-01 15:46:28,0.71444,0.7114,0.70679,0.69539,58.76,24.95,0.00401,0.004089,0.003903,0.72096,0.70089,BUY,BUY,SELL,NEUTRAL,42,15
2026-09-01 16:02:22,0.71423,0.71138,0.70678,0.69538,58.35,24.95,0.00401,0.004072,0.003899,0.72094,0.70089,BUY,BUY,SELL,NEUTRAL,42,15
2026-09-01 16:18:16,0.71426,0.71138,0.70679,0.69538,58.4,24.95,0.00401,0.004074,0.0039,0.72094,0.70089,BUY,BUY,SELL,NEUTRAL,42,15
2026-09-01 16:34:09,0.71432,0.71139,0.70679,0.69539,58.52,24.95,0.00401,0.004079,0.003901,0.72095,0.70089,BUY,BUY,SELL,NEUTRAL,42,15
2026-09-01 16:50:03,0.71448,0.7114,0.70679,0.69539,58.84,24.95,0.00401,0.004092,0.003903,0.72097,0.70089,BUY,BUY,SELL,NEUTRAL,42,15
2026-09-01 17:05:57,0.71437,0.71139,0.70679,0.69539,58.62,24.95,0.00401,0.004083,0.003902,0.72095,0.70089,BUY,BUY,SELL,NEUTRAL,42,15
2026-09-01 17:21:51,0.71428,0.71138,0.70679,0.69539,58.44,24.95,0.00401,0.004076,0.0039,0.72094,0.70089,BUY,BUY,SELL,NEUTRAL,42,15
2026-09-01 17:37:49,0.71436,0.71139,0.70679,0.69539,58.6,24.95,0.00401,0.004082,0.003901,0.72095,0.70089,BUY,BUY,SELL,NEUTRAL,42,15
2026-09-01 18:35:47,0.7146,0.71169,0.7071,0.69558,58.96,24.72,0.00376,0.003832,0.003887,0.72119,0.70158,BUY,BUY,NEUTRAL,NEUTRAL,27,23
2026-09-01 18:51:41,0.71464,0.7117,0.7071,0.69558,59.02,24.72,0.00376,0.003835,0.003888,0.7212,0.70158,BUY,BUY,NEUTRAL,NEUTRAL,27,23
2026-09-01 19:07:35,0.71466,0.7117,0.7071,0.69558,59.05,24.72,0.00376,0.003837,0.003888,0.7212,0.70158,BUY,BUY,NEUTRAL,NEUTRAL,27,23
2026-09-01 19:23:28,0.71457,0.71169,0.70709,0.69558,58.91,24.72,0.00376,0.003829,0.003887,0.72119,0.70158,BUY,BUY,NEUTRAL,NEUTRAL,27,23
2026-09-01 19:39:23,0.7147,0.7117,0.7071,0.69558,59.1,24.72,0.00376,0.00384,0.003889,0.72121,0.70157,BUY,BUY,NEUTRAL,NEUTRAL,27,23
2026-09-01 19:55:17,0.71458,0.71169,0.70709,0.69558,58.93,24.72,0.00376,0.00383,0.003887,0.72119,0.70158,BUY,BUY,NEUTRAL,NEUTRAL,27,23
2026-09-01 21:22:19,0.71429,0.71166,0.70708,0.69557,58.46,24.72,0.00379,0.003807,0.003882,0.72116,0.70158,BUY,BUY,NEUTRAL,BUY,17,23
2026-09-01 21:38:13,0.71467,0.7117,0.7071,0.69558,59.06,24.72,0.00383,0.003837,0.003889,0.7212,0.70158,BUY,BUY,NEUTRAL,BUY,17,23
2026-09-01 21:54:07,0.71473,0.71171,0.7071,0.69558,59.15,24.72,0.00383,0.003842,0.00389,0.72121,0.70157,BUY,BUY,NEUTRAL,BUY,17,23
2026-09-01 22:00:51,0.71451,0.71169,0.70709,0.69558,58.82,24.72,0.00383,0.003825,0.003886,0.72118,0.70158,BUY,BUY,SELL,BUY,17,23
2026-09-01 22:04:58,0.71429,0.71166,0.70708,0.69557,58.46,24.72,0.00383,0.003807,0.003882,0.72116,0.70158,BUY,BUY,SELL,BUY,17,23
2026-09-01 22:20:52,0.71458,0.71169,0.70709,0.69558,58.93,24.72,0.00383,0.00383,0.003887,0.72119,0.70158,BUY,BUY,SELL,BUY,17,23
2026-09-01 22:36:46,0.71411,0.71165,0.70708,0.69557,58.07,24.72,0.00383,0.003793,0.00388,0.72114,0.70158,BUY,BUY,SELL,BUY,17,23
2026-09-02 08:24:28,0.71499,0.71174,0.70711,0.69558,59.46,23.98,0.00395,0.003868,0.003897,0.72126,0.70156,BUY,BUY,NEUTRAL,BUY,17,23
2026-09-02 08:40:22,0.71454,0.7117,0.7071,0.69558,58.81,23.98,0.00395,0.003832,0.00389,0.7212,0.70157,BUY,BUY,SELL,BUY,17,23
2026-09-02 08:56:16,0.7148,0.71172,0.70711,0.69558,59.19,23.98,0.00395,0.003853,0.003894,0.72123,0.70157,BUY,BUY,NEUTRAL,BUY,17,23
2026-09-02 09:12:10,0.71519,0.71176,0.70712,0.69558,59.75,23.98,0.00396,0.003884,0.0039,0.72128,0.70156,BUY,BUY,NEUTRAL,BUY,17,23
2026-09-02 09:28:05,0.71622,0.71186,0.70716,0.69559,61.15,23.98,0.00405,0.003966,0.003916,0.72142,0.70152,BUY,BUY,BUY,NEUTRAL,50,15
2026-09-02 09:43:59,0.71646,0.71188,0.70717,0.6956,61.47,23.98,0.00405,0.003986,0.00392,0.72146,0.70151,BUY,BUY,BUY,NEUTRAL,50,15
2026-09-02 09:59:53,0.71723,0.71195,0.7072,0.6956,62.44,23.98,0.00409,0.004047,0.003933,0.72158,0.70147,BUY,BUY,BUY,NEUTRAL,50,15
2026-09-02 10:15:47,0.71671,0.7119,0.70718,0.6956,61.79,23.98,0.00409,0.004005,0.003924,0.7215,0.7015,BUY,BUY,BUY,NEUTRAL,50,15
2026-09-02 10:31:41,0.71645,0.71188,0.70717,0.6956,61.46,23.98,0.00409,0.003985,0.00392,0.72146,0.70151,BUY,BUY,BUY,NEUTRAL,50,15
2026-09-02 10:47:34,0.71656,0.71189,0.70718,0.6956,61.6,23.98,0.00409,0.003994,0.003922,0.72147,0.7015,BUY,BUY,BUY,NEUTRAL,50,15
2026-09-02 11:03:28,0.71724,0.71195,0.7072,0.6956,62.45,23.98,0.00409,0.004048,0.003933,0.72158,0.70146,BUY,BUY,BUY,NEUTRAL,50,15
2026-09-02 11:19:22,0.7172,0.71195,0.7072,0.6956,62.41,23.98,0.0041,0.004045,0.003932,0.72157,0.70147,BUY,BUY,BUY,NEUTRAL,50,15
2026-09-02 11:35:15,0.71708,0.71194,0.7072,0.6956,62.26,23.98,0.00411,0.004035,0.00393,0.72155,0.70147,BUY,BUY,BUY,NEUTRAL,50,15
2026-09-02 11:51:10,0.7168,0.71191,0.70719,0.6956,61.9,23.98,0.00411,0.004013,0.003926,0.72151,0.70149,BUY,BUY,BUY,NEUTRAL,50,15
2026-09-02 12:07:04,0.7168,0.71191,0.70719,0.6956,61.9,23.98,0.00411,0.004013,0.003926,0.72151,0.70149,BUY,BUY,BUY,NEUTRAL,50,15
2026-09-02 12:22:58,0.71691,0.71192,0.70719,0.6956,62.01,23.98,0.00411,0.004019,0.003927,0.72152,0.70149,BUY,BUY,BUY,NEUTRAL,50,15
2026-09-02 12:38:53,0.71678,0.71191,0.70718,0.6956,61.88,23.98,0.00411,0.004011,0.003925,0.72151,0.70149,BUY,BUY,BUY,NEUTRAL,50,15
2026-09-02 12:54:46,0.71697,0.71193,0.70719,0.6956,62.12,23.98,0.00411,0.004026,0.003928,0.72154,0.70148,BUY,BUY,BUY,NEUTRAL,50,15
2026-09-02 13:10:40,0.71663,0.7119,0.70718,0.6956,61.69,23.98,0.00411,0.003999,0.003923,0.72148,0.7015,BUY,BUY,BUY,NEUTRAL,50,15
2026-09-02 13:26:34,0.71664,0.7119,0.70718,0.6956,61.7,23.98,0.00411,0.004,0.003923,0.72149,0.7015,BUY,BUY,BUY,NEUTRAL,50,15
2026-09-02 13:42:28,0.71674,0.71191,0.70718,0.6956,61.83,23.98,0.00411,0.004008,0.003925,0.7215,0.70149,BUY,BUY,BUY,NEUTRAL,50,15
2026-09-02 13:58:22,0.71687,0.71192,0.70719,0.6956,61.99,23.98,0.00411,0.004018,0.003927,0.72152,0.70149,BUY,BUY,BUY,NEUTRAL,50,15
2026-09-02 14:14:16,0.7168,0.71191,0.70719,0.6956,61.9,23.98,0.00411,0.004013,0.003926,0.72151,0.70149,BUY,BUY,BUY,NEUTRAL,50,15
2026-09-02 14:30:09,0.71677,0.71191,0.70718,0.6956,61.87,23.98,0.00411,0.00401,0.003925,0.72151,0.70149,BUY,BUY,BUY,NEUTRAL,50,15
2026-09-02 14:46:03,0.71677,0.71191,0.70718,0.6956,61.87,23.98,0.00411,0.00401,0.003925,0.72151,0.70149,BUY,BUY,BUY,NEUTRAL,50,15
2026-09-02 15:01:57,0.71679,0.71191,0.70719,0.6956,61.89,23.98,0.00411,0.004012,0.003926,0.72151,0.70149,BUY,BUY,BUY,NEUTRAL,50,15
2026-09-02 15:17:51,0.7168,0.71191,0.70719,0.6956,61.9,23.98,0.00411,0.004013,0.003926,0.72151,0.70149,BUY,BUY,BUY,NEUTRAL,50,15
2026-09-02 15:33:45,0.7168,0.71191,0.70719,0.6956,61.9,23.98,0.00411,0.004013,0.003926,0.72151,0.70149,BUY,BUY,BUY,NEUTRAL,50,15
2026-09-02 15:49:38,0.71683,0.71191,0.70719,0.6956,61.94,23.98,0.00411,0.004015,0.003926,0.72151,0.70149,BUY,BUY,BUY,NEUTRAL,50,15
2026-09-02 16:05:32,0.71716,0.71195,0.7072,0.6956,62.36,23.98,0.00411,0.004041,0.003931,0.72157,0.70147,BUY,BUY,STRONG_BUY,NEUTRAL,50,15
2026-09-02 16:21:26,0.71697,0.71193,0.70719,0.6956,62.12,23.98,0.00411,0.004026,0.003928,0.72154,0.70148,BUY,BUY,STRONG_BUY,NEUTRAL,50,15
2026-09-02 16:37:20,0.71701,0.71193,0.70719,0.6956,62.17,23.98,0.00411,0.004029,0.003929,0.72154,0.70148,BUY,BUY,STRONG_BUY,NEUTRAL,50,15
2026-09-02 16:53:14,0.71701,0.71193,0.70719,0.6956,62.17,23.98,0.00411,0.004029,0.003929,0.72154,0.70148,BUY,BUY,STRONG_BUY,NEUTRAL,50,15
2026-09-02 17:09:08,0.71602,0.71184,0.70715,0.69559,60.89,23.98,0.00411,0.00395,0.003913,0.72139,0.70153,BUY,BUY,BUY,NEUTRAL,50,15
2026-09-02 17:25:02,0.71636,0.71187,0.70717,0.6956,61.34,23.98,0.00411,0.003978,0.003919,0.72144,0.70151,BUY,BUY,BUY,NEUTRAL,50,15
2026-09-02 17:40:56,0.71658,0.71189,0.70718,0.6956,61.62,23.98,0.00411,0.003995,0.003922,0.72148,0.7015,BUY,BUY,BUY,NEUTRAL,50,15
2026-09-02 17:56:51,0.7166,0.71189,0.70718,0.6956,61.65,23.98,0.00411,0.003997,0.003923,0.72148,0.7015,BUY,BUY,BUY,NEUTRAL,50,15
2026-09-02 18:12:45,0.71695,0.71241,0.70757,0.69581,62.07,23.09,0.00383,0.00393,0.003929,0.72166,0.70278,BUY,STRONG_BUY,BUY,NEUTRAL,50,15
2026-09-02 18:22:02,0.71681,0.71239,0.70757,0.69581,61.77,23.09,0.00384,0.003919,0.003927,0.72164,0.70278,BUY,BUY,BUY,NEUTRAL,35,23
2026-09-02 19:38:18,0.71651,0.71236,0.70756,0.69581,61.12,23.09,0.00387,0.003895,0.003922,0.7216,0.7028,BUY,BUY,BUY,SELL,35,13
2026-09-02 19:54:12,0.71654,0.71237,0.70756,0.69581,61.18,23.09,0.00387,0.003897,0.003922,0.7216,0.7028,BUY,BUY,BUY,SELL,35,13
2026-09-02 20:10:06,0.7163,0.71234,0.70755,0.69581,60.67,23.09,0.00388,0.003878,0.003918,0.72157,0.70281,BUY,BUY,BUY,SELL,35,13
2026-09-02 20:26:00,0.71664,0.71238,0.70756,0.69581,61.4,23.09,0.00388,0.003905,0.003924,0.72161,0.70279,BUY,BUY,BUY,SELL,35,13
2026-09-02 20:41:53,0.71645,0.71236,0.70756,0.69581,60.99,23.09,0.00388,0.00389,0.003921,0.72159,0.7028,BUY,BUY,BUY,SELL,35,13
2026-09-02 20:57:47,0.71664,0.71238,0.70756,0.69581,61.4,23.09,0.00388,0.003905,0.003924,0.72161,0.70279,BUY,BUY,BUY,SELL,35,13
2026-09-03 08:07:38,0.71928,0.71263,0.70767,0.69584,65.0,23.72,0.00409,0.004116,0.003966,0.72206,0.70261,BUY,STRONG_BUY,STRONG_BUY,STRONG_SELL,50,0
2026-09-03 08:23:32,0.71896,0.7126,0.70765,0.69583,64.63,23.72,0.00409,0.00409,0.003961,0.722,0.70264,BUY,STRONG_BUY,STRONG_BUY,STRONG_SELL,50,0
2026-09-03 08:39:25,0.72011,0.71271,0.7077,0.69585,65.93,23.9,0.00414,0.004182,0.003979,0.72223,0.70253,STRONG_BUY,STRONG_BUY,STRONG_BUY,STRONG_SELL,50,0
2026-09-03 08:55:19,0.72043,0.71274,0.70771,0.69585,66.28,23.95,0.00415,0.004208,0.003984,0.72229,0.70249,STRONG_BUY,STRONG_BUY,STRONG_BUY,STRONG_SELL,50,0
2026-09-03 09:11:12,0.7202,0.71272,0.7077,0.69585,66.03,23.97,0.00416,0.004189,0.003981,0.72225,0.70252,STRONG_BUY,STRONG_BUY,STRONG_BUY,STRONG_SELL,50,0
2026-09-03 09:27:06,0.71975,0.71267,0.70768,0.69584,65.53,23.97,0.00416,0.004153,0.003973,0.72215,0.70256,BUY,STRONG_BUY,STRONG_BUY,STRONG_SELL,50,0
2026-09-03 09:43:00,0.7192,0.71262,0.70766,0.69584,64.91,23.97,0.00416,0.00411,0.003965,0.72205,0.70262,BUY,STRONG_BUY,STRONG_BUY,STRONG_SELL,50,0
2026-09-03 09:58:54,0.7193,0.71263,0.70767,0.69584,65.02,23.97,0.00416,0.004118,0.003966,0.72206,0.70261,BUY,STRONG_BUY,STRONG_BUY,STRONG_SELL,50,0
2026-09-03 10:14:48,0.71891,0.71259,0.70765,0.69583,64.57,23.97,0.00416,0.004086,0.00396,0.72199,0.70264,BUY,STRONG_BUY,BUY,STRONG_SELL,50,0
2026-09-03 10:30:41,0.71911,0.71261,0.70766,0.69584,64.8,23.97,0.00416,0.004102,0.003963,0.72203,0.70262,BUY,STRONG_BUY,BUY,STRONG_SELL,50,0
2026-09-03 10:46:35,0.71862,0.71257,0.70764,0.69583,64.22,23.97,0.00416,0.004063,0.003955,0.72194,0.70267,BUY,STRONG_BUY,BUY,STRONG_SELL,50,0
2026-09-03 11:02:29,0.71957,0.71266,0.70768,0.69584,65.33,23.97,0.00416,0.004139,0.003971,0.72212,0.70258,BUY,STRONG_BUY,BUY,STRONG_SELL,50,0
2026-09-03 11:18:23,0.7195,0.71265,0.70767,0.69584,65.25,23.97,0.00416,0.004133,0.003969,0.7221,0.70259,BUY,STRONG_BUY,BUY,STRONG_SELL,50,0
2026-09-03 11:34:17,0.71961,0.71266,0.70768,0.69584,65.38,23.97,0.00416,0.004142,0.003971,0.72213,0.70258,BUY,STRONG_BUY,BUY,STRONG_SELL,50,0
2026-09-03 11:50:10,0.71938,0.71264,0.70767,0.69584,65.12,23.97,0.00416,0.004124,0.003968,0.72208,0.7026,BUY,STRONG_BUY,BUY,STRONG_SELL,50,0
2026-09-03 12:06:04,0.71985,0.71268,0.70769,0.69584,65.65,23.97,0.00416,0.004161,0.003975,0.72217,0.70255,BUY,STRONG_BUY,STRONG_BUY,STRONG_SELL,50,0
2026-09-03 12:21:58,0.72036,0.71273,0.70771,0.69585,66.2,23.97,0.00416,0.004202,0.003983,0.72228,0.7025,STRONG_BUY,STRONG_BUY,STRONG_BUY,STRONG_SELL,50,0
2026-09-03 12:37:52,0.72034,0.71273,0.70771,0.69585,66.18,23.97,0.00416,0.0042,0.003983,0.72227,0.7025,STRONG_BUY,STRONG_BUY,STRONG_BUY,STRONG_SELL,50,0
2026-09-03 12:53:46,0.72056,0.71275,0.70772,0.69585,66.42,23.97,0.00416,0.004218,0.003986,0.72232,0.70248,STRONG_BUY,STRONG_BUY,STRONG_BUY,STRONG_SELL,50,0
2026-09-03 13:09:40,0.72034,0.71273,0.70771,0.69585,66.18,23.98,0.00416,0.0042,0.003983,0.72227,0.7025,STRONG_BUY,STRONG_BUY,STRONG_BUY,STRONG_SELL,50,0
2026-09-03 13:25:34,0.72049,0.71274,0.70771,0.69585,66.34,23.98,0.00416,0.004212,0.003985,0.72231,0.70248,STRONG_BUY,STRONG_BUY,STRONG_BUY,STRONG_SELL,50,0
2026-09-03 13:41:29,0.72064,0.71276,0.70772,0.69585,66.5,23.99,0.00417,0.004224,0.003988,0.72234,0.70247,STRONG_BUY,STRONG_BUY,STRONG_BUY,STRONG_SELL,50,0
2026-09-03 13:57:23,0.7205,0.71274,0.70771,0.69585,66.35,23.99,0.00417,0.004213,0.003985,0.72231,0.70248,STRONG_BUY,STRONG_BUY,STRONG_BUY,STRONG_SELL,50,0
2026-09-03 14:13:18,0.72068,0.71276,0.70772,0.69585,66.54,23.99,0.00417,0.004228,0.003988,0.72235,0.70246,STRONG_BUY,STRONG_BUY,BUY,STRONG_SELL,50,0
2026-09-03 14:29:12,0.72073,0.71277,0.70772,0.69585,66.6,24.0,0.00417,0.004232,0.003989,0.72236,0.70246,STRONG_BUY,STRONG_BUY,BUY,STRONG_SELL,50,0
2026-09-03 14:45:06,0.72058,0.71275,0.70772,0.69585,66.44,24.0,0.00417,0.00422,0.003987,0.72233,0.70247,STRONG_BUY,STRONG_BUY,BUY,STRONG_SELL,50,0
2026-09-03 15:00:59,0.72057,0.71275,0.70772,0.69585,66.43,24.0,0.00417,0.004219,0.003987,0.72232,0.70248,STRONG_BUY,STRONG_BUY,BUY,STRONG_SELL,50,0
2026-09-03 15:16:53,0.72025,0.71272,0.7077,0.69585,66.08,24.0,0.00417,0.004193,0.003981,0.72226,0.70251,STRONG_BUY,STRONG_BUY,BUY,STRONG_SELL,50,0
2026-09-03 15:32:48,0.72012,0.71271,0.7077,0.69585,65.94,24.0,0.00417,0.004183,0.003979,0.72223,0.70253,STRONG_BUY,STRONG_BUY,BUY,STRONG_SELL,50,0
2026-09-03 15:48:41,0.72026,0.71272,0.7077,0.69585,66.1,24.0,0.00417,0.004194,0.003982,0.72226,0.70251,STRONG_BUY,STRONG_BUY,BUY,STRONG_SELL,50,0
2026-09-03 16:04:35,0.72031,0.71273,0.70771,0.69585,66.15,24.0,0.00417,0.004198,0.003982,0.72227,0.7025,STRONG_BUY,STRONG_BUY,BUY,STRONG_SELL,50,0
2026-09-03 16:20:29,0.72011,0.71271,0.7077,0.69585,65.93,24.0,0.00417,0.004182,0.003979,0.72223,0.70253,STRONG_BUY,STRONG_BUY,BUY,STRONG_SELL,50,0
2026-09-03 16:36:24,0.72015,0.71271,0.7077,0.69585,65.98,24.0,0.00417,0.004185,0.00398,0.72224,0.70252,STRONG_BUY,STRONG_BUY,BUY,STRONG_SELL,50,0
2026-09-03 16:52:18,0.72012,0.71271,0.7077,0.69585,65.94,24.0,0.00417,0.004183,0.003979,0.72223,0.70253,STRONG_BUY,STRONG_BUY,BUY,STRONG_SELL,50,0
2026-09-03 17:08:12,0.7202,0.71272,0.7077,0.69585,66.03,24.0,0.00417,0.004189,0.003981,0.72225,0.70252,STRONG_BUY,STRONG_BUY,BUY,STRONG_SELL,50,0
2026-09-03 17:24:06,0.7199,0.71269,0.70769,0.69584,65.7,24.0,0.00417,0.004165,0.003976,0.72218,0.70255,STRONG_BUY,STRONG_BUY,BUY,STRONG_SELL,50,0
2026-09-03 17:40:04,0.71977,0.71268,0.70769,0.69584,65.56,24.0,0.00417,0.004155,0.003974,0.72216,0.70256,BUY,STRONG_BUY,BUY,STRONG_SELL,50,0
2026-09-03 17:56:07,0.7196,0.71266,0.70768,0.69584,65.37,24.0,0.00417,0.004141,0.003971,0.72212,0.70258,BUY,STRONG_BUY,BUY,STRONG_SELL,50,0
2026-09-03 18:03:38,0.72,0.71337,0.70817,0.69608,65.84,24.02,0.0039,0.004223,0.004023,0.72299,0.70306,STRONG_BUY,STRONG_BUY,BUY,STRONG_SELL,50,0
2026-09-03 18:19:33,0.72004,0.71337,0.70817,0.69608,65.88,24.02,0.00391,0.004226,0.004023,0.72299,0.70305,STRONG_BUY,STRONG_BUY,BUY,STRONG_SELL,50,0
2026-09-03 18:35:27,0.72,0.71337,0.70817,0.69608,65.84,24.02,0.00391,0.004223,0.004023,0.72299,0.70306,STRONG_BUY,STRONG_BUY,BUY,STRONG_SELL,50,0
2026-09-03 18:51:21,0.71996,0.71336,0.70816,0.69608,65.79,24.02,0.00391,0.004219,0.004022,0.72298,0.70306,STRONG_BUY,STRONG_BUY,BUY,STRONG_SELL,50,0
2026-09-03 19:07:16,0.71997,0.71336,0.70816,0.69608,65.8,24.02,0.00391,0.00422,0.004022,0.72298,0.70306,STRONG_BUY,STRONG_BUY,BUY,STRONG_SELL,50,0
2026-09-03 19:23:10,0.7201,0.71338,0.70817,0.69608,65.95,24.02,0.00391,0.004231,0.004024,0.72301,0.70305,STRONG_BUY,STRONG_BUY,BUY,STRONG_SELL,50,0
2026-09-03 20:12:45,0.72003,0.71337,0.70817,0.69608,65.87,24.02,0.00392,0.004225,0.004023,0.72299,0.70305,STRONG_BUY,STRONG_BUY,BUY,STRONG_SELL,50,0
2026-09-03 20:28:39,0.72033,0.7134,0.70818,0.69609,66.22,24.02,0.00393,0.004249,0.004028,0.72305,0.70302,STRONG_BUY,STRONG_BUY,BUY,STRONG_SELL,50,0
2026-09-03 20:44:33,0.72032,0.7134,0.70818,0.69609,66.21,24.02,0.00393,0.004248,0.004028,0.72305,0.70303,STRONG_BUY,STRONG_BUY,BUY,STRONG_SELL,50,0
2026-09-03 20:54:30,0.72055,0.71342,0.70819,0.69609,66.48,24.02,0.00394,0.004266,0.004031,0.72309,0.703,STRONG_BUY,STRONG_BUY,BUY,STRONG_SELL,50,0
2026-09-03 21:10:24,0.72049,0.71341,0.70818,0.69609,66.41,24.02,0.00395,0.004262,0.00403,0.72308,0.70301,STRONG_BUY,STRONG_BUY,BUY,STRONG_SELL,50,0
2026-09-03 21:26:19,0.72114,0.71348,0.70821,0.69609,67.13,24.17,0.004,0.004314,0.004041,0.72321,0.70294,STRONG_BUY,STRONG_BUY,STRONG_BUY,STRONG_SELL,50,0
2026-09-03 21:42:13,0.7213,0.71349,0.70822,0.69609,67.31,24.18,0.004,0.004326,0.004043,0.72325,0.70292,STRONG_BUY,STRONG_BUY,STRONG_BUY,STRONG_SELL,50,0
2026-09-03 21:58:08,0.7212,0.71348,0.70821,0.69609,67.2,24.18,0.004,0.004318,0.004042,0.72323,0.70294,STRONG_BUY,STRONG_BUY,STRONG_BUY,STRONG_SELL,50,0
2026-09-04 08:14:01,0.72026,0.71339,0.70818,0.69608,66.14,24.19,0.004,0.004243,0.004027,0.72304,0.70303,BUY,BUY,BUY,SELL,50,0
2026-09-04 08:29:55,0.71754,0.71345,0.7082,0.69609,66.85,24.19,0.004,0.004293,0.004037,0.72316,0.70297,STRONG_BUY,STRONG_BUY,BUY,SELL,50,0
2026-09-04 08:45:49,0.71873,0.71325,0.70812,0.69607,63.33,24.19,0.00416,0.004121,0.004002,0.72276,0.70316,BUY,BUY,BUY,SELL,50,5
2026-09-04 09:01:43,0.71917,0.71329,0.70813,0.69607,64.29,24.19,0.00416,0.004156,0.004009,0.72283,0.70312,BUY,BUY,BUY,SELL,50,5
2026-09-04 09:17:37,0.71931,0.7133,0.70814,0.69608,64.6,24.19,0.00416,0.004168,0.004012,0.72286,0.70311,BUY,BUY,BUY,SELL,50,5
2026-09-04 09:33:31,0.72038,0.7134,0.70818,0.69609,66.28,24.19,0.00416,0.004253,0.004029,0.72306,0.70302,BUY,STRONG_BUY,BUY,SELL,50,0
2026-09-04 09:35:12,0.72035,0.7134,0.70818,0.69609,66.25,24.19,0.00416,0.004251,0.004028,0.72305,0.70302,BUY,STRONG_BUY,BUY,SELL,50,0
2026-09-04 09:51:07,0.72041,0.71341,0.70818,0.69609,66.33,24.19,0.00416,0.004256,0.004029,0.72307,0.70302,BUY,STRONG_BUY,BUY,SELL,50,0
2026-09-04 10:07:01,0.71996,0.71336,0.70816,0.69608,65.79,24.19,0.00416,0.004219,0.004022,0.72298,0.70306,BUY,BUY,BUY,SELL,50,0
2026-09-04 10:22:55,0.72024,0.71339,0.70818,0.69608,66.12,24.19,0.00416,0.004242,0.004026,0.72303,0.70303,BUY,BUY,BUY,SELL,50,0
2026-09-04 10:38:49,0.72048,0.71341,0.70818,0.69609,66.4,24.19,0.00416,0.004261,0.00403,0.72308,0.70301,BUY,STRONG_BUY,STRONG_BUY,SELL,50,0
2026-09-04 10:54:43,0.72022,0.71339,0.70817,0.69608,66.1,24.19,0.00416,0.00424,0.004026,0.72303,0.70304,BUY,BUY,STRONG_BUY,SELL,50,0
2026-09-04 11:10:37,0.72061,0.71343,0.70819,0.69609,66.57,24.19,0.00416,0.004273,0.004033,0.72311,0.703,STRONG_BUY,STRONG_BUY,STRONG_BUY,SELL,50,0
2026-09-04 11:26:31,0.72083,0.71345,0.7082,0.69609,66.79,24.19,0.00416,0.004289,0.004036,0.72315,0.70297,STRONG_BUY,STRONG_BUY,STRONG_BUY,SELL,50,0
2026-09-04 11:42:24,0.72104,0.71347,0.70821,0.69609,67.02,24.19,0.00416,0.004306,0.004039,0.72319,0.70295,STRONG_BUY,STRONG_BUY,STRONG_BUY,SELL,50,0
2026-09-04 11:58:18,0.72088,0.71345,0.7082,0.69609,66.85,24.19,0.00416,0.004293,0.004037,0.72316,0.70297,STRONG_BUY,STRONG_BUY,STRONG_BUY,SELL,50,0
2026-09-04 12:14:12,0.72102,0.71346,0.70821,0.69609,67.0,24.19,0.00416,0.004304,0.004039,0.72319,0.70295,STRONG_BUY,STRONG_BUY,STRONG_BUY,SELL,50,0
2026-09-04 12:30:06,0.72094,0.71346,0.7082,0.69609,66.91,24.19,0.00416,0.004298,0.004038,0.72317,0.70296,STRONG_BUY,STRONG_BUY,STRONG_BUY,SELL,50,0
2026-09-04 12:46:00,0.72095,0.71346,0.7082,0.69609,66.92,24.19,0.00416,0.004298,0.004038,0.72317,0.70296,STRONG_BUY,STRONG_BUY,STRONG_BUY,SELL,50,0
2026-09-04 13:01:53,0.72081,0.71344,0.7082,0.69609,66.77,24.19,0.00416,0.004287,0.004036,0.72315,0.70298,STRONG_BUY,STRONG_BUY,STRONG_BUY,SELL,50,0
2026-09-04 13:17:47,0.72089,0.71345,0.7082,0.69609,66.86,24.19,0.00416,0.004294,0.004037,0.72316,0.70297,STRONG_BUY,STRONG_BUY,STRONG_BUY,SELL,50,0
2026-09-04 13:33:41,0.72065,0.71343,0.70819,0.69609,66.59,24.19,0.00416,0.004274,0.004033,0.72311,0.70299,STRONG_BUY,STRONG_BUY,STRONG_BUY,SELL,50,0
2026-09-04 13:49:35,0.72041,0.71341,0.70818,0.69609,66.31,24.19,0.00416,0.004255,0.004029,0.72307,0.70302,BUY,STRONG_BUY,STRONG_BUY,SELL,50,0
2026-09-04 14:05:29,0.72029,0.7134,0.70818,0.69608,66.19,24.19,0.00416,0.004247,0.004027,0.72304,0.70303,BUY,STRONG_BUY,STRONG_BUY,SELL,50,0
2026-09-04 14:21:23,0.7202,0.71339,0.70817,0.69608,66.07,24.19,0.00416,0.004239,0.004026,0.72302,0.70304,BUY,BUY,STRONG_BUY,SELL,50,0
2026-09-04 14:37:17,0.72025,0.71339,0.70818,0.69608,66.13,24.19,0.00416,0.004243,0.004027,0.72303,0.70303,BUY,BUY,STRONG_BUY,SELL,50,0
2026-09-04 14:53:11,0.72018,0.71338,0.70817,0.69608,66.05,24.19,0.00416,0.004237,0.004026,0.72302,0.70304,BUY,BUY,STRONG_BUY,SELL,50,0
2026-09-04 15:09:05,0.72045,0.71341,0.70818,0.69609,66.36,24.19,0.00416,0.004258,0.00403,0.72307,0.70301,BUY,STRONG_BUY,STRONG_BUY,SELL,50,0
2026-09-04 15:24:58,0.72054,0.71342,0.70819,0.69609,66.46,24.19,0.00416,0.004266,0.004031,0.72309,0.703,STRONG_BUY,STRONG_BUY,STRONG_BUY,SELL,50,0
2026-09-06 17:19:47,0.71932,0.71395,0.70861,0.69632,63.99,24.36,0.00393,0.00419,0.004059,0.72342,0.70405,BUY,STRONG_BUY,STRONG_BUY,SELL,50,5
2026-09-06 18:31:06,0.72047,0.71406,0.70866,0.69633,66.41,24.36,0.00392,0.004282,0.004077,0.72362,0.70397,BUY,STRONG_BUY,BUY,SELL,50,0
2026-09-06 18:47:00,0.72052,0.71407,0.70866,0.69633,66.47,24.36,0.00392,0.004286,0.004078,0.72363,0.70396,BUY,STRONG_BUY,BUY,SELL,50,0
2026-09-06 19:02:54,0.72062,0.71407,0.70866,0.69633,66.59,24.36,0.00393,0.004294,0.004079,0.72365,0.70395,BUY,STRONG_BUY,BUY,SELL,50,0
2026-09-06 19:18:49,0.7207,0.71408,0.70866,0.69633,66.69,24.36,0.00394,0.0043,0.004081,0.72366,0.70395,BUY,STRONG_BUY,BUY,SELL,50,0
2026-09-06 19:34:44,0.72073,0.71409,0.70867,0.69633,66.72,24.36,0.00394,0.004302,0.004081,0.72367,0.70394,BUY,STRONG_BUY,BUY,SELL,50,0
2026-09-06 19:50:40,0.72066,0.71408,0.70866,0.69633,66.64,24.36,0.00394,0.004297,0.00408,0.72365,0.70395,BUY,STRONG_BUY,BUY,SELL,50,0
2026-09-06 20:06:34,0.72064,0.71408,0.70866,0.69633,66.62,24.36,0.00394,0.004295,0.00408,0.72365,0.70395,BUY,STRONG_BUY,BUY,SELL,50,0
2026-09-06 20:22:28,0.72055,0.71407,0.70866,0.69633,66.51,24.36,0.00394,0.004288,0.004078,0.72363,0.70396,BUY,STRONG_BUY,BUY,SELL,50,0
2026-09-06 20:38:21,0.72089,0.7141,0.70867,0.69633,66.92,24.36,0.00395,0.004315,0.004084,0.7237,0.70393,BUY,STRONG_BUY,BUY,SELL,50,0
2026-09-06 20:54:15,0.72074,0.71409,0.70867,0.69633,66.74,24.36,0.00396,0.004303,0.004081,0.72367,0.70394,BUY,STRONG_BUY,BUY,SELL,50,0
2026-09-06 21:10:09,0.7205,0.71406,0.70866,0.69633,66.44,24.36,0.00396,0.004284,0.004077,0.72362,0.70396,BUY,STRONG_BUY,BUY,SELL,50,0
2026-09-06 21:26:03,0.72056,0.71407,0.70866,0.69633,66.52,24.36,0.00396,0.004289,0.004078,0.72363,0.70396,BUY,STRONG_BUY,BUY,SELL,50,0
2026-09-06 21:41:57,0.72032,0.71405,0.70865,0.69633,66.22,24.36,0.00396,0.00427,0.004075,0.72359,0.70398,BUY,STRONG_BUY,BUY,SELL,50,0
2026-09-06 21:57:50,0.72037,0.71405,0.70865,0.69633,66.28,24.36,0.00396,0.004274,0.004075,0.7236,0.70397,BUY,STRONG_BUY,BUY,SELL,50,0
2026-09-06 22:13:44,0.71993,0.71401,0.70863,0.69632,65.42,24.36,0.00396,0.004239,0.004068,0.72352,0.70401,BUY,STRONG_BUY,BUY,SELL,50,0
2026-09-06 22:29:38,0.72009,0.71402,0.70864,0.69632,65.8,24.36,0.00396,0.004251,0.004071,0.72355,0.704,BUY,STRONG_BUY,BUY,SELL,50,0
2026-09-06 22:45:32,0.71998,0.71401,0.70864,0.69632,65.54,24.36,0.00396,0.004243,0.004069,0.72353,0.70401,BUY,STRONG_BUY,BUY,SELL,50,0
2026-09-06 23:01:26,0.71997,0.71401,0.70864,0.69632,65.51,24.36,0.00396,0.004242,0.004069,0.72353,0.70401,BUY,STRONG_BUY,BUY,SELL,50,0
2026-09-07 08:07:46,0.72149,0.71416,0.7087,0.69634,67.62,24.61,0.00406,0.004363,0.004093,0.72382,0.70387,BUY,STRONG_BUY,BUY,SELL,50,0
2026-09-07 08:23:40,0.72155,0.71416,0.7087,0.69634,67.69,24.61,0.00406,0.004368,0.004094,0.72383,0.70386,BUY,STRONG_BUY,STRONG_BUY,SELL,50,0
2026-09-07 08:39:33,0.72159,0.71417,0.7087,0.69634,67.73,24.61,0.00406,0.004371,0.004095,0.72384,0.70386,BUY,STRONG_BUY,STRONG_BUY,SELL,50,0
2026-09-07 08:55:27,0.72153,0.71416,0.7087,0.69634,67.66,24.61,0.00406,0.004366,0.004094,0.72382,0.70386,BUY,STRONG_BUY,STRONG_BUY,SELL,50,0
2026-09-07 09:11:21,0.7216,0.71417,0.7087,0.69634,67.74,24.61,0.00406,0.004372,0.004095,0.72384,0.70386,BUY,STRONG_BUY,STRONG_BUY,SELL,50,0
2026-09-07 09:27:15,0.72185,0.71419,0.70871,0.69634,68.03,24.61,0.00406,0.004392,0.004099,0.72389,0.70383,BUY,STRONG_BUY,STRONG_BUY,SELL,50,0
2026-09-07 09:43:09,0.72169,0.71418,0.7087,0.69634,67.85,24.61,0.00406,0.004379,0.004096,0.72386,0.70385,BUY,STRONG_BUY,STRONG_BUY,SELL,50,0
2026-09-07 09:59:03,0.72198,0.7142,0.70871,0.69634,68.17,24.61,0.00406,0.004402,0.004101,0.72392,0.70382,BUY,STRONG_BUY,STRONG_BUY,SELL,50,0
2026-09-07 10:14:56,0.72207,0.71421,0.70872,0.69634,68.27,24.61,0.00406,0.004409,0.004103,0.72394,0.70381,BUY,STRONG_BUY,BUY,SELL,50,0
2026-09-07 10:30:50,0.72197,0.7142,0.70871,0.69634,68.16,24.61,0.00406,0.004401,0.004101,0.72392,0.70382,BUY,STRONG_BUY,BUY,SELL,50,0
2026-09-07 10:46:44,0.72185,0.71419,0.70871,0.69634,68.03,24.61,0.00406,0.004392,0.004099,0.72389,0.70383,BUY,STRONG_BUY,BUY,SELL,50,0
2026-09-07 11:02:38,0.72206,0.71421,0.70872,0.69634,68.26,24.61,0.00406,0.004408,0.004102,0.72393,0.70381,BUY,STRONG_BUY,BUY,SELL,50,0
2026-09-07 11:18:32,0.72178,0.71419,0.70871,0.69634,67.95,24.61,0.00406,0.004386,0.004098,0.72388,0.70384,BUY,STRONG_BUY,BUY,SELL,50,0
2026-09-07 11:34:25,0.72184,0.71419,0.70871,0.69634,68.01,24.61,0.00406,0.004391,0.004099,0.72389,0.70383,BUY,STRONG_BUY,BUY,SELL,50,0
2026-09-07 11:50:19,0.72184,0.71419,0.70871,0.69634,68.01,24.61,0.00406,0.004391,0.004099,0.72389,0.70383,BUY,STRONG_BUY,BUY,SELL,50,0
2026-09-07 12:06:13,0.72175,0.71418,0.70871,0.69634,67.91,24.61,0.00406,0.004384,0.004097,0.72387,0.70384,BUY,STRONG_BUY,BUY,SELL,50,0
2026-09-07 12:22:08,0.7218,0.71419,0.70871,0.69634,67.97,24.61,0.00406,0.004388,0.004098,0.72388,0.70384,BUY,STRONG_BUY,BUY,SELL,50,0
2026-09-07 12:38:01,0.72195,0.7142,0.70871,0.69634,68.14,24.61,0.00406,0.0044,0.004101,0.72391,0.70382,BUY,STRONG_BUY,BUY,SELL,50,0
2026-09-07 12:53:55,0.72198,0.7142,0.70871,0.69634,68.17,24.61,0.00406,0.004402,0.004101,0.72392,0.70382,BUY,STRONG_BUY,BUY,SELL,50,0
2026-09-07 13:09:50,0.72188,0.71419,0.70871,0.69634,68.06,24.61,0.00406,0.004394,0.004099,0.7239,0.70383,BUY,STRONG_BUY,BUY,SELL,50,0
2026-09-07 13:25:43,0.72186,0.71419,0.70871,0.69634,68.04,24.61,0.00406,0.004392,0.004099,0.72389,0.70383,BUY,STRONG_BUY,BUY,SELL,50,0
2026-09-07 13:41:37,0.72181,0.71419,0.70871,0.69634,67.98,24.61,0.00406,0.004389,0.004098,0.72388,0.70383,BUY,STRONG_BUY,BUY,SELL,50,0
2026-09-07 13:57:31,0.7218,0.71419,0.70871,0.69634,67.97,24.61,0.00406,0.004388,0.004098,0.72388,0.70384,BUY,STRONG_BUY,BUY,SELL,50,0
2026-09-07 14:13:25,0.72182,0.71419,0.70871,0.69634,67.99,24.61,0.00406,0.004389,0.004099,0.72388,0.70383,BUY,STRONG_BUY,BUY,SELL,50,0
2026-09-07 14:29:19,0.72174,0.71418,0.70871,0.69634,67.9,24.61,0.00406,0.004383,0.004097,0.72387,0.70384,BUY,STRONG_BUY,BUY,SELL,50,0
2026-09-07 14:45:13,0.72178,0.71419,0.70871,0.69634,67.95,24.61,0.00406,0.004386,0.004098,0.72388,0.70384,BUY,STRONG_BUY,BUY,SELL,50,0
2026-09-07 15:01:07,0.72175,0.71418,0.70871,0.69634,67.91,24.61,0.00406,0.004384,0.004097,0.72387,0.70384,BUY,STRONG_BUY,BUY,SELL,50,0
2026-09-07 15:17:00,0.72173,0.71418,0.70871,0.69634,67.89,24.61,0.00406,0.004382,0.004097,0.72387,0.70384,BUY,STRONG_BUY,BUY,SELL,50,0
2026-09-07 15:32:55,0.72167,0.71417,0.7087,0.69634,67.82,24.61,0.00406,0.004377,0.004096,0.72385,0.70385,BUY,STRONG_BUY,BUY,SELL,50,0
2026-09-07 15:48:49,0.7217,0.71418,0.7087,0.69634,67.86,24.61,0.00406,0.00438,0.004097,0.72386,0.70385,BUY,STRONG_BUY,BUY,SELL,50,0
2026-09-07 16:04:43,0.72174,0.71418,0.70871,0.69634,67.9,24.61,0.00406,0.004383,0.004097,0.72387,0.70384,BUY,STRONG_BUY,BUY,SELL,50,0
2026-09-07 16:20:37,0.72176,0.71418,0.70871,0.69634,67.92,24.61,0.00406,0.004385,0.004098,0.72387,0.70384,BUY,STRONG_BUY,BUY,SELL,50,0
2026-09-07 16:36:31,0.72181,0.71419,0.70871,0.69634,67.98,24.61,0.00406,0.004389,0.004098,0.72388,0.70383,BUY,STRONG_BUY,BUY,SELL,50,0
2026-09-07 16:52:25,0.72189,0.7142,0.70871,0.69634,68.07,24.61,0.00406,0.004395,0.0041,0.7239,0.70383,BUY,STRONG_BUY,BUY,SELL,50,0
2026-09-07 17:06:48,0.72138,0.71415,0.70869,0.69634,67.49,24.61,0.00406,0.004354,0.004091,0.72379,0.70388,BUY,STRONG_BUY,BUY,SELL,50,0
2026-09-07 17:22:42,0.7216,0.71417,0.7087,0.69634,67.74,24.61,0.00406,0.004372,0.004095,0.72384,0.70386,BUY,STRONG_BUY,BUY,SELL,50,0
2026-09-07 17:38:36,0.72184,0.71419,0.70871,0.69634,68.01,24.61,0.00406,0.004391,0.004099,0.72389,0.70383,BUY,STRONG_BUY,BUY,SELL,50,0
2026-09-07 17:54:30,0.7215,0.71416,0.7087,0.69634,67.63,24.61,0.00406,0.004364,0.004093,0.72382,0.70387,BUY,STRONG_BUY,BUY,SELL,50,0
2026-09-07 18:10:24,0.7219,0.71491,0.70922,0.69659,68.1,25.0,0.00379,0.004455,0.004168,0.72453,0.70478,BUY,BUY,BUY,SELL,55,0
2026-09-07 18:26:18,0.72186,0.71491,0.70922,0.69659,68.05,25.0,0.00379,0.004452,0.004167,0.72453,0.70478,BUY,BUY,BUY,SELL,55,0
2026-09-07 18:42:12,0.72178,0.7149,0.70922,0.69659,67.96,25.0,0.00379,0.004446,0.004166,0.72451,0.70479,BUY,BUY,BUY,SELL,55,0
2026-09-07 18:58:06,0.72184,0.71491,0.70922,0.69659,68.03,25.0,0.00379,0.00445,0.004167,0.72452,0.70478,BUY,BUY,BUY,SELL,55,0
2026-09-07 19:14:00,0.72197,0.71492,0.70922,0.69659,68.18,25.0,0.00379,0.004461,0.004169,0.72455,0.70477,BUY,BUY,BUY,SELL,55,0
2026-09-07 19:29:54,0.72206,0.71493,0.70923,0.69659,68.29,25.0,0.0038,0.004468,0.004171,0.72457,0.70476,BUY,BUY,BUY,SELL,55,0
2026-09-07 19:45:48,0.7223,0.71495,0.70924,0.6966,68.57,25.0,0.00381,0.004487,0.004174,0.72461,0.70474,BUY,BUY,BUY,SELL,55,0
2026-09-07 20:01:42,0.72219,0.71494,0.70923,0.6966,68.44,25.0,0.00381,0.004478,0.004173,0.72459,0.70475,BUY,BUY,BUY,STRONG_SELL,55,0
2026-09-07 20:17:36,0.72181,0.7149,0.70922,0.69659,67.99,25.0,0.00381,0.004448,0.004167,0.72452,0.70478,BUY,BUY,BUY,SELL,55,0
2026-09-07 20:33:30,0.72178,0.7149,0.70922,0.69659,67.96,25.0,0.00382,0.004446,0.004166,0.72451,0.70479,BUY,BUY,BUY,STRONG_SELL,55,0
2026-09-07 20:49:23,0.7216,0.71488,0.70921,0.69659,67.63,25.0,0.00382,0.004431,0.004163,0.72448,0.7048,BUY,BUY,BUY,SELL,55,0
2026-09-07 21:05:17,0.72159,0.71488,0.70921,0.69659,67.6,25.0,0.00383,0.00443,0.004163,0.72447,0.7048,BUY,BUY,BUY,SELL,55,0
2026-09-07 21:21:11,0.72163,0.71489,0.70921,0.69659,67.71,25.0,0.00383,0.004434,0.004164,0.72448,0.7048,BUY,BUY,BUY,STRONG_SELL,55,0
2026-09-07 21:37:05,0.72152,0.71488,0.70921,0.69659,67.43,25.0,0.00383,0.004425,0.004162,0.72446,0.70481,BUY,BUY,BUY,STRONG_SELL,55,0
2026-09-07 22:03:52,0.72145,0.71487,0.7092,0.69659,67.25,25.0,0.00383,0.004419,0.004161,0.72445,0.70482,BUY,BUY,BUY,STRONG_SELL,55,0
2026-09-07 22:07:05,0.72157,0.71488,0.70921,0.69659,67.55,25.0,0.00383,0.004429,0.004163,0.72447,0.70481,BUY,BUY,BUY,STRONG_SELL,55,0
2026-09-07 22:09:53,0.72152,0.71488,0.70921,0.69659,67.43,25.0,0.00383,0.004425,0.004162,0.72446,0.70481,BUY,BUY,BUY,STRONG_SELL,55,0
2026-09-07 22:14:11,0.72132,0.71486,0.7092,0.69659,66.92,25.0,0.00384,0.004409,0.004159,0.72442,0.70483,BUY,BUY,BUY,STRONG_SELL,55,0
2026-09-08 08:02:55,0.72132,0.71486,0.7092,0.69659,66.92,25.0,0.0039,0.004409,0.004159,0.72442,0.70483,BUY,BUY,BUY,SELL,55,0
2026-09-08 08:18:49,0.72134,0.71486,0.7092,0.69659,66.97,25.0,0.0039,0.00441,0.004159,0.72443,0.70483,BUY,BUY,BUY,SELL,55,0
2026-09-08 08:34:43,0.72197,0.71492,0.70922,0.69659,68.18,25.0,0.0039,0.004461,0.004169,0.72455,0.70477,BUY,BUY,STRONG_BUY,SELL,55,0
2026-09-08 08:50:37,0.72222,0.71494,0.70923,0.6966,68.48,25.0,0.0039,0.004481,0.004173,0.7246,0.70474,BUY,BUY,STRONG_BUY,SELL,55,0
2026-09-08 09:06:31,0.72238,0.71496,0.70924,0.6966,68.66,25.03,0.00392,0.004493,0.004176,0.72463,0.70473,BUY,BUY,STRONG_BUY,SELL,55,0
2026-09-08 09:22:25,0.7228,0.715,0.70926,0.6966,69.14,25.09,0.00393,0.004527,0.004182,0.72472,0.70468,BUY,STRONG_BUY,STRONG_BUY,STRONG_SELL,55,0
2026-09-08 09:38:19,0.72257,0.71498,0.70925,0.6966,68.88,25.11,0.00394,0.004509,0.004179,0.72467,0.70471,BUY,STRONG_BUY,STRONG_BUY,SELL,55,0
2026-09-08 09:54:12,0.72243,0.71496,0.70924,0.6966,68.72,25.11,0.00394,0.004497,0.004177,0.72464,0.70472,BUY,STRONG_BUY,STRONG_BUY,SELL,55,0
2026-09-08 10:10:07,0.72234,0.71495,0.70924,0.6966,68.62,25.11,0.00394,0.00449,0.004175,0.72462,0.70473,BUY,BUY,BUY,SELL,55,0
2026-09-08 10:26:01,0.72261,0.71498,0.70925,0.6966,68.93,25.11,0.00394,0.004512,0.004179,0.72468,0.7047,BUY,STRONG_BUY,STRONG_BUY,SELL,55,0
2026-09-08 10:41:55,0.72284,0.715,0.70926,0.6966,69.19,25.15,0.00395,0.00453,0.004183,0.72473,0.70468,BUY,STRONG_BUY,STRONG_BUY,STRONG_SELL,55,0
2026-09-08 10:57:49,0.72218,0.71494,0.70923,0.6966,68.43,25.16,0.00395,0.004477,0.004173,0.72459,0.70475,BUY,BUY,BUY,STRONG_SELL,55,0
2026-09-08 11:13:44,0.7223,0.71495,0.70924,0.6966,68.57,25.16,0.00395,0.004487,0.004174,0.72461,0.70474,BUY,BUY,BUY,STRONG_SELL,55,0
2026-09-08 11:29:38,0.72221,0.71494,0.70923,0.6966,68.47,25.16,0.00395,0.00448,0.004173,0.7246,0.70474,BUY,BUY,BUY,SELL,55,0
2026-09-08 11:45:32,0.72176,0.71491,0.70922,0.69659,68.04,25.16,0.00395,0.004451,0.004167,0.72452,0.70478,BUY,BUY,BUY,SELL,55,0
2026-09-08 12:01:26,0.72164,0.71489,0.70921,0.69659,67.73,25.16,0.00395,0.004434,0.004164,0.72448,0.7048,BUY,BUY,BUY,SELL,55,0
2026-09-08 12:17:20,0.72143,0.71487,0.7092,0.69659,67.2,25.16,0.00395,0.004418,0.004161,0.72444,0.70482,BUY,BUY,BUY,SELL,55,0
2026-09-08 14:31:16,0.72236,0.71496,0.70924,0.6966,68.64,25.16,0.00395,0.004492,0.004175,0.72463,0.70473,BUY,BUY,BUY,SELL,55,0
2026-09-08 14:47:09,0.72257,0.71498,0.70925,0.6966,68.88,25.16,0.00395,0.004509,0.004179,0.72467,0.70471,BUY,STRONG_BUY,BUY,STRONG_SELL,55,0
2026-09-08 15:03:03,0.72227,0.71495,0.70924,0.6966,68.54,25.16,0.00395,0.004485,0.004174,0.72461,0.70474,BUY,BUY,BUY,STRONG_SELL,55,0
2026-09-08 15:18:56,0.72196,0.71492,0.70922,0.69659,68.17,25.16,0.00395,0.00446,0.004169,0.72455,0.70477,BUY,BUY,BUY,SELL,55,0
2026-09-08 15:34:50,0.72175,0.7149,0.70921,0.69659,67.9,25.16,0.00395,0.004442,0.004165,0.7245,0.70479,BUY,BUY,BUY,SELL,55,0
2026-09-08 15:50:44,0.72171,0.71489,0.70921,0.69659,67.87,25.16,0.00395,0.00444,0.004165,0.7245,0.70479,BUY,BUY,BUY,SELL,55,0
2026-09-08 16:06:37,0.72167,0.71489,0.70921,0.69659,67.81,25.16,0.00395,0.004437,0.004164,0.72449,0.7048,BUY,BUY,BUY,SELL,55,0
2026-09-08 16:22:31,0.72171,0.71489,0.70921,0.69659,67.87,25.16,0.00395,0.00444,0.004165,0.7245,0.70479,BUY,BUY,BUY,SELL,55,0
2026-09-08 16:38:25,0.72167,0.71489,0.70921,0.69659,67.81,25.16,0.00395,0.004437,0.004164,0.72449,0.7048,BUY,BUY,BUY,SELL,55,0
2026-09-08 16:54:18,0.72163,0.71489,0.70921,0.69659,67.71,25.16,0.00395,0.004434,0.004164,0.72448,0.7048,BUY,BUY,BUY,SELL,55,0
2026-09-08 17:10:12,0.72162,0.71488,0.70921,0.69659,67.68,25.16,0.00395,0.004433,0.004164,0.72448,0.7048,BUY,BUY,BUY,SELL,55,0
2026-09-08 17:26:06,0.72184,0.71491,0.70922,0.69659,68.03,25.16,0.00395,0.00445,0.004167,0.72452,0.70478,BUY,BUY,BUY,SELL,55,0
2026-09-08 17:42:00,0.72157,0.71488,0.70921,0.69659,67.55,25.16,0.00395,0.004429,0.004163,0.72447,0.70481,BUY,BUY,BUY,SELL,55,0
2026-09-08 17:57:54,0.72174,0.7149,0.70921,0.69659,67.91,25.16,0.00395,0.004442,0.004166,0.7245,0.70479,BUY,BUY,BUY,SELL,55,0
2026-09-08 18:37:45,0.7218,0.71556,0.70971,0.69684,67.98,25.66,0.00369,0.004448,0.004222,0.72489,0.70601,BUY,BUY,BUY,SELL,55,0
2026-09-08 18:53:38,0.72179,0.71555,0.70971,0.69684,67.97,25.66,0.00369,0.004447,0.004222,0.72489,0.70601,BUY,BUY,BUY,SELL,55,0
2026-09-08 19:09:31,0.72188,0.71556,0.70971,0.69684,68.09,25.66,0.00369,0.004455,0.004224,0.7249,0.70601,BUY,BUY,BUY,SELL,55,0
2026-09-08 20:21:51,0.72241,0.71561,0.70973,0.69685,68.76,25.66,0.00373,0.004497,0.004232,0.725,0.70596,BUY,BUY,BUY,STRONG_SELL,55,0
2026-09-08 20:37:44,0.72226,0.7156,0.70973,0.69685,68.57,25.66,0.00373,0.004485,0.00423,0.72497,0.70597,BUY,BUY,BUY,STRONG_SELL,55,0
2026-09-08 20:53:38,0.72258,0.71563,0.70974,0.69685,68.96,25.66,0.00374,0.00451,0.004235,0.72504,0.70594,BUY,BUY,STRONG_BUY,STRONG_SELL,55,0
2026-09-08 21:09:31,0.72245,0.71562,0.70973,0.69685,68.8,25.66,0.00374,0.0045,0.004233,0.72501,0.70595,BUY,BUY,BUY,STRONG_SELL,55,0
2026-09-08 21:25:25,0.7223,0.7156,0.70973,0.69685,68.62,25.66,0.00374,0.004488,0.00423,0.72498,0.70597,BUY,BUY,BUY,SELL,55,0
2026-09-08 21:41:19,0.72204,0.71558,0.70972,0.69684,68.29,25.66,0.00374,0.004467,0.004226,0.72493,0.70599,BUY,BUY,BUY,STRONG_SELL,55,0
2026-09-08 21:57:13,0.72233,0.71561,0.70973,0.69685,68.66,25.66,0.00374,0.00449,0.004231,0.72499,0.70597,BUY,BUY,BUY,STRONG_SELL,55,0
2026-09-08 22:13:07,0.72213,0.71559,0.70972,0.69685,68.41,25.66,0.00374,0.004474,0.004228,0.72495,0.70598,BUY,BUY,BUY,STRONG_SELL,55,0
2026-09-08 22:29:00,0.72216,0.71559,0.70972,0.69685,68.44,25.66,0.00374,0.004477,0.004228,0.72495,0.70598,BUY,BUY,BUY,STRONG_SELL,55,0
2026-09-08 22:44:54,0.72222,0.7156,0.70973,0.69685,68.52,25.66,0.00374,0.004482,0.004229,0.72497,0.70598,BUY,BUY,BUY,STRONG_SELL,55,0
2026-09-08 23:00:47,0.72241,0.71561,0.70973,0.69685,68.76,25.66,0.00374,0.004497,0.004232,0.725,0.70596,BUY,BUY,BUY,STRONG_SELL,55,0
2026-09-08 23:16:41,0.72222,0.7156,0.70973,0.69685,68.52,25.66,0.00374,0.004482,0.004229,0.72497,0.70598,BUY,BUY,BUY,STRONG_SELL,55,0
2026-09-08 23:32:34,0.72216,0.71559,0.70972,0.69685,68.44,25.66,0.00374,0.004477,0.004228,0.72495,0.70598,BUY,BUY,BUY,STRONG_SELL,55,0
2026-09-09 08:04:05,0.72214,0.71558,0.70972,0.69685,68.42,25.84,0.00386,0.004474,0.004226,0.72495,0.70598,BUY,BUY,BUY,STRONG_SELL,55,0
2026-09-09 08:20:00,0.72228,0.7156,0.70973,0.69685,68.6,25.84,0.00386,0.004485,0.004228,0.72497,0.70597,BUY,BUY,BUY,STRONG_SELL,55,0
2026-09-09 08:35:53,0.72242,0.71561,0.70973,0.69685,68.77,25.84,0.00386,0.004497,0.004231,0.725,0.70596,BUY,BUY,BUY,STRONG_SELL,55,0
2026-09-09 08:51:47,0.72219,0.71559,0.70972,0.69685,68.49,25.84,0.00386,0.004478,0.004227,0.72496,0.70598,BUY,BUY,BUY,STRONG_SELL,55,0
2026-09-09 09:07:41,0.72241,0.71561,0.70973,0.69685,68.76,25.84,0.00386,0.004496,0.00423,0.725,0.70596,BUY,BUY,BUY,STRONG_SELL,55,0
2026-09-09 09:23:34,0.72265,0.71563,0.70974,0.69685,69.05,25.84,0.00386,0.004515,0.004234,0.72505,0.70593,BUY,BUY,BUY,STRONG_SELL,55,0
2026-09-09 09:39:28,0.72314,0.71568,0.70976,0.69686,69.64,25.84,0.00386,0.004554,0.004242,0.72515,0.70588,BUY,STRONG_BUY,BUY,STRONG_SELL,55,0
2026-09-09 09:55:22,0.7228,0.71565,0.70975,0.69685,69.23,25.84,0.00386,0.004527,0.004237,0.72508,0.70592,BUY,BUY,BUY,STRONG_SELL,55,0
2026-09-09 10:11:15,0.72294,0.71566,0.70975,0.69685,69.4,25.84,0.00386,0.004538,0.004239,0.7251,0.7059,BUY,BUY,BUY,STRONG_SELL,55,0
2026-09-09 10:27:09,0.72272,0.71564,0.70974,0.69685,69.14,25.84,0.00386,0.004521,0.004235,0.72506,0.70593,BUY,BUY,BUY,STRONG_SELL,55,0
2026-09-09 10:43:03,0.72272,0.71564,0.70974,0.69685,69.14,25.84,0.00386,0.004521,0.004235,0.72506,0.70593,BUY,BUY,BUY,STRONG_SELL,55,0
2026-09-09 10:58:57,0.72303,0.71567,0.70975,0.69685,69.51,25.84,0.00386,0.004545,0.00424,0.72512,0.70589,BUY,BUY,BUY,STRONG_SELL,55,0
2026-09-09 12:04:37,0.72212,0.71558,0.70972,0.69684,68.4,25.84,0.00387,0.004473,0.004226,0.72494,0.70598,BUY,BUY,BUY,STRONG_SELL,55,0
2026-09-09 12:20:32,0.72145,0.71553,0.7097,0.69684,67.28,25.84,0.00387,0.004425,0.004216,0.72483,0.70603,BUY,BUY,BUY,SELL,55,0
2026-09-09 12:36:25,0.72172,0.71554,0.7097,0.69684,67.83,25.84,0.00387,0.004441,0.004219,0.72487,0.70602,BUY,BUY,BUY,STRONG_SELL,55,0
2026-09-09 12:52:19,0.72215,0.71559,0.70972,0.69685,68.44,25.84,0.00387,0.004475,0.004226,0.72495,0.70598,BUY,BUY,BUY,STRONG_SELL,55,0
2026-09-09 13:08:13,0.72223,0.71559,0.70972,0.69685,68.54,25.84,0.00387,0.004481,0.004228,0.72496,0.70597,BUY,BUY,BUY,STRONG_SELL,55,0
2026-09-09 13:24:06,0.72221,0.71559,0.70972,0.69685,68.51,25.84,0.00387,0.00448,0.004227,0.72496,0.70598,BUY,BUY,BUY,STRONG_SELL,55,0
2026-09-09 13:40:00,0.72206,0.71558,0.70972,0.69684,68.32,25.84,0.00387,0.004468,0.004225,0.72493,0.70599,BUY,BUY,BUY,STRONG_SELL,55,0
2026-09-09 13:55:55,0.72221,0.71559,0.70972,0.69685,68.51,25.84,0.00387,0.00448,0.004227,0.72496,0.70598,BUY,BUY,BUY,STRONG_SELL,55,0
2026-09-09 14:11:49,0.72218,0.71559,0.70972,0.69685,68.47,25.84,0.00387,0.004477,0.004227,0.72495,0.70598,BUY,BUY,BUY,STRONG_SELL,55,0
2026-09-09 14:27:43,0.7221,0.71558,0.70972,0.69684,68.37,25.84,0.00387,0.004471,0.004225,0.72494,0.70599,BUY,BUY,BUY,STRONG_SELL,55,0
2026-09-09 14:43:37,0.72183,0.71556,0.70971,0.69684,68.04,25.84,0.00387,0.00445,0.004221,0.72489,0.70601,BUY,BUY,BUY,STRONG_SELL,55,0
2026-09-09 14:59:31,0.72172,0.71554,0.7097,0.69684,67.83,25.84,0.00387,0.004441,0.004219,0.72487,0.70602,BUY,BUY,BUY,SELL,55,0
2026-09-09 15:15:25,0.72161,0.71553,0.7097,0.69684,67.44,25.84,0.00387,0.00443,0.004217,0.72484,0.70603,BUY,BUY,NEUTRAL,SELL,47,0
2026-09-09 15:31:19,0.72155,0.71553,0.7097,0.69684,67.36,25.84,0.00387,0.004427,0.004217,0.72484,0.70603,BUY,BUY,NEUTRAL,SELL,47,0
2026-09-09 15:47:12,0.72176,0.71555,0.70971,0.69684,67.94,25.84,0.00387,0.004444,0.00422,0.72487,0.70602,BUY,BUY,BUY,STRONG_SELL,55,0
2026-09-09 16:03:06,0.72154,0.71553,0.7097,0.69684,67.33,25.84,0.00387,0.004426,0.004217,0.72483,0.70603,BUY,BUY,NEUTRAL,SELL,47,0
2026-09-09 16:18:59,0.72149,0.71552,0.70969,0.69684,67.2,25.84,0.00387,0.004422,0.004216,0.72483,0.70604,BUY,BUY,NEUTRAL,SELL,47,0
2026-09-09 16:34:53,0.72164,0.71554,0.7097,0.69684,67.61,25.84,0.00387,0.004434,0.004218,0.72485,0.70603,BUY,BUY,NEUTRAL,STRONG_SELL,47,0
2026-09-09 16:50:47,0.72175,0.71555,0.7097,0.69684,67.91,25.84,0.00387,0.004443,0.00422,0.72487,0.70602,BUY,BUY,BUY,STRONG_SELL,55,0
2026-09-09 18:49:26,0.72182,0.71611,0.71016,0.69709,67.42,26.48,0.00364,0.004371,0.004244,0.72484,0.70763,BUY,BUY,BUY,STRONG_SELL,55,0
2026-09-09 19:05:19,0.72177,0.7161,0.71016,0.69708,67.35,26.48,0.00364,0.004367,0.004244,0.72483,0.70763,BUY,BUY,BUY,STRONG_SELL,55,0
2026-09-09 19:21:13,0.72193,0.71612,0.71017,0.69709,67.57,26.48,0.00364,0.00438,0.004246,0.72486,0.70762,BUY,BUY,BUY,STRONG_SELL,55,0
2026-09-09 19:37:07,0.72197,0.71612,0.71017,0.69709,67.62,26.48,0.00365,0.004383,0.004247,0.72487,0.70761,BUY,BUY,BUY,STRONG_SELL,55,0
2026-09-09 19:53:01,0.72218,0.71614,0.71018,0.69709,67.9,26.48,0.00367,0.0044,0.00425,0.7249,0.7076,BUY,BUY,BUY,STRONG_SELL,55,0
2026-09-09 20:08:57,0.72207,0.71613,0.71017,0.69709,67.76,26.48,0.00367,0.004391,0.004248,0.72488,0.70761,BUY,BUY,BUY,SELL,55,0
2026-09-09 20:24:51,0.72184,0.71611,0.71016,0.69709,67.44,26.48,0.00367,0.004372,0.004245,0.72484,0.70763,BUY,BUY,BUY,SELL,55,0
2026-09-09 20:40:46,0.7217,0.71609,0.71016,0.69708,67.24,26.48,0.00367,0.004361,0.004242,0.72482,0.70764,BUY,BUY,BUY,SELL,55,0
2026-09-09 20:56:41,0.72158,0.71608,0.71015,0.69708,67.09,26.48,0.00367,0.004352,0.004241,0.7248,0.70765,BUY,BUY,BUY,SELL,55,0
2026-09-09 21:12:37,0.7215,0.71608,0.71015,0.69708,66.97,26.48,0.00367,0.004345,0.004239,0.72478,0.70765,BUY,BUY,BUY,SELL,55,0
2026-09-09 21:28:32,0.72108,0.71604,0.71013,0.69708,66.07,26.48,0.00368,0.004312,0.004233,0.72471,0.70768,BUY,BUY,BUY,SELL,55,0
2026-09-09 21:44:26,0.72122,0.71605,0.71014,0.69708,66.46,26.39,0.0037,0.004323,0.004235,0.72473,0.70767,BUY,BUY,NEUTRAL,SELL,47,0
2026-09-09 22:00:20,0.72178,0.7161,0.71016,0.69708,67.36,26.39,0.0037,0.004368,0.004244,0.72483,0.70763,BUY,BUY,BUY,STRONG_SELL,55,0
2026-09-09 22:16:13,0.72177,0.7161,0.71016,0.69708,67.35,26.39,0.0037,0.004367,0.004244,0.72483,0.70763,BUY,BUY,BUY,STRONG_SELL,55,0
2026-09-10 08:10:13,0.71858,0.7158,0.71004,0.69705,59.72,25.27,0.00387,0.004112,0.004193,0.72437,0.70778,BUY,BUY,SELL,SELL,32,18
2026-09-10 08:26:07,0.7178,0.71572,0.71001,0.69705,57.98,24.96,0.00393,0.00405,0.00418,0.72429,0.70778,BUY,BUY,SELL,SELL,27,13
2026-09-10 08:38:41,0.71591,0.71554,0.70993,0.69703,54.17,24.31,0.00406,0.003899,0.00415,0.72415,0.70772,BUY,NEUTRAL,SELL,SELL,30,13
2026-09-10 08:54:35,0.71676,0.71562,0.70996,0.69704,55.82,24.31,0.00406,0.003967,0.004164,0.7242,0.70776,BUY,BUY,SELL,SELL,27,13
2026-09-10 09:10:29,0.71626,0.71558,0.70994,0.69703,54.83,24.31,0.00406,0.003927,0.004156,0.72417,0.70774,BUY,BUY,SELL,SELL,47,13
2026-09-10 09:26:22,0.7159,0.71554,0.70993,0.69703,54.15,24.3,0.00406,0.003899,0.00415,0.72415,0.70772,BUY,NEUTRAL,SELL,SELL,30,13
2026-09-10 11:04:26,0.71656,0.7156,0.70996,0.69703,55.42,24.29,0.00406,0.003951,0.00416,0.72419,0.70775,BUY,BUY,SELL,SELL,27,13
2026-09-10 11:20:20,0.71717,0.71566,0.70998,0.69704,56.65,24.29,0.00406,0.004,0.00417,0.72423,0.70777,BUY,BUY,SELL,SELL,27,13
2026-09-10 11:36:13,0.71721,0.71567,0.70998,0.69704,56.74,24.29,0.00406,0.004003,0.004171,0.72424,0.70777,BUY,BUY,SELL,SELL,27,13
2026-09-10 11:52:07,0.71705,0.71565,0.70998,0.69704,56.41,24.29,0.00406,0.00399,0.004168,0.72422,0.70777,BUY,BUY,SELL,SELL,27,13
2026-09-10 12:08:01,0.71648,0.7156,0.70995,0.69703,55.26,24.29,0.00406,0.003945,0.004159,0.72418,0.70775,BUY,BUY,SELL,SELL,27,13
2026-09-10 12:23:54,0.71674,0.71562,0.70996,0.69703,55.78,24.29,0.00406,0.003966,0.004163,0.7242,0.70776,BUY,BUY,SELL,SELL,27,13
2026-09-10 12:39:48,0.71657,0.71561,0.70996,0.69703,55.44,24.29,0.00406,0.003952,0.004161,0.72419,0.70775,BUY,BUY,SELL,SELL,27,13
2026-09-10 12:55:41,0.71668,0.71562,0.70996,0.69703,55.66,24.29,0.00406,0.003961,0.004162,0.7242,0.70775,BUY,BUY,SELL,SELL,27,13
2026-09-10 13:11:35,0.71671,0.71562,0.70996,0.69703,55.72,24.29,0.00406,0.003963,0.004163,0.7242,0.70776,BUY,BUY,SELL,SELL,27,13
2026-09-10 13:27:29,0.71664,0.71561,0.70996,0.69703,55.58,24.29,0.00406,0.003958,0.004162,0.72419,0.70775,BUY,BUY,SELL,SELL,27,13
2026-09-10 13:43:23,0.71655,0.7156,0.70996,0.69703,55.4,24.29,0.00406,0.00395,0.00416,0.72419,0.70775,BUY,BUY,SELL,SELL,27,13
2026-09-10 13:59:17,0.71644,0.71559,0.70995,0.69703,55.18,24.29,0.00406,0.003942,0.004159,0.72418,0.70775,BUY,BUY,SELL,SELL,27,13
2026-09-10 14:15:11,0.7158,0.71553,0.70993,0.69703,53.96,24.29,0.00406,0.003891,0.004148,0.72415,0.70772,BUY,NEUTRAL,SELL,SELL,30,13
2026-09-10 14:31:04,0.71594,0.71555,0.70993,0.69703,54.22,24.29,0.00406,0.003902,0.004151,0.72415,0.70772,BUY,BUY,SELL,SELL,47,13
2026-09-10 14:46:58,0.71598,0.71555,0.70993,0.69703,54.3,24.29,0.00406,0.003905,0.004151,0.72416,0.70773,BUY,BUY,SELL,SELL,47,13
2026-09-10 15:02:51,0.71574,0.71553,0.70992,0.69702,53.85,24.29,0.00406,0.003886,0.004147,0.72414,0.70771,BUY,NEUTRAL,SELL,SELL,30,13
2026-09-10 15:18:45,0.71559,0.71551,0.70992,0.69702,53.57,24.24,0.00408,0.003874,0.004145,0.72414,0.7077,BUY,NEUTRAL,SELL,SELL,30,13
2026-09-10 15:34:39,0.7157,0.71552,0.70992,0.69702,53.77,24.24,0.00408,0.003883,0.004147,0.72414,0.70771,BUY,NEUTRAL,SELL,SELL,30,13
2026-09-10 15:50:33,0.71574,0.71553,0.70992,0.69702,53.85,24.24,0.00408,0.003886,0.004147,0.72414,0.70771,BUY,NEUTRAL,SELL,SELL,30,13
2026-09-10 16:06:27,0.71578,0.71553,0.70993,0.69703,53.92,24.24,0.00408,0.003889,0.004148,0.72415,0.70772,BUY,NEUTRAL,SELL,SELL,30,13
2026-09-10 16:22:21,0.71557,0.71551,0.70992,0.69702,53.53,24.24,0.00408,0.003872,0.004145,0.72414,0.7077,BUY,NEUTRAL,SELL,SELL,30,13
2026-09-10 16:38:14,0.71572,0.71552,0.70992,0.69702,53.81,24.24,0.00408,0.003884,0.004147,0.72414,0.70771,BUY,NEUTRAL,SELL,SELL,30,13
2026-09-11 08:37:24,0.7168,0.71562,0.71018,0.69722,55.52,22.54,0.00398,0.003498,0.004013,0.72375,0.70895,BUY,BUY,SELL,SELL,27,13
2026-09-11 08:53:17,0.71832,0.71577,0.71024,0.69723,57.77,22.54,0.00404,0.003619,0.004038,0.72387,0.70898,BUY,BUY,NEUTRAL,SELL,27,13
2026-09-11 09:09:11,0.71772,0.71571,0.71022,0.69723,56.91,22.54,0.00406,0.003571,0.004028,0.72381,0.70897,BUY,BUY,SELL,SELL,27,13
2026-09-11 13:18:29,0.71734,0.71567,0.7102,0.69722,56.35,22.54,0.00406,0.003541,0.004022,0.72378,0.70897,BUY,BUY,SELL,SELL,27,13
2026-09-11 13:34:23,0.71754,0.71569,0.71021,0.69723,56.65,22.54,0.00406,0.003557,0.004025,0.7238,0.70897,BUY,BUY,SELL,SELL,27,13
2026-09-11 13:50:17,0.71741,0.71568,0.71021,0.69722,56.45,22.54,0.00406,0.003547,0.004023,0.72379,0.70897,BUY,BUY,SELL,SELL,27,13
2026-09-11 15:27:59,0.7174,0.71568,0.71021,0.69722,56.44,22.54,0.00406,0.003546,0.004023,0.72379,0.70897,BUY,BUY,SELL,SELL,27,13
2026-09-11 15:43:53,0.71725,0.71566,0.7102,0.69722,56.21,22.54,0.00406,0.003534,0.004021,0.72378,0.70896,BUY,BUY,SELL,SELL,27,13
2026-09-11 15:59:47,0.71725,0.71566,0.7102,0.69722,56.2,22.54,0.00406,0.003533,0.00402,0.72378,0.70896,BUY,BUY,SELL,SELL,27,13
2026-09-11 16:15:41,0.71705,0.71564,0.71019,0.69722,55.91,22.54,0.00406,0.003518,0.004017,0.72376,0.70896,BUY,BUY,SELL,SELL,27,13
2026-09-11 16:31:35,0.71704,0.71564,0.71019,0.69722,55.89,22.54,0.00406,0.003517,0.004017,0.72376,0.70896,BUY,BUY,SELL,SELL,27,13
2026-09-11 16:47:28,0.71696,0.71564,0.71019,0.69722,55.77,22.54,0.00406,0.003511,0.004016,0.72376,0.70896,BUY,BUY,SELL,SELL,27,13
2026-09-13 18:14:07,0.71614,0.71567,0.71042,0.69741,54.17,20.99,0.00382,0.003122,0.003835,0.7235,0.70979,BUY,BUY,SELL,SELL,47,13
2026-09-13 18:30:00,0.71591,0.71565,0.71041,0.6974,53.71,20.99,0.00384,0.003103,0.003831,0.72349,0.70977,BUY,BUY,SELL,NEUTRAL,47,23
2026-09-13 18:45:54,0.71585,0.71564,0.7104,0.6974,53.58,20.99,0.00384,0.003098,0.00383,0.72349,0.70977,BUY,BUY,SELL,NEUTRAL,47,23
2026-09-13 19:01:48,0.71608,0.71566,0.71041,0.69741,54.05,20.99,0.00385,0.003117,0.003834,0.72349,0.70979,BUY,BUY,SELL,NEUTRAL,47,23
2026-09-13 19:17:41,0.71591,0.71565,0.71041,0.6974,53.71,20.99,0.00385,0.003103,0.003831,0.72349,0.70977,BUY,BUY,SELL,NEUTRAL,47,23
2026-09-13 19:33:35,0.71568,0.71563,0.7104,0.6974,53.26,20.99,0.00385,0.003085,0.003828,0.72348,0.70976,BUY,BUY,SELL,NEUTRAL,47,23
2026-09-13 19:49:29,0.71508,0.71557,0.71037,0.6974,52.13,20.99,0.0039,0.003037,0.003818,0.72347,0.70971,BUY,NEUTRAL,SELL,SELL,26,13
2026-09-13 20:05:23,0.71505,0.71557,0.71037,0.6974,52.07,20.96,0.00391,0.003035,0.003818,0.72347,0.7097,BUY,NEUTRAL,SELL,SELL,26,13
2026-09-13 20:21:16,0.71482,0.71554,0.71036,0.69739,51.65,20.93,0.00391,0.003016,0.003814,0.72347,0.70968,BUY,NEUTRAL,SELL,NEUTRAL,26,23
2026-09-13 20:37:10,0.71443,0.71551,0.71035,0.69739,50.95,21.06,0.00394,0.002985,0.003808,0.72347,0.70964,BUY,NEUTRAL,SELL,NEUTRAL,26,23
2026-09-13 20:53:04,0.71459,0.71552,0.71035,0.69739,51.24,21.11,0.00395,0.002998,0.00381,0.72347,0.70966,BUY,NEUTRAL,SELL,NEUTRAL,26,23
2026-09-13 21:08:57,0.71449,0.71551,0.71035,0.69739,51.06,21.11,0.00395,0.00299,0.003809,0.72347,0.70965,BUY,NEUTRAL,SELL,NEUTRAL,26,23
2026-09-13 21:24:51,0.71456,0.71552,0.71035,0.69739,51.19,21.12,0.00395,0.002995,0.00381,0.72347,0.70965,BUY,NEUTRAL,SELL,NEUTRAL,26,23
2026-09-13 21:40:45,0.71412,0.71548,0.71034,0.69739,50.41,21.17,0.00397,0.00296,0.003803,0.72348,0.7096,BUY,NEUTRAL,SELL,NEUTRAL,26,23
2026-09-13 21:56:39,0.71491,0.71555,0.71037,0.69739,51.82,21.17,0.00397,0.003023,0.003815,0.72347,0.70969,BUY,NEUTRAL,SELL,NEUTRAL,26,23
2026-09-13 22:12:36,0.71483,0.71555,0.71037,0.69739,51.8,21.17,0.00397,0.003023,0.003815,0.72347,0.70969,BUY,NEUTRAL,SELL,NEUTRAL,26,23
2026-09-14 06:20:09,0.71298,0.71537,0.71029,0.69738,48.51,21.64,0.00408,0.002869,0.003785,0.72352,0.70945,BUY,SELL,SELL,BUY,16,40
2026-09-14 19:08:16,0.71389,0.71529,0.71046,0.69755,50.04,21.65,0.00393,0.002461,0.003529,0.72285,0.71073,BUY,BUY,SELL,BUY,33,23
2026-09-14 19:24:10,0.71388,0.71529,0.71046,0.69755,50.02,21.65,0.00393,0.00246,0.003529,0.72285,0.71073,BUY,BUY,SELL,BUY,33,23
2026-09-14 19:40:04,0.71382,0.71528,0.71046,0.69755,49.92,21.65,0.00393,0.002455,0.003528,0.72285,0.71072,BUY,BUY,SELL,BUY,33,23
2026-09-14 19:55:58,0.7137,0.71527,0.71045,0.69754,49.7,21.65,0.00394,0.002445,0.003526,0.72286,0.7107,BUY,BUY,SELL,NEUTRAL,43,23
2026-09-14 20:11:52,0.71353,0.71525,0.71045,0.69754,49.39,21.65,0.00394,0.002432,0.003523,0.72287,0.71068,BUY,BUY,SELL,NEUTRAL,43,23
2026-09-14 21:03:30,0.71352,0.71525,0.71045,0.69754,49.37,21.65,0.00397,0.002431,0.003523,0.72287,0.71068,BUY,BUY,SELL,BUY,33,23
2026-09-14 21:19:24,0.71329,0.71523,0.71044,0.69754,48.97,21.65,0.00397,0.002413,0.003519,0.72288,0.71064,BUY,BUY,SELL,BUY,33,23
2026-09-14 21:35:18,0.71288,0.71519,0.71042,0.69754,48.25,21.65,0.004,0.00238,0.003513,0.72291,0.71057,BUY,NEUTRAL,SELL,BUY,16,23
2026-09-14 22:29:18,0.71293,0.7152,0.71042,0.69754,48.34,21.65,0.004,0.002384,0.003514,0.72291,0.71058,BUY,NEUTRAL,STRONG_SELL,BUY,16,23
2026-09-15 02:49:47,0.71327,0.71523,0.71044,0.69754,48.93,21.65,0.004,0.002411,0.003519,0.72288,0.71064,BUY,BUY,SELL,BUY,33,23
2026-09-15 03:07:57,0.71316,0.71522,0.71043,0.69754,48.74,21.65,0.004,0.002402,0.003517,0.72289,0.71062,BUY,NEUTRAL,SELL,BUY,16,23
2026-09-15 03:14:06,0.71299,0.7152,0.71042,0.69754,48.44,21.65,0.004,0.002389,0.003515,0.7229,0.71059,BUY,NEUTRAL,SELL,BUY,16,23
2026-09-15 08:23:39,0.71257,0.71516,0.71041,0.69753,47.73,21.65,0.00407,0.002355,0.003508,0.72294,0.71051,BUY,NEUTRAL,SELL,BUY,16,23
2026-09-15 13:46:20,0.71291,0.7152,0.71042,0.69754,48.31,21.65,0.00407,0.002382,0.003513,0.72291,0.71057,BUY,NEUTRAL,SELL,BUY,16,23
2026-09-15 17:55:48,0.71292,0.7152,0.71042,0.69754,48.32,21.65,0.00407,0.002383,0.003513,0.72291,0.71058,BUY,NEUTRAL,SELL,BUY,16,23
2026-09-15 20:54:40,0.71309,0.71521,0.71043,0.69754,48.62,21.65,0.00407,0.002397,0.003516,0.7229,0.71061,BUY,NEUTRAL,SELL,BUY,16,23
2026-09-15 23:24:11,0.7128,0.71495,0.71051,0.69769,48.15,21.26,0.00383,0.001908,0.003189,0.72286,0.71067,BUY,NEUTRAL,SELL,BUY,16,23
2026-09-16 01:32:08,0.71256,0.71493,0.7105,0.69768,47.7,21.26,0.00387,0.001889,0.003186,0.72288,0.71062,BUY,NEUTRAL,SELL,BUY,16,23
2026-09-16 06:46:50,0.71276,0.71495,0.71051,0.69769,48.07,21.26,0.00389,0.001904,0.003189,0.72287,0.71066,BUY,NEUTRAL,SELL,BUY,16,23
2026-09-16 12:25:27,0.71294,0.71497,0.71052,0.69769,48.44,21.19,0.00391,0.001915,0.003193,0.72294,0.71062,BUY,NEUTRAL,SELL,BUY,16,23
2026-09-16 17:12:41,0.71281,0.71495,0.71051,0.69769,48.19,21.19,0.00392,0.001905,0.003191,0.72295,0.7106,BUY,NEUTRAL,SELL,BUY,16,23
2026-09-16 20:10:00,0.70901,0.71459,0.71036,0.69765,42.2,22.17,0.00426,0.001601,0.00313,0.72343,0.70974,BUY,SELL,STRONG_SELL,STRONG_BUY,0,20
2026-09-16 22:56:02,0.70865,0.71399,0.71028,0.69776,41.76,22.72,0.00399,0.000932,0.002685,0.72382,0.70908,BUY,SELL,STRONG_SELL,STRONG_BUY,0,20
2026-09-17 01:06:18,0.70888,0.71401,0.71029,0.69776,42.22,22.72,0.00404,0.000951,0.002689,0.72378,0.70914,BUY,SELL,STRONG_SELL,STRONG_BUY,0,20
2026-09-17 06:08:45,0.71084,0.7142,0.71036,0.69778,45.86,22.72,0.00416,0.001107,0.00272,0.72351,0.70961,BUY,NEUTRAL,SELL,BUY,16,23
2026-09-17 11:41:02,0.71073,0.71419,0.71036,0.69778,45.67,22.72,0.00422,0.001098,0.002718,0.72353,0.70958,BUY,NEUTRAL,SELL,STRONG_BUY,6,23
2026-09-17 15:39:46,0.71114,0.71423,0.71038,0.69778,46.38,22.72,0.00426,0.001131,0.002725,0.72348,0.70967,BUY,NEUTRAL,SELL,BUY,16,23
2026-09-17 19:16:49,0.71108,0.71422,0.71037,0.69778,46.27,22.72,0.00426,0.001126,0.002724,0.72349,0.70966,BUY,NEUTRAL,SELL,BUY,16,23
2026-09-17 22:20:26,0.71086,0.71387,0.71038,0.69791,45.92,23.22,0.00399,0.000727,0.00232,0.72365,0.70885,BUY,NEUTRAL,SELL,BUY,16,23
2026-09-18 00:37:12,0.7114,0.71392,0.7104,0.69791,46.91,23.22,0.00403,0.00077,0.002328,0.7236,0.70895,BUY,NEUTRAL,SELL,BUY,16,23
2026-09-18 05:13:40,0.7128,0.71405,0.71045,0.69793,49.32,22.83,0.00416,0.000882,0.00235,0.72351,0.70919,BUY,BUY,NEUTRAL,BUY,33,23
2026-09-18 09:49:49,0.71256,0.71403,0.71045,0.69792,48.92,22.83,0.00416,0.000863,0.002347,0.72352,0.70915,BUY,NEUTRAL,SELL,BUY,16,23
2026-09-18 14:06:21,0.71105,0.71389,0.71039,0.69791,46.27,22.83,0.00416,0.000742,0.002323,0.72363,0.70889,BUY,NEUTRAL,SELL,BUY,16,23
2026-09-18 17:41:02,0.7124,0.71401,0.71044,0.69792,48.65,22.83,0.00419,0.00085,0.002344,0.72353,0.70912,BUY,NEUTRAL,NEUTRAL,BUY,16,23
2026-09-18 19:58:13,0.7126,0.71403,0.71045,0.69792,48.99,22.83,0.00419,0.000866,0.002347,0.72352,0.70916,BUY,NEUTRAL,NEUTRAL,BUY,16,23
2026-09-20 23:08:26,0.71219,0.71378,0.71048,0.69806,48.36,22.93,0.00399,0.000588,0.001984,0.72364,0.70868,BUY,NEUTRAL,NEUTRAL,BUY,16,23
2026-09-21 01:05:03,0.71253,0.71381,0.71049,0.69806,48.98,22.93,0.00402,0.000615,0.001989,0.72362,0.70873,BUY,NEUTRAL,NEUTRAL,BUY,16,23
2026-09-21 06:20:33,0.71228,0.71379,0.71048,0.69806,48.52,22.93,0.00403,0.000595,0.001985,0.72364,0.7087,BUY,NEUTRAL,NEUTRAL,BUY,16,23
2026-09-21 13:08:59,0.7134,0.71391,0.71053,0.69807,50.48,22.77,0.0041,0.000689,0.002007,0.72358,0.70888,BUY,BUY,BUY,BUY,41,23
2026-09-21 18:42:11,0.71195,0.71377,0.71048,0.69806,47.9,22.77,0.0041,0.000574,0.001984,0.72364,0.70867,BUY,NEUTRAL,SELL,BUY,16,23
