timestamp,close,ema20,ema50,ema200,rsi,adx,atr,macd,macd_signal,bb_upper,bb_lower,rec_w,rec_d,rec_4h,dxy_rec,score_b,score_s
2026-08-20 00:54:59,7707.98,7657.88954,7542.66268,7115.89294,57.4,21.38,70.17638,70.597028,68.659468,7934.52281,7304.80419,BUY,BUY,BUY,STRONG_SELL,50,15
2026-08-20 08:04:08,7707.98,7657.88954,7542.66268,7115.89294,57.4,21.38,70.17638,70.597028,68.659468,7934.52281,7304.80419,BUY,BUY,BUY,SELL,50,15
2026-08-20 08:20:03,7707.98,7657.88954,7542.66268,7115.89294,57.4,21.38,70.17638,70.597028,68.659468,7934.52281,7304.80419,BUY,BUY,BUY,SELL,50,15
2026-08-20 08:35:57,7707.98,7657.88954,7542.66268,7115.89294,57.4,21.38,70.17638,70.597028,68.659468,7934.52281,7304.80419,BUY,BUY,BUY,NEUTRAL,50,15
2026-08-20 08:51:52,7707.98,7657.88954,7542.66268,7115.89294,57.4,21.38,70.17638,70.597028,68.659468,7934.52281,7304.80419,BUY,BUY,BUY,NEUTRAL,50,15
2026-08-20 09:07:45,7707.98,7657.88954,7542.66268,7115.89294,57.4,21.38,70.17638,70.597028,68.659468,7934.52281,7304.80419,BUY,BUY,BUY,SELL,50,15
2026-08-20 09:23:40,7707.98,7657.88954,7542.66268,7115.89294,57.4,21.38,70.17638,70.597028,68.659468,7934.52281,7304.80419,BUY,BUY,BUY,NEUTRAL,50,15
2026-08-20 09:39:34,7707.98,7657.88954,7542.66268,7115.89294,57.4,21.38,70.17638,70.597028,68.659468,7934.52281,7304.80419,BUY,BUY,BUY,SELL,50,15
2026-08-20 09:55:28,7694.72,7661.3972,7548.62572,7121.65241,56.05,20.58,67.22593,64.829387,67.893452,7934.82967,7333.13933,BUY,BUY,NEUTRAL,SELL,27,23
2026-08-20 10:11:22,7685.53,7660.52197,7548.26532,7121.56097,55.15,20.58,67.22593,64.096282,67.746831,7934.02558,7333.02442,BUY,BUY,SELL,NEUTRAL,27,23
2026-08-20 10:27:16,7674.98,7659.5172,7547.8516,7121.45599,54.15,20.49,67.61164,63.254687,67.578511,7933.16792,7332.82708,BUY,BUY,SELL,SELL,47,23
2026-08-20 10:43:09,7683.19,7660.29911,7548.17356,7121.53768,54.92,20.47,67.70021,63.909615,67.709497,7933.8293,7332.9867,BUY,BUY,SELL,SELL,47,23
2026-08-20 10:59:03,7687.25,7660.68577,7548.33278,7121.57808,55.31,20.47,67.70021,64.23349,67.774272,7934.17204,7333.04996,BUY,BUY,NEUTRAL,SELL,27,23
2026-08-20 11:14:57,7699.24,7661.82768,7548.80297,7121.69738,56.5,20.47,67.70021,65.189957,67.965566,7935.24456,7333.17644,BUY,BUY,NEUTRAL,SELL,27,23
2026-08-20 11:30:51,7684.45,7660.41911,7548.22297,7121.55022,55.04,20.47,67.70021,64.010128,67.7296,7933.93456,7333.00744,BUY,BUY,NEUTRAL,SELL,27,23
2026-08-20 11:46:46,7676.77,7659.68768,7547.9218,7121.4738,54.31,20.47,67.70021,63.397479,67.60707,7933.3085,7332.8655,BUY,BUY,SELL,NEUTRAL,47,23
2026-08-20 12:02:40,7678.75,7659.87625,7547.99944,7121.4935,54.5,20.45,67.79521,63.555427,67.63866,7933.46636,7332.90564,BUY,BUY,SELL,NEUTRAL,47,23
2026-08-20 12:18:34,7674.85,7659.50482,7547.8465,7121.4547,54.13,20.45,67.79521,63.244316,67.576437,7933.15779,7332.82421,BUY,BUY,SELL,NEUTRAL,47,23
2026-08-20 12:34:28,7676.99,7659.80863,7547.9716,7121.48644,54.43,20.45,67.79521,63.498789,67.627332,7933.40947,7332.89153,BUY,BUY,SELL,NEUTRAL,47,23
2026-08-20 12:50:21,7682.44,7660.22768,7548.14415,7121.53022,54.85,20.45,67.79521,63.849786,67.697531,7933.76713,7332.97387,BUY,BUY,SELL,SELL,47,23
2026-08-20 13:06:16,7679.9,7659.98577,7548.04454,7121.50495,54.61,20.45,67.79521,63.647165,67.657007,7933.55917,7332.92783,BUY,BUY,SELL,SELL,47,23
2026-08-20 13:22:10,7676.21,7659.63435,7547.89983,7121.46823,54.26,20.45,67.79521,63.352806,67.598135,7933.26431,7332.85369,BUY,BUY,SELL,NEUTRAL,47,23
2026-08-20 13:38:05,7666.01,7658.66292,7547.49983,7121.36674,53.32,20.37,68.17093,62.539131,67.4354,7932.49389,7332.60411,BUY,BUY,SELL,NEUTRAL,47,23
2026-08-20 13:53:59,7661.54,7658.2372,7547.32454,7121.32226,52.92,20.3,68.48093,62.18255,67.364084,7932.17697,7332.47403,BUY,BUY,SELL,SELL,47,23
2026-08-20 14:09:53,7664.72,7658.54006,7547.44925,7121.3539,53.21,20.3,68.48093,62.436225,67.414819,7932.40113,7332.56787,BUY,BUY,SELL,NEUTRAL,47,23
2026-08-20 14:25:47,7653.39,7657.46101,7547.00493,7121.24116,52.21,20.16,69.15664,61.532407,67.234056,7931.63167,7332.20433,BUY,BUY,SELL,NEUTRAL,43,23
2026-08-20 14:41:41,7653.23,7657.44577,7546.99866,7121.23957,52.19,20.13,69.31236,61.519644,67.231503,7931.62139,7332.19861,BUY,BUY,SELL,NEUTRAL,43,23
2026-08-20 14:57:35,7652.55,7657.38101,7546.97199,7121.23281,52.14,20.13,69.31236,61.465399,67.220654,7931.57786,7332.17414,BUY,BUY,SELL,NEUTRAL,43,23
2026-08-20 15:13:29,7651.95,7657.32387,7546.94846,7121.22684,52.08,20.13,69.31236,61.417536,67.211081,7931.5397,7332.1523,BUY,BUY,SELL,NEUTRAL,43,23
2026-08-20 17:53:00,7641.16,7656.29625,7546.52532,7121.11947,51.17,19.97,70.09021,60.556795,67.038933,7930.89232,7331.72068,BUY,BUY,SELL,NEUTRAL,43,23
2026-08-20 18:47:39,7641.16,7656.29625,7546.52532,7121.11947,51.17,19.97,70.09021,60.556795,67.038933,7930.89232,7331.72068,BUY,BUY,SELL,NEUTRAL,43,23
2026-08-20 19:03:32,7641.16,7656.29625,7546.52532,7121.11947,51.17,19.97,70.09021,60.556795,67.038933,7930.89232,7331.72068,BUY,BUY,SELL,NEUTRAL,43,23
2026-08-20 19:19:26,7641.16,7656.29625,7546.52532,7121.11947,51.17,19.97,70.09021,60.556795,67.038933,7930.89232,7331.72068,BUY,BUY,SELL,NEUTRAL,43,23
2026-08-20 19:35:20,7641.16,7656.29625,7546.52532,7121.11947,51.17,19.97,70.09021,60.556795,67.038933,7930.89232,7331.72068,BUY,BUY,SELL,NEUTRAL,43,23
2026-08-20 19:51:14,7641.16,7656.29625,7546.52532,7121.11947,51.17,19.97,70.09021,60.556795,67.038933,7930.89232,7331.72068,BUY,BUY,SELL,NEUTRAL,43,23
2026-08-20 20:07:08,7641.16,7656.29625,7546.52532,7121.11947,51.17,19.97,70.09021,60.556795,67.038933,7930.89232,7331.72068,BUY,BUY,SELL,NEUTRAL,43,23
2026-08-20 20:23:01,7641.16,7656.29625,7546.52532,7121.11947,51.17,19.97,70.09021,60.556795,67.038933,7930.89232,7331.72068,BUY,BUY,SELL,NEUTRAL,43,23
2026-08-20 22:03:59,7641.16,7656.29625,7546.52532,7121.11947,51.17,19.97,70.09021,60.556795,67.038933,7930.89232,7331.72068,BUY,BUY,SELL,NEUTRAL,43,23
2026-08-20 22:19:54,7641.16,7656.29625,7546.52532,7121.11947,51.17,19.97,70.09021,60.556795,67.038933,7930.89232,7331.72068,BUY,BUY,SELL,NEUTRAL,43,23
2026-08-20 22:35:48,7641.16,7656.29625,7546.52532,7121.11947,51.17,19.97,70.09021,60.556795,67.038933,7930.89232,7331.72068,BUY,BUY,SELL,NEUTRAL,43,23
2026-08-20 23:19:29,7641.16,7656.29625,7546.52532,7121.11947,51.17,19.97,70.09021,60.556795,67.038933,7930.89232,7331.72068,BUY,BUY,SELL,NEUTRAL,43,23
2026-08-20 23:35:23,7641.16,7656.29625,7546.52532,7121.11947,51.17,19.97,70.09021,60.556795,67.038933,7930.89232,7331.72068,BUY,BUY,SELL,NEUTRAL,43,23
2026-08-20 23:51:17,7641.16,7656.29625,7546.52532,7121.11947,51.17,19.97,70.09021,60.556795,67.038933,7930.89232,7331.72068,BUY,BUY,SELL,NEUTRAL,43,23
2026-08-21 08:07:53,7641.16,7656.29625,7546.52532,7121.11947,51.17,19.97,70.09021,60.556795,67.038933,7930.89232,7331.72068,BUY,BUY,SELL,SELL,43,23
2026-08-21 08:23:47,7641.16,7656.29625,7546.52532,7121.11947,51.17,19.97,70.09021,60.556795,67.038933,7930.89232,7331.72068,BUY,BUY,SELL,SELL,43,23
2026-08-21 08:39:41,7641.16,7656.29625,7546.52532,7121.11947,51.17,19.97,70.09021,60.556795,67.038933,7930.89232,7331.72068,BUY,BUY,SELL,SELL,43,23
2026-08-21 08:55:35,7641.16,7656.29625,7546.52532,7121.11947,51.17,19.97,70.09021,60.556795,67.038933,7930.89232,7331.72068,BUY,BUY,SELL,SELL,43,23
2026-08-21 09:11:29,7641.16,7656.29625,7546.52532,7121.11947,51.17,19.97,70.09021,60.556795,67.038933,7930.89232,7331.72068,BUY,BUY,SELL,SELL,43,23
2026-08-21 10:46:36,7662.14,7656.8528,7551.05923,7126.50276,52.9,18.67,67.72663,53.674028,64.365952,7926.11785,7361.51115,BUY,BUY,NEUTRAL,SELL,47,23
2026-08-21 11:02:30,7668.01,7657.41185,7551.28943,7126.56117,53.36,18.67,67.72663,54.14229,64.459604,7926.49914,7361.71686,BUY,BUY,BUY,SELL,55,23
2026-08-21 11:18:24,7680,7658.56994,7551.76629,7126.68217,54.29,18.67,68.00591,55.112318,64.65361,7927.36262,7362.06938,BUY,BUY,BUY,SELL,55,23
2026-08-21 11:34:18,7677.02,7658.26994,7551.64276,7126.65082,54.05,18.67,68.00591,54.861036,64.603354,7927.12942,7361.98758,BUY,BUY,BUY,SELL,55,23
2026-08-21 11:50:13,7689,7659.41089,7552.11257,7126.77003,54.94,18.67,68.50591,55.816706,64.794488,7928.05174,7362.26326,BUY,BUY,BUY,SELL,55,23
2026-08-21 12:06:07,7693.86,7659.87375,7552.30316,7126.81838,55.29,18.67,69.0802,56.204398,64.872026,7928.45326,7362.34774,BUY,BUY,BUY,SELL,35,23
2026-08-21 12:22:01,7683.66,7658.90232,7551.90316,7126.71689,54.55,18.67,69.0802,55.390723,64.709291,7927.62875,7362.15225,BUY,BUY,BUY,SELL,55,23
2026-08-21 12:37:55,7681.88,7658.7328,7551.83335,7126.69918,54.42,18.67,69.0802,55.248729,64.680892,7927.492,7362.111,BUY,BUY,BUY,SELL,55,23
2026-08-21 12:53:49,7682.7,7658.81089,7551.86551,7126.70734,54.48,18.67,69.0802,55.314142,64.693975,7927.55473,7362.13027,BUY,BUY,BUY,SELL,55,23
2026-08-21 13:09:43,7682.63,7658.80423,7551.86276,7126.70664,54.47,18.67,69.0802,55.308558,64.692858,7927.54936,7362.12864,BUY,BUY,BUY,SELL,55,23
2026-08-21 13:25:37,7680.28,7658.58042,7551.77061,7126.68326,54.3,18.67,69.0802,55.121093,64.655365,7927.37088,7362.07212,BUY,BUY,BUY,SELL,55,23
2026-08-21 13:41:31,7676.82,7658.25089,7551.63492,7126.64883,54.04,18.67,69.0802,54.845082,64.600163,7927.11484,7361.98216,BUY,BUY,NEUTRAL,SELL,47,23
2026-08-21 13:57:25,7675.8,7658.15375,7551.59492,7126.63868,53.96,18.67,69.0802,54.763714,64.583889,7927.04089,7361.95411,BUY,BUY,NEUTRAL,SELL,47,23
2026-08-21 14:13:20,7675.55,7658.12994,7551.58512,7126.6362,53.94,18.67,69.0802,54.743771,64.579901,7927.02287,7361.94713,BUY,BUY,NEUTRAL,SELL,47,23
2026-08-21 14:29:14,7672.6,7657.84899,7551.46943,7126.60684,53.72,18.67,69.0802,54.508444,64.532835,7926.81342,7361.86158,BUY,BUY,NEUTRAL,SELL,47,23
2026-08-21 14:45:09,7670.17,7657.61756,7551.37414,7126.58266,53.53,18.67,69.0802,54.314598,64.494066,7926.64527,7361.78673,BUY,BUY,NEUTRAL,SELL,47,23
2026-08-21 15:01:51,7676.21,7658.1928,7551.611,7126.64276,53.99,18.67,69.0802,54.796421,64.590431,7927.07053,7361.96547,BUY,BUY,NEUTRAL,SELL,47,23
2026-08-21 15:55:05,7682.72,7658.8128,7551.86629,7126.70754,54.48,18.67,69.0802,55.315737,64.694294,7927.55627,7362.13073,BUY,BUY,NEUTRAL,SELL,47,23
2026-08-21 16:10:59,7674.3,7658.01089,7551.5361,7126.62376,53.85,18.67,69.0802,54.644056,64.559958,7926.93341,7361.91159,BUY,BUY,NEUTRAL,SELL,47,23
2026-08-21 16:17:47,7674.37,7658.01756,7551.53884,7126.62445,53.85,18.67,69.0802,54.64964,64.561075,7926.93839,7361.91361,BUY,BUY,NEUTRAL,SELL,47,23
2026-08-23 17:13:42,7674.37,7658.01756,7551.53884,7126.62445,53.85,18.67,69.0802,54.64964,64.561075,7926.93839,7361.91361,BUY,BUY,NEUTRAL,SELL,47,23
2026-08-23 17:29:36,7674.37,7658.01756,7551.53884,7126.62445,53.85,18.67,69.0802,54.64964,64.561075,7926.93839,7361.91361,BUY,BUY,NEUTRAL,SELL,47,23
2026-08-23 17:45:30,7674.37,7658.01756,7551.53884,7126.62445,53.85,18.67,69.0802,54.64964,64.561075,7926.93839,7361.91361,BUY,BUY,NEUTRAL,SELL,47,23
2026-08-23 18:01:25,7674.37,7658.01756,7551.53884,7126.62445,53.85,18.67,69.0802,54.64964,64.561075,7926.93839,7361.91361,BUY,BUY,NEUTRAL,SELL,47,23
2026-08-23 18:17:19,7674.37,7658.01756,7551.53884,7126.62445,53.85,18.67,69.0802,54.64964,64.561075,7926.93839,7361.91361,BUY,BUY,NEUTRAL,SELL,47,23
2026-08-23 18:33:13,7674.37,7658.01756,7551.53884,7126.62445,53.85,18.67,69.0802,54.64964,64.561075,7926.93839,7361.91361,BUY,BUY,NEUTRAL,SELL,47,23
2026-08-23 18:49:07,7674.37,7658.01756,7551.53884,7126.62445,53.85,18.67,69.0802,54.64964,64.561075,7926.93839,7361.91361,BUY,BUY,NEUTRAL,SELL,47,23
2026-08-23 19:05:02,7674.37,7658.01756,7551.53884,7126.62445,53.85,18.67,69.0802,54.64964,64.561075,7926.93839,7361.91361,BUY,BUY,NEUTRAL,SELL,47,23
2026-08-23 19:20:56,7674.37,7658.01756,7551.53884,7126.62445,53.85,18.67,69.0802,54.64964,64.561075,7926.93839,7361.91361,BUY,BUY,NEUTRAL,SELL,47,23
2026-08-23 19:36:50,7674.37,7658.01756,7551.53884,7126.62445,53.85,18.67,69.0802,54.64964,64.561075,7926.93839,7361.91361,BUY,BUY,NEUTRAL,SELL,47,23
2026-08-23 19:43:45,7674.37,7658.01756,7551.53884,7126.62445,53.85,18.67,69.0802,54.64964,64.561075,7926.93839,7361.91361,BUY,BUY,NEUTRAL,SELL,47,23
2026-08-23 19:59:39,7674.37,7658.01756,7551.53884,7126.62445,53.85,18.67,69.0802,54.64964,64.561075,7926.93839,7361.91361,BUY,BUY,NEUTRAL,SELL,47,23
2026-08-23 20:02:21,7674.37,7658.01756,7551.53884,7126.62445,53.85,18.67,69.0802,54.64964,64.561075,7926.93839,7361.91361,BUY,BUY,NEUTRAL,SELL,47,23
2026-08-23 20:18:15,7674.37,7658.01756,7551.53884,7126.62445,53.85,18.67,69.0802,54.64964,64.561075,7926.93839,7361.91361,BUY,BUY,NEUTRAL,SELL,47,23
2026-08-23 20:34:10,7674.37,7658.01756,7551.53884,7126.62445,53.85,18.67,69.0802,54.64964,64.561075,7926.93839,7361.91361,BUY,BUY,NEUTRAL,SELL,47,23
2026-08-23 20:50:04,7674.37,7658.01756,7551.53884,7126.62445,53.85,18.67,69.0802,54.64964,64.561075,7926.93839,7361.91361,BUY,BUY,NEUTRAL,SELL,47,23
2026-08-23 21:01:15,7674.37,7658.01756,7551.53884,7126.62445,53.85,18.67,69.0802,54.64964,64.561075,7926.93839,7361.91361,BUY,BUY,NEUTRAL,SELL,47,23
2026-08-23 21:52:28,7674.37,7658.01756,7551.53884,7126.62445,53.85,18.67,69.0802,54.64964,64.561075,7926.93839,7361.91361,BUY,BUY,NEUTRAL,SELL,47,23
2026-08-23 22:08:21,7674.37,7658.01756,7551.53884,7126.62445,53.85,18.67,69.0802,54.64964,64.561075,7926.93839,7361.91361,BUY,BUY,NEUTRAL,SELL,47,23
2026-08-23 22:24:15,7674.37,7658.01756,7551.53884,7126.62445,53.85,18.67,69.0802,54.64964,64.561075,7926.93839,7361.91361,BUY,BUY,NEUTRAL,SELL,47,23
2026-08-24 06:17:54,7674.37,7658.01756,7551.53884,7126.62445,53.85,18.67,69.0802,54.64964,64.561075,7926.93839,7361.91361,BUY,BUY,NEUTRAL,NEUTRAL,47,23
2026-08-24 06:33:48,7674.37,7658.01756,7551.53884,7126.62445,53.85,18.67,69.0802,54.64964,64.561075,7926.93839,7361.91361,BUY,BUY,NEUTRAL,NEUTRAL,47,23
2026-08-24 06:38:46,7674.37,7658.01756,7551.53884,7126.62445,53.85,18.67,69.0802,54.64964,64.561075,7926.93839,7361.91361,BUY,BUY,NEUTRAL,NEUTRAL,47,23
2026-08-24 18:27:49,7652.86,7657.52636,7555.51222,7131.86063,51.87,17.55,66.73161,47.682842,61.185428,7918.24596,7394.57404,BUY,BUY,NEUTRAL,NEUTRAL,43,23
2026-08-24 18:39:21,7652.86,7657.52636,7555.51222,7131.86063,51.87,17.55,66.73161,47.682842,61.185428,7918.24596,7394.57404,BUY,BUY,NEUTRAL,NEUTRAL,43,23
2026-08-24 18:55:15,7652.86,7657.52636,7555.51222,7131.86063,51.87,17.55,66.73161,47.682842,61.185428,7918.24596,7394.57404,BUY,BUY,NEUTRAL,NEUTRAL,43,23
2026-08-24 19:11:09,7652.86,7657.52636,7555.51222,7131.86063,51.87,17.55,66.73161,47.682842,61.185428,7918.24596,7394.57404,BUY,BUY,NEUTRAL,NEUTRAL,43,23
2026-08-24 19:27:03,7652.86,7657.52636,7555.51222,7131.86063,51.87,17.55,66.73161,47.682842,61.185428,7918.24596,7394.57404,BUY,BUY,NEUTRAL,NEUTRAL,43,23
2026-08-24 19:42:56,7652.86,7657.52636,7555.51222,7131.86063,51.87,17.55,66.73161,47.682842,61.185428,7918.24596,7394.57404,BUY,BUY,NEUTRAL,NEUTRAL,43,23
2026-08-24 19:58:50,7652.86,7657.52636,7555.51222,7131.86063,51.87,17.55,66.73161,47.682842,61.185428,7918.24596,7394.57404,BUY,BUY,NEUTRAL,NEUTRAL,43,23
2026-08-24 20:14:44,7652.86,7657.52636,7555.51222,7131.86063,51.87,17.55,66.73161,47.682842,61.185428,7918.24596,7394.57404,BUY,BUY,NEUTRAL,NEUTRAL,43,23
2026-08-24 20:30:38,7652.86,7657.52636,7555.51222,7131.86063,51.87,17.55,66.73161,47.682842,61.185428,7918.24596,7394.57404,BUY,BUY,NEUTRAL,NEUTRAL,43,23
2026-08-24 20:46:32,7652.86,7657.52636,7555.51222,7131.86063,51.87,17.55,66.73161,47.682842,61.185428,7918.24596,7394.57404,BUY,BUY,NEUTRAL,NEUTRAL,43,23
2026-08-24 21:01:28,7652.86,7657.52636,7555.51222,7131.86063,51.87,17.55,66.73161,47.682842,61.185428,7918.24596,7394.57404,BUY,BUY,NEUTRAL,NEUTRAL,43,23
2026-08-24 21:17:23,7652.86,7657.52636,7555.51222,7131.86063,51.87,17.55,66.73161,47.682842,61.185428,7918.24596,7394.57404,BUY,BUY,NEUTRAL,NEUTRAL,43,23
2026-08-24 21:33:17,7652.86,7657.52636,7555.51222,7131.86063,51.87,17.55,66.73161,47.682842,61.185428,7918.24596,7394.57404,BUY,BUY,NEUTRAL,NEUTRAL,43,23
2026-08-24 21:49:12,7652.86,7657.52636,7555.51222,7131.86063,51.87,17.55,66.73161,47.682842,61.185428,7918.24596,7394.57404,BUY,BUY,NEUTRAL,NEUTRAL,43,23
2026-08-24 22:05:06,7652.86,7657.52636,7555.51222,7131.86063,51.87,17.55,66.73161,47.682842,61.185428,7918.24596,7394.57404,BUY,BUY,NEUTRAL,NEUTRAL,43,23
2026-08-25 06:21:13,7652.86,7657.52636,7555.51222,7131.86063,51.87,17.55,66.73161,47.682842,61.185428,7918.24596,7394.57404,BUY,BUY,NEUTRAL,NEUTRAL,43,23
2026-08-25 06:37:07,7652.86,7657.52636,7555.51222,7131.86063,51.87,17.55,66.73161,47.682842,61.185428,7918.24596,7394.57404,BUY,BUY,NEUTRAL,NEUTRAL,43,23
2026-08-25 18:24:06,7677.28,7659.40766,7560.28743,7137.28769,53.94,16.34,64.47864,43.629165,57.674175,7908.96949,7428.70051,BUY,BUY,BUY,SELL,55,23
2026-08-25 18:40:00,7677.28,7659.40766,7560.28743,7137.28769,53.94,16.34,64.47864,43.629165,57.674175,7908.96949,7428.70051,BUY,BUY,BUY,SELL,55,23
2026-08-25 18:55:53,7677.28,7659.40766,7560.28743,7137.28769,53.94,16.34,64.47864,43.629165,57.674175,7908.96949,7428.70051,BUY,BUY,BUY,SELL,55,23
2026-08-25 19:11:48,7677.28,7659.40766,7560.28743,7137.28769,53.94,16.34,64.47864,43.629165,57.674175,7908.96949,7428.70051,BUY,BUY,BUY,SELL,55,23
2026-08-25 19:27:42,7677.28,7659.40766,7560.28743,7137.28769,53.94,16.34,64.47864,43.629165,57.674175,7908.96949,7428.70051,BUY,BUY,BUY,SELL,55,23
2026-08-25 19:43:36,7677.28,7659.40766,7560.28743,7137.28769,53.94,16.34,64.47864,43.629165,57.674175,7908.96949,7428.70051,BUY,BUY,BUY,SELL,55,23
2026-08-25 19:59:30,7677.28,7659.40766,7560.28743,7137.28769,53.94,16.34,64.47864,43.629165,57.674175,7908.96949,7428.70051,BUY,BUY,BUY,SELL,55,23
2026-08-25 20:15:24,7677.28,7659.40766,7560.28743,7137.28769,53.94,16.34,64.47864,43.629165,57.674175,7908.96949,7428.70051,BUY,BUY,BUY,SELL,55,23
2026-08-25 20:31:18,7677.28,7659.40766,7560.28743,7137.28769,53.94,16.34,64.47864,43.629165,57.674175,7908.96949,7428.70051,BUY,BUY,BUY,SELL,55,23
2026-08-25 20:47:15,7677.28,7659.40766,7560.28743,7137.28769,53.94,16.34,64.47864,43.629165,57.674175,7908.96949,7428.70051,BUY,BUY,BUY,SELL,55,23
2026-08-25 21:03:12,7677.28,7659.40766,7560.28743,7137.28769,53.94,16.34,64.47864,43.629165,57.674175,7908.96949,7428.70051,BUY,BUY,BUY,SELL,55,23
2026-08-25 21:19:08,7677.28,7659.40766,7560.28743,7137.28769,53.94,16.34,64.47864,43.629165,57.674175,7908.96949,7428.70051,BUY,BUY,BUY,SELL,55,23
2026-08-25 21:35:05,7677.28,7659.40766,7560.28743,7137.28769,53.94,16.34,64.47864,43.629165,57.674175,7908.96949,7428.70051,BUY,BUY,BUY,SELL,55,23
2026-08-25 21:51:01,7677.28,7659.40766,7560.28743,7137.28769,53.94,16.34,64.47864,43.629165,57.674175,7908.96949,7428.70051,BUY,BUY,BUY,SELL,55,23
2026-08-25 22:06:56,7677.28,7659.40766,7560.28743,7137.28769,53.94,16.34,64.47864,43.629165,57.674175,7908.96949,7428.70051,BUY,BUY,BUY,SELL,55,23
2026-08-25 22:22:50,7677.28,7659.40766,7560.28743,7137.28769,53.94,16.34,64.47864,43.629165,57.674175,7908.96949,7428.70051,BUY,BUY,BUY,SELL,55,23
2026-08-25 22:32:43,7677.28,7659.40766,7560.28743,7137.28769,53.94,16.34,64.47864,43.629165,57.674175,7908.96949,7428.70051,BUY,BUY,BUY,SELL,55,23
2026-08-25 22:48:37,7677.28,7659.40766,7560.28743,7137.28769,53.94,16.34,64.47864,43.629165,57.674175,7908.96949,7428.70051,BUY,BUY,BUY,SELL,55,23
2026-08-25 23:04:31,7677.28,7659.40766,7560.28743,7137.28769,53.94,16.34,64.47864,43.629165,57.674175,7908.96949,7428.70051,BUY,BUY,BUY,SELL,55,23
2026-08-25 23:20:24,7677.28,7659.40766,7560.28743,7137.28769,53.94,16.34,64.47864,43.629165,57.674175,7908.96949,7428.70051,BUY,BUY,BUY,SELL,55,23
2026-08-25 23:36:18,7677.28,7659.40766,7560.28743,7137.28769,53.94,16.34,64.47864,43.629165,57.674175,7908.96949,7428.70051,BUY,BUY,BUY,SELL,55,23
2026-08-25 23:52:12,7677.28,7659.40766,7560.28743,7137.28769,53.94,16.34,64.47864,43.629165,57.674175,7908.96949,7428.70051,BUY,BUY,BUY,SELL,55,23
2026-08-26 18:13:55,7675.7,7660.95931,7564.81341,7142.64502,53.78,15.29,62.25302,39.829968,54.105334,7864.30587,7509.31913,BUY,BUY,NEUTRAL,SELL,47,23
2026-08-26 18:29:49,7675.7,7660.95931,7564.81341,7142.64502,53.78,15.29,62.25302,39.829968,54.105334,7864.30587,7509.31913,BUY,BUY,NEUTRAL,SELL,47,23
2026-08-26 18:45:43,7675.7,7660.95931,7564.81341,7142.64502,53.78,15.29,62.25302,39.829968,54.105334,7864.30587,7509.31913,BUY,BUY,NEUTRAL,SELL,47,23
2026-08-26 19:01:36,7675.7,7660.95931,7564.81341,7142.64502,53.78,15.29,62.25302,39.829968,54.105334,7864.30587,7509.31913,BUY,BUY,NEUTRAL,SELL,47,23
2026-08-26 19:17:30,7675.7,7660.95931,7564.81341,7142.64502,53.78,15.29,62.25302,39.829968,54.105334,7864.30587,7509.31913,BUY,BUY,NEUTRAL,SELL,47,23
2026-08-26 19:33:24,7675.7,7660.95931,7564.81341,7142.64502,53.78,15.29,62.25302,39.829968,54.105334,7864.30587,7509.31913,BUY,BUY,NEUTRAL,SELL,47,23
2026-08-26 19:49:18,7675.7,7660.95931,7564.81341,7142.64502,53.78,15.29,62.25302,39.829968,54.105334,7864.30587,7509.31913,BUY,BUY,NEUTRAL,SELL,47,23
2026-08-26 20:05:12,7675.7,7660.95931,7564.81341,7142.64502,53.78,15.29,62.25302,39.829968,54.105334,7864.30587,7509.31913,BUY,BUY,NEUTRAL,SELL,47,23
2026-08-26 20:21:06,7675.7,7660.95931,7564.81341,7142.64502,53.78,15.29,62.25302,39.829968,54.105334,7864.30587,7509.31913,BUY,BUY,NEUTRAL,SELL,47,23
2026-08-26 20:37:01,7675.7,7660.95931,7564.81341,7142.64502,53.78,15.29,62.25302,39.829968,54.105334,7864.30587,7509.31913,BUY,BUY,NEUTRAL,SELL,47,23
2026-08-26 20:52:55,7675.7,7660.95931,7564.81341,7142.64502,53.78,15.29,62.25302,39.829968,54.105334,7864.30587,7509.31913,BUY,BUY,NEUTRAL,SELL,47,23
2026-08-26 21:08:49,7675.7,7660.95931,7564.81341,7142.64502,53.78,15.29,62.25302,39.829968,54.105334,7864.30587,7509.31913,BUY,BUY,NEUTRAL,SELL,47,23
2026-08-26 21:24:43,7675.7,7660.95931,7564.81341,7142.64502,53.78,15.29,62.25302,39.829968,54.105334,7864.30587,7509.31913,BUY,BUY,NEUTRAL,SELL,47,23
2026-08-26 21:40:37,7675.7,7660.95931,7564.81341,7142.64502,53.78,15.29,62.25302,39.829968,54.105334,7864.30587,7509.31913,BUY,BUY,NEUTRAL,SELL,47,23
2026-08-26 21:56:31,7675.7,7660.95931,7564.81341,7142.64502,53.78,15.29,62.25302,39.829968,54.105334,7864.30587,7509.31913,BUY,BUY,NEUTRAL,SELL,47,23
2026-08-26 22:55:13,7675.7,7660.95931,7564.81341,7142.64502,53.78,15.29,62.25302,39.829968,54.105334,7864.30587,7509.31913,BUY,BUY,NEUTRAL,SELL,47,23
2026-08-27 20:53:06,7730.99,7667.6289,7571.33014,7148.4992,58.47,15.11,62.48995,40.810085,51.446284,7837.91818,7565.04282,BUY,STRONG_BUY,BUY,STRONG_SELL,35,23
2026-08-27 21:09:00,7730.99,7667.6289,7571.33014,7148.4992,58.47,15.11,62.48995,40.810085,51.446284,7837.91818,7565.04282,BUY,STRONG_BUY,BUY,STRONG_SELL,35,23
2026-08-27 21:24:53,7730.99,7667.6289,7571.33014,7148.4992,58.47,15.11,62.48995,40.810085,51.446284,7837.91818,7565.04282,BUY,STRONG_BUY,BUY,STRONG_SELL,35,23
2026-08-27 21:40:47,7730.99,7667.6289,7571.33014,7148.4992,58.47,15.11,62.48995,40.810085,51.446284,7837.91818,7565.04282,BUY,STRONG_BUY,BUY,STRONG_SELL,35,23
2026-08-27 21:56:42,7730.99,7667.6289,7571.33014,7148.4992,58.47,15.11,62.48995,40.810085,51.446284,7837.91818,7565.04282,BUY,STRONG_BUY,BUY,STRONG_SELL,35,23
2026-08-27 22:12:38,7730.99,7667.6289,7571.33014,7148.4992,58.47,15.11,62.48995,40.810085,51.446284,7837.91818,7565.04282,BUY,STRONG_BUY,BUY,STRONG_SELL,35,23
2026-08-27 22:28:32,7730.99,7667.6289,7571.33014,7148.4992,58.47,15.11,62.48995,40.810085,51.446284,7837.91818,7565.04282,BUY,STRONG_BUY,BUY,STRONG_SELL,35,23
2026-08-27 22:44:26,7730.99,7667.6289,7571.33014,7148.4992,58.47,15.11,62.48995,40.810085,51.446284,7837.91818,7565.04282,BUY,STRONG_BUY,BUY,STRONG_SELL,35,23
2026-08-27 23:00:22,7730.99,7667.6289,7571.33014,7148.4992,58.47,15.11,62.48995,40.810085,51.446284,7837.91818,7565.04282,BUY,STRONG_BUY,BUY,STRONG_SELL,35,23
2026-08-27 23:16:17,7730.99,7667.6289,7571.33014,7148.4992,58.47,15.11,62.48995,40.810085,51.446284,7837.91818,7565.04282,BUY,STRONG_BUY,BUY,STRONG_SELL,35,23
2026-08-27 23:32:12,7730.99,7667.6289,7571.33014,7148.4992,58.47,15.11,62.48995,40.810085,51.446284,7837.91818,7565.04282,BUY,STRONG_BUY,BUY,STRONG_SELL,35,23
2026-08-27 23:48:08,7730.99,7667.6289,7571.33014,7148.4992,58.47,15.11,62.48995,40.810085,51.446284,7837.91818,7565.04282,BUY,STRONG_BUY,BUY,STRONG_SELL,35,23
2026-08-28 00:04:03,7730.99,7667.6289,7571.33014,7148.4992,58.47,15.11,62.48995,40.810085,51.446284,7837.91818,7565.04282,BUY,STRONG_BUY,BUY,STRONG_SELL,35,23
2026-08-28 00:19:59,7730.99,7667.6289,7571.33014,7148.4992,58.47,15.11,62.48995,40.810085,51.446284,7837.91818,7565.04282,BUY,STRONG_BUY,BUY,STRONG_SELL,35,23
2026-08-28 06:49:21,7730.99,7667.6289,7571.33014,7148.4992,58.47,15.11,62.48995,40.810085,51.446284,7837.91818,7565.04282,BUY,STRONG_BUY,BUY,SELL,35,23
2026-08-30 17:10:50,7711.76,7671.83186,7576.83719,7154.10379,56.33,15.37,63.0671,39.578894,49.072806,7808.36797,7616.79703,BUY,BUY,BUY,SELL,35,23
2026-08-30 17:26:45,7711.76,7671.83186,7576.83719,7154.10379,56.33,15.37,63.0671,39.578894,49.072806,7808.36797,7616.79703,BUY,BUY,BUY,SELL,35,23
2026-08-30 17:42:39,7711.76,7671.83186,7576.83719,7154.10379,56.33,15.37,63.0671,39.578894,49.072806,7808.36797,7616.79703,BUY,BUY,BUY,SELL,35,23
2026-08-30 17:58:33,7711.76,7671.83186,7576.83719,7154.10379,56.33,15.37,63.0671,39.578894,49.072806,7808.36797,7616.79703,BUY,BUY,BUY,SELL,35,23
2026-08-30 18:05:16,7711.76,7671.83186,7576.83719,7154.10379,56.33,15.37,63.0671,39.578894,49.072806,7808.36797,7616.79703,BUY,BUY,BUY,SELL,35,23
2026-08-30 18:21:10,7711.76,7671.83186,7576.83719,7154.10379,56.33,15.37,63.0671,39.578894,49.072806,7808.36797,7616.79703,BUY,BUY,BUY,SELL,35,23
2026-08-30 18:37:04,7711.76,7671.83186,7576.83719,7154.10379,56.33,15.37,63.0671,39.578894,49.072806,7808.36797,7616.79703,BUY,BUY,BUY,SELL,35,23
2026-08-30 18:52:58,7711.76,7671.83186,7576.83719,7154.10379,56.33,15.37,63.0671,39.578894,49.072806,7808.36797,7616.79703,BUY,BUY,BUY,SELL,35,23
2026-08-30 19:08:52,7711.76,7671.83186,7576.83719,7154.10379,56.33,15.37,63.0671,39.578894,49.072806,7808.36797,7616.79703,BUY,BUY,BUY,SELL,35,23
2026-08-30 20:49:51,7711.76,7671.83186,7576.83719,7154.10379,56.33,15.37,63.0671,39.578894,49.072806,7808.36797,7616.79703,BUY,BUY,BUY,SELL,35,23
2026-08-30 21:05:46,7711.76,7671.83186,7576.83719,7154.10379,56.33,15.37,63.0671,39.578894,49.072806,7808.36797,7616.79703,BUY,BUY,BUY,SELL,35,23
2026-08-30 21:21:42,7711.76,7671.83186,7576.83719,7154.10379,56.33,15.37,63.0671,39.578894,49.072806,7808.36797,7616.79703,BUY,BUY,BUY,SELL,35,23
2026-08-30 21:37:37,7711.76,7671.83186,7576.83719,7154.10379,56.33,15.37,63.0671,39.578894,49.072806,7808.36797,7616.79703,BUY,BUY,BUY,SELL,35,23
2026-08-30 21:53:31,7711.76,7671.83186,7576.83719,7154.10379,56.33,15.37,63.0671,39.578894,49.072806,7808.36797,7616.79703,BUY,BUY,BUY,SELL,35,23
2026-08-30 22:09:25,7711.76,7671.83186,7576.83719,7154.10379,56.33,15.37,63.0671,39.578894,49.072806,7808.36797,7616.79703,BUY,BUY,BUY,SELL,35,23
2026-08-30 22:25:19,7711.76,7671.83186,7576.83719,7154.10379,56.33,15.37,63.0671,39.578894,49.072806,7808.36797,7616.79703,BUY,BUY,BUY,SELL,35,23
2026-08-30 22:41:15,7711.76,7671.83186,7576.83719,7154.10379,56.33,15.37,63.0671,39.578894,49.072806,7808.36797,7616.79703,BUY,BUY,BUY,SELL,35,23
2026-08-30 22:57:09,7711.76,7671.83186,7576.83719,7154.10379,56.33,15.37,63.0671,39.578894,49.072806,7808.36797,7616.79703,BUY,BUY,BUY,SELL,35,23
2026-08-30 23:13:05,7711.76,7671.83186,7576.83719,7154.10379,56.33,15.37,63.0671,39.578894,49.072806,7808.36797,7616.79703,BUY,BUY,BUY,SELL,35,23
2026-08-30 23:28:59,7711.76,7671.83186,7576.83719,7154.10379,56.33,15.37,63.0671,39.578894,49.072806,7808.36797,7616.79703,BUY,BUY,BUY,SELL,35,23
2026-08-30 23:44:52,7711.76,7671.83186,7576.83719,7154.10379,56.33,15.37,63.0671,39.578894,49.072806,7808.36797,7616.79703,BUY,BUY,BUY,SELL,35,23
2026-08-31 00:00:47,7711.76,7671.83186,7576.83719,7154.10379,56.33,15.37,63.0671,39.578894,49.072806,7808.36797,7616.79703,BUY,BUY,BUY,SELL,35,23
2026-08-31 00:06:49,7711.76,7671.83186,7576.83719,7154.10379,56.33,15.37,63.0671,39.578894,49.072806,7808.36797,7616.79703,BUY,BUY,BUY,SELL,35,23
2026-08-31 07:56:06,7711.76,7671.83186,7576.83719,7154.10379,56.33,15.37,63.0671,39.578894,49.072806,7808.36797,7616.79703,BUY,BUY,BUY,SELL,35,23
2026-08-31 08:12:00,7711.76,7671.83186,7576.83719,7154.10379,56.33,15.37,63.0671,39.578894,49.072806,7808.36797,7616.79703,BUY,BUY,BUY,SELL,35,23
2026-08-31 08:27:55,7711.76,7671.83186,7576.83719,7154.10379,56.33,15.37,63.0671,39.578894,49.072806,7808.36797,7616.79703,BUY,BUY,BUY,SELL,35,23
2026-08-31 08:43:48,7711.76,7671.83186,7576.83719,7154.10379,56.33,15.37,63.0671,39.578894,49.072806,7808.36797,7616.79703,BUY,BUY,BUY,NEUTRAL,35,23
2026-08-31 08:59:42,7711.76,7671.83186,7576.83719,7154.10379,56.33,15.37,63.0671,39.578894,49.072806,7808.36797,7616.79703,BUY,BUY,BUY,NEUTRAL,35,23
2026-08-31 09:15:36,7711.76,7671.83186,7576.83719,7154.10379,56.33,15.37,63.0671,39.578894,49.072806,7808.36797,7616.79703,BUY,BUY,BUY,SELL,35,23
2026-08-31 09:31:30,7711.76,7671.83186,7576.83719,7154.10379,56.33,15.37,63.0671,39.578894,49.072806,7808.36797,7616.79703,BUY,BUY,BUY,SELL,35,23
2026-08-31 09:47:25,7680.19,7672.62788,7580.89024,7159.33848,52.9,15.12,61.14873,35.64484,46.387213,7799.0819,7634.0521,BUY,BUY,SELL,NEUTRAL,47,23
2026-08-31 10:03:18,7677.07,7672.33073,7580.76789,7159.30743,52.59,15.08,61.30659,35.395951,46.337435,7799.2117,7633.6103,BUY,BUY,SELL,SELL,47,23
2026-08-31 10:19:12,7673.89,7672.02788,7580.64319,7159.27579,52.27,15.07,61.37159,35.142275,46.2867,7799.36589,7633.13811,BUY,BUY,SELL,SELL,47,23
2026-08-31 10:35:06,7667.14,7671.38502,7580.37848,7159.20863,51.61,14.97,61.74945,34.603814,46.179008,7799.76528,7632.06372,BUY,NEUTRAL,SELL,SELL,26,23
2026-08-31 10:51:00,7675.09,7672.14216,7580.69024,7159.28773,52.39,14.94,61.89802,35.238002,46.305845,7799.30513,7633.31887,BUY,BUY,SELL,SELL,47,23
2026-08-31 11:06:55,7678.81,7672.49645,7580.83613,7159.32474,52.76,14.94,61.89802,35.534754,46.365196,7799.13667,7633.85933,BUY,BUY,SELL,SELL,47,23
2026-08-31 11:22:49,7675.83,7672.21264,7580.71926,7159.29509,52.46,14.94,61.89802,35.297033,46.317652,7799.26921,7633.42879,BUY,BUY,SELL,SELL,47,23
2026-08-31 11:38:43,7679.17,7672.53073,7580.85024,7159.32833,52.8,14.94,61.89802,35.563472,46.370939,7799.12198,7633.91002,BUY,BUY,SELL,SELL,47,23
2026-08-31 11:54:37,7674.28,7672.06502,7580.65848,7159.27967,52.31,14.94,61.89802,35.173387,46.292922,7799.3458,7633.1972,BUY,BUY,SELL,SELL,47,23
2026-08-31 12:10:31,7670.92,7671.74502,7580.52671,7159.24624,51.98,14.94,61.89802,34.905352,46.239316,7799.52964,7632.67736,BUY,NEUTRAL,SELL,SELL,26,23
2026-08-31 12:26:25,7674.05,7672.04312,7580.64946,7159.27738,52.29,14.94,61.89802,35.155039,46.289253,7799.35761,7633.16239,BUY,BUY,SELL,SELL,47,23
2026-08-31 12:42:19,7674.43,7672.07931,7580.66436,7159.28116,52.32,14.94,61.89802,35.185352,46.295316,7799.33816,7633.21984,BUY,BUY,SELL,SELL,47,23
2026-08-31 12:58:14,7673.54,7671.99454,7580.62946,7159.27231,52.24,14.94,61.89802,35.114355,46.281116,7799.3842,7633.0848,BUY,BUY,SELL,SELL,47,23
2026-08-31 13:14:08,7674.51,7672.08693,7580.6675,7159.28196,52.33,14.94,61.89802,35.191734,46.296592,7799.33411,7633.23189,BUY,BUY,SELL,SELL,47,23
2026-08-31 13:30:03,7675.58,7672.18883,7580.70946,7159.29261,52.44,14.94,61.89802,35.27709,46.313663,7799.28121,7633.39179,BUY,BUY,SELL,SELL,47,23
2026-08-31 13:45:57,7672.83,7671.92693,7580.60162,7159.26524,52.17,14.94,61.89802,35.057717,46.269788,7799.42216,7632.97584,BUY,BUY,SELL,SELL,47,23
2026-08-31 14:01:51,7684.25,7673.01454,7581.04946,7159.37887,53.32,14.94,61.89802,35.968714,46.451988,7798.9452,7634.5948,BUY,BUY,NEUTRAL,SELL,47,23
2026-08-31 14:17:45,7683.43,7672.93645,7581.0173,7159.37071,53.24,14.94,61.89802,35.903301,46.438905,7798.96985,7634.48815,BUY,BUY,NEUTRAL,SELL,47,23
2026-08-31 15:03:23,7673.41,7671.98216,7580.62436,7159.27101,52.22,14.94,61.89802,35.103985,46.279042,7799.39107,7633.06493,BUY,BUY,NEUTRAL,SELL,47,23
2026-08-31 15:19:17,7677.28,7672.35073,7580.77613,7159.30952,52.61,14.94,61.89802,35.412703,46.340786,7799.20229,7633.64071,BUY,BUY,NEUTRAL,SELL,47,23
2026-08-31 15:35:10,7681.28,7672.73169,7580.93299,7159.34932,53.02,14.94,61.89802,35.731791,46.404603,7799.0416,7634.2014,BUY,BUY,NEUTRAL,SELL,47,23
2026-08-31 15:51:04,7683.82,7672.97359,7581.0326,7159.3746,53.28,14.94,61.89802,35.934412,46.445127,7798.95794,7634.53906,BUY,BUY,NEUTRAL,SELL,47,23
2026-08-31 16:06:57,7689.7,7673.53359,7581.26319,7159.4331,53.89,14.94,61.89802,36.403472,46.538939,7798.81972,7635.26528,BUY,BUY,BUY,SELL,55,23
2026-08-31 16:22:52,7686.14,7673.19454,7581.12358,7159.39768,53.52,14.94,61.89802,36.119483,46.482142,7798.89411,7634.83489,BUY,BUY,NEUTRAL,SELL,47,23
2026-08-31 16:38:46,7686.14,7673.19454,7581.12358,7159.39768,53.52,14.94,61.89802,36.119483,46.482142,7798.89411,7634.83489,BUY,BUY,NEUTRAL,SELL,47,23
2026-08-31 16:54:39,7686.14,7673.19454,7581.12358,7159.39768,53.52,14.94,61.89802,36.119483,46.482142,7798.89411,7634.83489,BUY,BUY,NEUTRAL,SELL,47,23
2026-08-31 17:10:33,7686.14,7673.19454,7581.12358,7159.39768,53.52,14.94,61.89802,36.119483,46.482142,7798.89411,7634.83489,BUY,BUY,NEUTRAL,SELL,47,23
2026-08-31 17:26:27,7686.14,7673.19454,7581.12358,7159.39768,53.52,14.94,61.89802,36.119483,46.482142,7798.89411,7634.83489,BUY,BUY,NEUTRAL,SELL,47,23
2026-08-31 17:42:21,7686.14,7673.19454,7581.12358,7159.39768,53.52,14.94,61.89802,36.119483,46.482142,7798.89411,7634.83489,BUY,BUY,NEUTRAL,SELL,47,23
2026-08-31 17:58:16,7686.14,7673.19454,7581.12358,7159.39768,53.52,14.94,61.89802,36.119483,46.482142,7798.89411,7634.83489,BUY,BUY,NEUTRAL,SELL,47,23
2026-08-31 18:08:04,7686.14,7673.19454,7581.12358,7159.39768,53.52,14.94,61.89802,36.119483,46.482142,7798.89411,7634.83489,BUY,BUY,NEUTRAL,SELL,47,23
2026-08-31 18:23:58,7686.14,7673.19454,7581.12358,7159.39768,53.52,14.94,61.89802,36.119483,46.482142,7798.89411,7634.83489,BUY,BUY,NEUTRAL,SELL,47,23
2026-08-31 18:39:52,7686.14,7673.19454,7581.12358,7159.39768,53.52,14.94,61.89802,36.119483,46.482142,7798.89411,7634.83489,BUY,BUY,NEUTRAL,SELL,47,23
2026-08-31 18:55:45,7686.14,7673.19454,7581.12358,7159.39768,53.52,14.94,61.89802,36.119483,46.482142,7798.89411,7634.83489,BUY,BUY,NEUTRAL,SELL,47,23
2026-08-31 19:11:39,7686.14,7673.19454,7581.12358,7159.39768,53.52,14.94,61.89802,36.119483,46.482142,7798.89411,7634.83489,BUY,BUY,NEUTRAL,SELL,47,23
2026-08-31 20:27:13,7686.14,7673.19454,7581.12358,7159.39768,53.52,14.94,61.89802,36.119483,46.482142,7798.89411,7634.83489,BUY,BUY,NEUTRAL,SELL,47,23
2026-08-31 20:43:07,7686.14,7673.19454,7581.12358,7159.39768,53.52,14.94,61.89802,36.119483,46.482142,7798.89411,7634.83489,BUY,BUY,NEUTRAL,SELL,47,23
2026-08-31 20:59:01,7686.14,7673.19454,7581.12358,7159.39768,53.52,14.94,61.89802,36.119483,46.482142,7798.89411,7634.83489,BUY,BUY,NEUTRAL,SELL,47,23
2026-08-31 21:14:55,7686.14,7673.19454,7581.12358,7159.39768,53.52,14.94,61.89802,36.119483,46.482142,7798.89411,7634.83489,BUY,BUY,NEUTRAL,SELL,47,23
2026-08-31 21:30:49,7686.14,7673.19454,7581.12358,7159.39768,53.52,14.94,61.89802,36.119483,46.482142,7798.89411,7634.83489,BUY,BUY,NEUTRAL,SELL,47,23
2026-08-31 21:46:43,7686.14,7673.19454,7581.12358,7159.39768,53.52,14.94,61.89802,36.119483,46.482142,7798.89411,7634.83489,BUY,BUY,NEUTRAL,SELL,47,23
2026-08-31 22:02:37,7686.14,7673.19454,7581.12358,7159.39768,53.52,14.94,61.89802,36.119483,46.482142,7798.89411,7634.83489,BUY,BUY,NEUTRAL,SELL,47,23
2026-08-31 22:18:31,7686.14,7673.19454,7581.12358,7159.39768,53.52,14.94,61.89802,36.119483,46.482142,7798.89411,7634.83489,BUY,BUY,NEUTRAL,SELL,47,23
2026-09-01 08:05:57,7686.14,7673.19454,7581.12358,7159.39768,53.52,14.94,61.89802,36.119483,46.482142,7798.89411,7634.83489,BUY,BUY,NEUTRAL,NEUTRAL,47,23
2026-09-01 08:21:51,7686.14,7673.19454,7581.12358,7159.39768,53.52,14.94,61.89802,36.119483,46.482142,7798.89411,7634.83489,BUY,BUY,NEUTRAL,NEUTRAL,47,23
2026-09-01 08:37:45,7686.14,7673.19454,7581.12358,7159.39768,53.52,14.94,61.89802,36.119483,46.482142,7798.89411,7634.83489,BUY,BUY,NEUTRAL,NEUTRAL,47,23
2026-09-01 08:53:39,7686.14,7673.19454,7581.12358,7159.39768,53.52,14.94,61.89802,36.119483,46.482142,7798.89411,7634.83489,BUY,BUY,NEUTRAL,NEUTRAL,47,23
2026-09-01 09:09:33,7686.14,7673.19454,7581.12358,7159.39768,53.52,14.94,61.89802,36.119483,46.482142,7798.89411,7634.83489,BUY,BUY,NEUTRAL,NEUTRAL,47,23
2026-09-01 09:25:27,7686.14,7673.19454,7581.12358,7159.39768,53.52,14.94,61.89802,36.119483,46.482142,7798.89411,7634.83489,BUY,BUY,NEUTRAL,NEUTRAL,47,23
2026-09-01 09:41:21,7629.1,7668.99506,7583.00501,7164.07133,47.8,13.89,61.63887,28.447301,42.875174,7801.36408,7621.62292,BUY,SELL,SELL,NEUTRAL,26,40
2026-09-01 09:57:15,7633.74,7669.43697,7583.18697,7164.1175,48.22,13.89,61.63887,28.817444,42.949202,7800.76419,7622.68681,BUY,NEUTRAL,SELL,NEUTRAL,26,23
2026-09-01 10:13:10,7637.03,7669.7503,7583.31599,7164.15024,48.52,13.89,61.63887,29.079894,43.001692,7800.36212,7623.41788,BUY,NEUTRAL,SELL,NEUTRAL,26,23
2026-09-01 10:29:05,7647.49,7670.74649,7583.72618,7164.25432,49.5,13.89,61.63887,29.91431,43.168575,7799.21675,7625.60925,BUY,NEUTRAL,SELL,SELL,26,23
2026-09-01 10:44:59,7661.69,7672.09887,7584.28304,7164.39561,50.91,13.89,61.63887,31.047073,43.395128,7798.00197,7628.24403,BUY,NEUTRAL,SELL,SELL,26,23
2026-09-01 11:00:52,7655.38,7671.49792,7584.03559,7164.33283,50.27,13.89,61.63887,30.543712,43.294456,7798.49193,7627.12307,BUY,NEUTRAL,SELL,SELL,26,23
2026-09-01 11:16:47,7646.06,7670.6103,7583.6701,7164.24009,49.37,13.89,61.63887,29.800236,43.145761,7799.36112,7625.32188,BUY,NEUTRAL,SELL,SELL,26,23
2026-09-01 11:32:41,7650.24,7671.0084,7583.83403,7164.28168,49.77,13.89,61.63887,30.133683,43.21245,7798.95022,7626.15078,BUY,NEUTRAL,SELL,SELL,26,23
2026-09-01 11:48:35,7657.17,7671.6684,7584.10579,7164.35064,50.45,13.89,61.63887,30.686504,43.323014,7798.34471,7627.44929,BUY,NEUTRAL,SELL,SELL,26,23
2026-09-01 12:04:29,7662.06,7672.13411,7584.29755,7164.39929,50.94,13.89,61.63887,31.076589,43.401031,7797.97577,7628.30723,BUY,NEUTRAL,SELL,SELL,26,23
2026-09-01 12:20:23,7654.87,7671.44935,7584.01559,7164.32775,50.22,13.89,61.63887,30.503028,43.286319,7798.53505,7627.02895,BUY,NEUTRAL,SELL,SELL,26,23
2026-09-01 12:36:17,7644.83,7670.49316,7583.62187,7164.22785,49.25,13.89,61.63887,29.702116,43.126137,7799.48844,7625.07156,BUY,NEUTRAL,SELL,NEUTRAL,26,23
2026-09-01 12:52:11,7639.13,7669.9503,7583.39834,7164.17114,48.71,13.89,61.63887,29.247415,43.035196,7800.11578,7623.87422,BUY,NEUTRAL,SELL,NEUTRAL,26,23
2026-09-01 13:08:05,7638.28,7669.86935,7583.36501,7164.16268,48.63,13.89,61.63887,29.179609,43.021635,7800.21451,7623.69049,BUY,NEUTRAL,SELL,BUY,26,23
2026-09-01 13:23:59,7635.97,7669.64935,7583.27442,7164.13969,48.42,13.89,61.63887,28.995336,42.98478,7800.48953,7623.18447,BUY,NEUTRAL,SELL,BUY,26,23
2026-09-01 13:39:54,7633.22,7669.38744,7583.16657,7164.11233,48.17,13.88,61.76602,28.775962,42.940906,7800.82952,7622.56948,BUY,NEUTRAL,SELL,NEUTRAL,26,23
2026-09-01 13:55:48,7637.27,7669.77316,7583.3254,7164.15263,48.54,13.88,61.76602,29.099039,43.005521,7800.33356,7623.47044,BUY,NEUTRAL,SELL,BUY,26,23
2026-09-01 14:11:43,7634.47,7669.50649,7583.21559,7164.12477,48.28,13.88,61.76602,28.875677,42.960849,7800.67329,7622.85071,BUY,NEUTRAL,SELL,BUY,26,23
2026-09-01 14:27:37,7632.51,7669.31983,7583.13873,7164.10527,48.1,13.88,61.76602,28.719324,42.929578,7800.9195,7622.4085,BUY,NEUTRAL,SELL,BUY,26,23
2026-09-01 14:43:31,7625.09,7668.61316,7582.84775,7164.03143,47.44,13.89,61.83959,28.127415,42.811196,7801.91273,7620.67327,BUY,SELL,SELL,BUY,26,40
2026-09-01 14:59:26,7617.86,7667.92459,7582.56422,7163.95949,46.81,14.1,62.82959,27.550663,42.695846,7802.97044,7618.89256,BUY,SELL,SELL,BUY,26,40
2026-09-01 15:15:20,7627.13,7668.80744,7582.92775,7164.05173,47.62,14.1,62.82959,28.29015,42.843743,7801.63016,7621.15984,BUY,SELL,SELL,BUY,26,40
2026-09-01 15:31:14,7628.76,7668.96268,7582.99167,7164.06795,47.77,14.1,62.82959,28.420179,42.869749,7801.40952,7621.54348,BUY,SELL,SELL,BUY,26,40
2026-09-01 15:47:08,7625.77,7668.67792,7582.87442,7164.0382,47.5,14.1,62.82959,28.18166,42.822045,7801.81775,7620.83625,BUY,SELL,SELL,BUY,26,40
2026-09-01 16:03:02,7624.63,7668.56935,7582.82971,7164.02686,47.4,14.1,62.82959,28.09072,42.803857,7801.97742,7620.56258,BUY,SELL,SELL,BUY,26,40
2026-09-01 16:18:56,7631.47,7669.22078,7583.09795,7164.09492,48.01,14.1,62.82959,28.636361,42.912986,7801.05292,7622.17108,BUY,SELL,SELL,BUY,26,40
2026-09-01 16:34:49,7631.47,7669.22078,7583.09795,7164.09492,48.01,14.1,62.82959,28.636361,42.912986,7801.05292,7622.17108,BUY,SELL,SELL,BUY,26,40
2026-09-01 16:50:43,7631.47,7669.22078,7583.09795,7164.09492,48.01,14.1,62.82959,28.636361,42.912986,7801.05292,7622.17108,BUY,SELL,SELL,BUY,26,40
2026-09-01 17:06:38,7631.47,7669.22078,7583.09795,7164.09492,48.01,14.1,62.82959,28.636361,42.912986,7801.05292,7622.17108,BUY,SELL,SELL,BUY,26,40
2026-09-01 17:22:32,7631.47,7669.22078,7583.09795,7164.09492,48.01,14.1,62.82959,28.636361,42.912986,7801.05292,7622.17108,BUY,SELL,SELL,BUY,26,40
2026-09-01 17:38:40,7631.47,7669.22078,7583.09795,7164.09492,48.01,14.1,62.82959,28.636361,42.912986,7801.05292,7622.17108,BUY,SELL,SELL,BUY,26,40
2026-09-01 18:36:27,7631.47,7669.22078,7583.09795,7164.09492,48.01,14.1,62.82959,28.636361,42.912986,7801.05292,7622.17108,BUY,SELL,SELL,BUY,26,40
2026-09-01 18:52:21,7631.47,7669.22078,7583.09795,7164.09492,48.01,14.1,62.82959,28.636361,42.912986,7801.05292,7622.17108,BUY,SELL,SELL,BUY,26,40
2026-09-01 19:08:15,7631.47,7669.22078,7583.09795,7164.09492,48.01,14.1,62.82959,28.636361,42.912986,7801.05292,7622.17108,BUY,SELL,SELL,BUY,26,40
2026-09-01 19:24:09,7631.47,7669.22078,7583.09795,7164.09492,48.01,14.1,62.82959,28.636361,42.912986,7801.05292,7622.17108,BUY,SELL,SELL,BUY,26,40
2026-09-01 19:40:03,7631.47,7669.22078,7583.09795,7164.09492,48.01,14.1,62.82959,28.636361,42.912986,7801.05292,7622.17108,BUY,SELL,SELL,BUY,26,40
2026-09-01 19:55:57,7631.47,7669.22078,7583.09795,7164.09492,48.01,14.1,62.82959,28.636361,42.912986,7801.05292,7622.17108,BUY,SELL,SELL,BUY,26,40
2026-09-01 21:23:00,7631.47,7669.22078,7583.09795,7164.09492,48.01,14.1,62.82959,28.636361,42.912986,7801.05292,7622.17108,BUY,SELL,SELL,BUY,26,40
2026-09-01 21:38:54,7631.47,7669.22078,7583.09795,7164.09492,48.01,14.1,62.82959,28.636361,42.912986,7801.05292,7622.17108,BUY,SELL,SELL,BUY,26,40
2026-09-01 21:54:48,7631.47,7669.22078,7583.09795,7164.09492,48.01,14.1,62.82959,28.636361,42.912986,7801.05292,7622.17108,BUY,SELL,SELL,BUY,26,40
2026-09-01 22:01:32,7631.47,7669.22078,7583.09795,7164.09492,48.01,14.1,62.82959,28.636361,42.912986,7801.05292,7622.17108,BUY,SELL,SELL,BUY,26,40
2026-09-01 22:05:38,7631.47,7669.22078,7583.09795,7164.09492,48.01,14.1,62.82959,28.636361,42.912986,7801.05292,7622.17108,BUY,SELL,SELL,BUY,26,40
2026-09-01 22:21:32,7631.47,7669.22078,7583.09795,7164.09492,48.01,14.1,62.82959,28.636361,42.912986,7801.05292,7622.17108,BUY,SELL,SELL,BUY,26,40
2026-09-01 22:37:26,7631.47,7669.22078,7583.09795,7164.09492,48.01,14.1,62.82959,28.636361,42.912986,7801.05292,7622.17108,BUY,SELL,SELL,BUY,26,40
2026-09-02 08:25:08,7631.47,7669.22078,7583.09795,7164.09492,48.01,14.1,62.82959,28.636361,42.912986,7801.05292,7622.17108,BUY,SELL,SELL,BUY,26,40
2026-09-02 08:41:02,7631.47,7669.22078,7583.09795,7164.09492,48.01,14.1,62.82959,28.636361,42.912986,7801.05292,7622.17108,BUY,SELL,SELL,BUY,26,40
2026-09-02 08:56:56,7631.47,7669.22078,7583.09795,7164.09492,48.01,14.1,62.82959,28.636361,42.912986,7801.05292,7622.17108,BUY,SELL,SELL,BUY,26,40
2026-09-02 09:12:50,7631.47,7669.22078,7583.09795,7164.09492,48.01,14.1,62.82959,28.636361,42.912986,7801.05292,7622.17108,BUY,SELL,SELL,BUY,26,40
2026-09-02 09:28:45,7631.47,7669.22078,7583.09795,7164.09492,48.01,14.1,62.82959,28.636361,42.912986,7801.05292,7622.17108,BUY,SELL,SELL,BUY,26,40
2026-09-02 09:44:39,7640.87,7666.5207,7585.36352,7168.83895,48.98,13.33,59.11962,23.197033,38.969795,7801.83743,7613.11857,BUY,NEUTRAL,NEUTRAL,NEUTRAL,26,23
2026-09-02 10:00:33,7639.64,7666.40356,7585.31528,7168.82671,48.86,13.33,59.41033,23.098914,38.950171,7801.95094,7612.88206,BUY,NEUTRAL,NEUTRAL,NEUTRAL,26,23
2026-09-02 10:16:27,7654.89,7667.85594,7585.91332,7168.97845,50.37,13.33,60.08105,24.315438,39.193476,7800.73985,7615.61815,BUY,BUY,NEUTRAL,NEUTRAL,43,23
2026-09-02 10:32:21,7669.39,7669.23689,7586.48195,7169.12273,51.72,13.22,61.08962,25.472133,39.424815,7799.99945,7617.80855,BUY,BUY,NEUTRAL,NEUTRAL,47,23
2026-09-02 10:48:14,7673.18,7669.59785,7586.63058,7169.16044,52.06,13.14,61.45033,25.774469,39.485282,7799.8746,7618.3124,BUY,BUY,NEUTRAL,SELL,47,23
2026-09-02 11:04:08,7671.31,7669.41975,7586.55724,7169.14183,51.9,13.14,61.87962,25.625296,39.455448,7799.93259,7618.06741,BUY,BUY,NEUTRAL,NEUTRAL,47,23
2026-09-02 11:20:02,7671.09,7669.3988,7586.54862,7169.13964,51.88,13.14,61.87962,25.607746,39.451938,7799.93987,7618.03813,BUY,BUY,NEUTRAL,SELL,47,23
2026-09-02 11:35:56,7677.9,7670.04737,7586.81567,7169.20741,52.48,13.14,61.87962,26.150994,39.560587,7799.75978,7618.89922,BUY,BUY,BUY,NEUTRAL,55,23
2026-09-02 11:51:50,7675.8,7669.84737,7586.73332,7169.18651,52.3,13.15,61.89319,25.972304,39.524849,7799.80862,7618.62638,BUY,BUY,NEUTRAL,NEUTRAL,47,23
2026-09-02 12:07:44,7670.34,7669.32737,7586.5192,7169.13218,51.81,13.15,61.89319,25.547917,39.439972,7799.96544,7617.93756,BUY,BUY,NEUTRAL,SELL,47,23
2026-09-02 12:23:39,7674.28,7669.70261,7586.67371,7169.17139,52.16,13.15,61.89319,25.862219,39.502832,7799.84379,7618.45321,BUY,BUY,NEUTRAL,SELL,47,23
2026-09-02 12:39:33,7664.74,7668.79404,7586.2996,7169.07646,51.3,13.15,61.89319,25.101193,39.350627,7800.19191,7617.15109,BUY,BUY,NEUTRAL,NEUTRAL,43,23
2026-09-02 12:55:26,7664.53,7668.77404,7586.29136,7169.07437,51.28,13.15,61.89319,25.084441,39.347277,7800.20162,7617.12038,BUY,BUY,NEUTRAL,SELL,43,23
2026-09-02 13:11:20,7668.43,7669.14547,7586.4443,7169.11318,51.63,13.15,61.89319,25.395552,39.409499,7800.03566,7617.67634,BUY,BUY,NEUTRAL,SELL,43,23
2026-09-02 13:27:14,7664.49,7668.77023,7586.28979,7169.07397,51.27,13.15,61.89319,25.08125,39.346638,7800.20348,7617.11452,BUY,BUY,NEUTRAL,SELL,43,23
2026-09-02 13:43:08,7661.9,7668.52356,7586.18822,7169.0482,51.03,13.15,61.89319,24.87464,39.305317,7800.33051,7616.72849,BUY,BUY,SELL,SELL,43,23
2026-09-02 13:59:02,7666.77,7668.98737,7586.3792,7169.09666,51.48,13.15,61.89319,25.26313,39.383015,7800.1026,7617.4434,BUY,BUY,NEUTRAL,SELL,43,23
2026-09-02 14:14:56,7668.81,7669.18166,7586.4592,7169.11696,51.67,13.15,61.89319,25.425865,39.415562,7800.02111,7617.72889,BUY,BUY,NEUTRAL,SELL,43,23
2026-09-02 14:30:49,7672.29,7669.51308,7586.59567,7169.15158,51.98,13.15,61.89319,25.703472,39.471083,7799.90132,7618.19668,BUY,BUY,NEUTRAL,SELL,47,23
2026-09-02 14:46:44,7667.83,7669.08832,7586.42077,7169.10721,51.58,13.15,61.89319,25.347689,39.399926,7800.05922,7617.59278,BUY,BUY,NEUTRAL,SELL,43,23
2026-09-02 15:02:37,7663.32,7668.6588,7586.24391,7169.06233,51.16,13.15,61.89319,24.987917,39.327972,7800.25923,7616.94177,BUY,BUY,SELL,SELL,43,23
2026-09-02 15:18:31,7666.04,7668.91785,7586.35058,7169.0894,51.42,13.15,61.89319,25.204897,39.371368,7800.13378,7617.33922,BUY,BUY,NEUTRAL,SELL,43,23
2026-09-02 15:34:25,7668.92,7669.19213,7586.46352,7169.11805,51.68,13.15,61.89319,25.43464,39.417317,7800.01695,7617.74405,BUY,BUY,NEUTRAL,SELL,43,23
2026-09-02 15:50:18,7667.4,7669.04737,7586.40391,7169.10293,51.54,13.15,61.89319,25.313387,39.393066,7800.07655,7617.53245,BUY,BUY,NEUTRAL,SELL,43,23
2026-09-02 16:06:12,7665.81,7668.89594,7586.34156,7169.08711,51.39,13.15,61.89319,25.186549,39.367698,7800.14382,7617.30618,BUY,BUY,NEUTRAL,SELL,43,23
2026-09-02 16:22:06,7666.6,7668.97118,7586.37254,7169.09497,51.47,13.15,61.89319,25.249569,39.380302,7800.10977,7617.41923,BUY,BUY,NEUTRAL,SELL,43,23
2026-09-02 16:38:00,7666.6,7668.97118,7586.37254,7169.09497,51.47,13.15,61.89319,25.249569,39.380302,7800.10977,7617.41923,BUY,BUY,NEUTRAL,SELL,43,23
2026-09-02 16:53:54,7666.6,7668.97118,7586.37254,7169.09497,51.47,13.15,61.89319,25.249569,39.380302,7800.10977,7617.41923,BUY,BUY,NEUTRAL,SELL,43,23
2026-09-02 17:09:48,7666.6,7668.97118,7586.37254,7169.09497,51.47,13.15,61.89319,25.249569,39.380302,7800.10977,7617.41923,BUY,BUY,NEUTRAL,SELL,43,23
2026-09-02 17:25:42,7666.6,7668.97118,7586.37254,7169.09497,51.47,13.15,61.89319,25.249569,39.380302,7800.10977,7617.41923,BUY,BUY,NEUTRAL,SELL,43,23
2026-09-02 17:41:37,7666.6,7668.97118,7586.37254,7169.09497,51.47,13.15,61.89319,25.249569,39.380302,7800.10977,7617.41923,BUY,BUY,NEUTRAL,SELL,43,23
2026-09-02 17:57:31,7666.6,7668.97118,7586.37254,7169.09497,51.47,13.15,61.89319,25.249569,39.380302,7800.10977,7617.41923,BUY,BUY,NEUTRAL,SELL,43,23
2026-09-02 18:13:25,7666.6,7668.97118,7586.37254,7169.09497,51.47,13.15,61.89319,25.249569,39.380302,7800.10977,7617.41923,BUY,BUY,NEUTRAL,SELL,43,23
2026-09-02 19:38:58,7666.6,7668.97118,7586.37254,7169.09497,51.47,13.15,61.89319,25.249569,39.380302,7800.10977,7617.41923,BUY,BUY,NEUTRAL,SELL,43,23
2026-09-02 19:54:52,7666.6,7668.97118,7586.37254,7169.09497,51.47,13.15,61.89319,25.249569,39.380302,7800.10977,7617.41923,BUY,BUY,NEUTRAL,SELL,43,23
2026-09-02 20:10:46,7666.6,7668.97118,7586.37254,7169.09497,51.47,13.15,61.89319,25.249569,39.380302,7800.10977,7617.41923,BUY,BUY,NEUTRAL,SELL,43,23
2026-09-02 20:26:39,7666.6,7668.97118,7586.37254,7169.09497,51.47,13.15,61.89319,25.249569,39.380302,7800.10977,7617.41923,BUY,BUY,NEUTRAL,SELL,43,23
2026-09-02 20:42:33,7666.6,7668.97118,7586.37254,7169.09497,51.47,13.15,61.89319,25.249569,39.380302,7800.10977,7617.41923,BUY,BUY,NEUTRAL,SELL,43,23
2026-09-02 20:58:27,7666.6,7668.97118,7586.37254,7169.09497,51.47,13.15,61.89319,25.249569,39.380302,7800.10977,7617.41923,BUY,BUY,NEUTRAL,SELL,43,23
2026-09-03 08:08:18,7666.6,7668.97118,7586.37254,7169.09497,51.47,13.15,61.89319,25.249569,39.380302,7800.10977,7617.41923,BUY,BUY,NEUTRAL,SELL,43,23
2026-09-03 08:24:11,7666.6,7668.97118,7586.37254,7169.09497,51.47,13.15,61.89319,25.249569,39.380302,7800.10977,7617.41923,BUY,BUY,NEUTRAL,SELL,43,23
2026-09-03 08:40:05,7666.6,7668.97118,7586.37254,7169.09497,51.47,13.15,61.89319,25.249569,39.380302,7800.10977,7617.41923,BUY,BUY,NEUTRAL,SELL,43,23
2026-09-03 08:55:59,7666.6,7668.97118,7586.37254,7169.09497,51.47,13.15,61.89319,25.249569,39.380302,7800.10977,7617.41923,BUY,BUY,NEUTRAL,STRONG_SELL,43,23
2026-09-03 09:11:53,7666.6,7668.97118,7586.37254,7169.09497,51.47,13.15,61.89319,25.249569,39.380302,7800.10977,7617.41923,BUY,BUY,NEUTRAL,STRONG_SELL,43,23
2026-09-03 09:27:46,7666.6,7668.97118,7586.37254,7169.09497,51.47,13.15,61.89319,25.249569,39.380302,7800.10977,7617.41923,BUY,BUY,NEUTRAL,STRONG_SELL,43,23
2026-09-03 09:43:40,7708.62,7672.74726,7591.16656,7174.46338,55.3,12.69,60.47368,25.660378,36.636317,7800.04113,7617.35387,BUY,BUY,BUY,STRONG_SELL,35,23
2026-09-03 09:59:34,7713.07,7673.17107,7591.34107,7174.50765,55.67,12.8,61.00225,26.015364,36.707315,7800.28347,7617.55653,BUY,BUY,BUY,STRONG_SELL,35,23
2026-09-03 10:15:28,7696.53,7671.59583,7590.69244,7174.34308,54.26,12.81,61.0501,24.695933,36.443428,7799.59057,7616.59543,BUY,BUY,BUY,STRONG_SELL,55,23
2026-09-03 10:31:22,7702.89,7672.20154,7590.94185,7174.40636,54.81,12.81,61.0501,25.203284,36.544899,7799.78974,7617.03226,BUY,BUY,BUY,STRONG_SELL,55,23
2026-09-03 10:47:15,7698.5,7671.78345,7590.76969,7174.36268,54.43,12.81,61.0501,24.853084,36.474859,7799.6433,7616.7397,BUY,BUY,BUY,STRONG_SELL,55,23
2026-09-03 11:03:09,7698.69,7671.80154,7590.77714,7174.36457,54.45,12.81,61.0501,24.868241,36.47789,7799.64881,7616.75319,BUY,BUY,BUY,STRONG_SELL,55,23
2026-09-03 11:19:03,7724.37,7674.24726,7591.7842,7174.62009,56.58,12.92,61.61796,26.916788,36.887599,7801.08359,7617.88641,BUY,BUY,BUY,STRONG_SELL,35,23
2026-09-03 11:34:57,7737.16,7675.46535,7592.28577,7174.74736,57.57,13.11,62.60653,27.937073,37.091656,7802.30658,7617.94242,BUY,STRONG_BUY,BUY,STRONG_SELL,35,23
2026-09-03 11:50:50,7740.77,7675.80916,7592.42734,7174.78328,57.84,13.23,63.30225,28.22505,37.149252,7802.71198,7617.89802,BUY,STRONG_BUY,STRONG_BUY,STRONG_SELL,35,23
2026-09-03 12:06:44,7746.59,7676.36345,7592.65557,7174.84119,58.27,13.24,63.36439,28.689324,37.242107,7803.42061,7617.77139,BUY,STRONG_BUY,STRONG_BUY,STRONG_SELL,35,23
2026-09-03 12:22:38,7741.67,7675.89488,7592.46263,7174.79223,57.91,13.25,63.40653,28.296845,37.163611,7802.81714,7617.88286,BUY,STRONG_BUY,STRONG_BUY,STRONG_SELL,35,23
2026-09-03 12:38:32,7740.87,7675.81869,7592.43126,7174.78427,57.85,13.25,63.40653,28.233027,37.150847,7802.72359,7617.89641,BUY,STRONG_BUY,STRONG_BUY,STRONG_SELL,35,23
2026-09-03 12:54:26,7748.52,7676.54726,7592.73126,7174.86039,58.41,13.25,63.40653,28.843284,37.272899,7803.67047,7617.71453,BUY,STRONG_BUY,STRONG_BUY,STRONG_SELL,35,23
2026-09-03 13:10:21,7746.04,7676.31107,7592.63401,7174.83571,58.23,13.25,63.40653,28.645449,37.233332,7803.35076,7617.78624,BUY,STRONG_BUY,STRONG_BUY,STRONG_SELL,35,23
2026-09-03 13:26:15,7741.53,7675.88154,7592.45714,7174.79084,57.9,13.25,63.40653,28.285677,37.161377,7802.80067,7617.88533,BUY,STRONG_BUY,STRONG_BUY,STRONG_SELL,35,23
2026-09-03 13:42:10,7745.13,7676.2244,7592.59832,7174.82666,58.16,13.25,63.40653,28.572856,37.218813,7803.2365,7617.8095,BUY,STRONG_BUY,STRONG_BUY,STRONG_SELL,35,23
2026-09-03 13:58:04,7746.16,7676.3225,7592.63871,7174.83691,58.24,13.25,63.40653,28.655022,37.235246,7803.36595,7617.78305,BUY,STRONG_BUY,STRONG_BUY,STRONG_SELL,35,23
2026-09-03 14:13:58,7753.77,7677.04726,7592.93714,7174.91263,58.79,13.32,63.82368,29.262087,37.356659,7804.38721,7617.52279,BUY,STRONG_BUY,STRONG_BUY,STRONG_SELL,35,23
2026-09-03 14:29:52,7753.45,7677.01678,7592.92459,7174.90945,58.77,13.34,63.91225,29.23656,37.351554,7804.34198,7617.53602,BUY,STRONG_BUY,STRONG_BUY,STRONG_SELL,35,23
2026-09-03 14:45:46,7754.93,7677.12345,7592.96852,7174.92059,58.85,13.34,63.91225,29.325905,37.369423,7804.50115,7617.48885,BUY,STRONG_BUY,STRONG_BUY,STRONG_SELL,35,23
2026-09-03 15:01:40,7753.11,7676.9844,7592.91126,7174.90606,58.74,13.34,63.91225,29.209438,37.346129,7804.29415,7617.54985,BUY,STRONG_BUY,STRONG_BUY,STRONG_SELL,35,23
2026-09-03 15:17:34,7752.91,7676.96535,7592.90342,7174.90407,58.73,13.34,63.91225,29.193483,37.342938,7804.26611,7617.55789,BUY,STRONG_BUY,STRONG_BUY,STRONG_SELL,35,23
2026-09-03 15:33:28,7749.98,7676.68631,7592.78852,7174.87492,58.52,13.34,63.91225,28.959751,37.296192,7803.86437,7617.66663,BUY,STRONG_BUY,STRONG_BUY,STRONG_SELL,35,23
2026-09-03 15:49:22,7751.46,7676.82726,7592.84656,7174.88964,58.62,13.34,63.91225,29.077814,37.319805,7804.0652,7617.6138,BUY,STRONG_BUY,STRONG_BUY,STRONG_SELL,35,23
2026-09-03 16:05:15,7745.74,7676.2825,7592.62224,7174.83273,58.21,13.34,63.91225,28.621517,37.228545,7803.31291,7617.79409,BUY,STRONG_BUY,STRONG_BUY,STRONG_SELL,35,23
2026-09-03 16:21:10,7747.71,7676.47012,7592.6995,7174.85233,58.35,13.34,63.91225,28.778668,37.259976,7803.56471,7617.73929,BUY,STRONG_BUY,STRONG_BUY,STRONG_SELL,35,23
2026-09-03 16:37:04,7747.71,7676.47012,7592.6995,7174.85233,58.35,13.34,63.91225,28.778668,37.259976,7803.56471,7617.73929,BUY,STRONG_BUY,STRONG_BUY,STRONG_SELL,35,23
2026-09-03 16:52:58,7747.71,7676.47012,7592.6995,7174.85233,58.35,13.34,63.91225,28.778668,37.259976,7803.56471,7617.73929,BUY,STRONG_BUY,STRONG_BUY,STRONG_SELL,35,23
2026-09-03 17:08:53,7747.71,7676.47012,7592.6995,7174.85233,58.35,13.34,63.91225,28.778668,37.259976,7803.56471,7617.73929,BUY,STRONG_BUY,STRONG_BUY,STRONG_SELL,35,23
2026-09-03 17:24:47,7747.71,7676.47012,7592.6995,7174.85233,58.35,13.34,63.91225,28.778668,37.259976,7803.56471,7617.73929,BUY,STRONG_BUY,STRONG_BUY,STRONG_SELL,35,23
2026-09-03 17:40:53,7747.71,7676.47012,7592.6995,7174.85233,58.35,13.34,63.91225,28.778668,37.259976,7803.56471,7617.73929,BUY,STRONG_BUY,STRONG_BUY,STRONG_SELL,35,23
2026-09-03 17:56:47,7747.71,7676.47012,7592.6995,7174.85233,58.35,13.34,63.91225,28.778668,37.259976,7803.56471,7617.73929,BUY,STRONG_BUY,STRONG_BUY,STRONG_SELL,35,23
2026-09-03 18:04:19,7747.71,7676.47012,7592.6995,7174.85233,58.35,13.34,63.91225,28.778668,37.259976,7803.56471,7617.73929,BUY,STRONG_BUY,STRONG_BUY,STRONG_SELL,35,23
2026-09-03 18:20:13,7747.71,7676.47012,7592.6995,7174.85233,58.35,13.34,63.91225,28.778668,37.259976,7803.56471,7617.73929,BUY,STRONG_BUY,STRONG_BUY,STRONG_SELL,35,23
2026-09-03 18:36:08,7747.71,7676.47012,7592.6995,7174.85233,58.35,13.34,63.91225,28.778668,37.259976,7803.56471,7617.73929,BUY,STRONG_BUY,STRONG_BUY,STRONG_SELL,35,23
2026-09-03 18:52:02,7747.71,7676.47012,7592.6995,7174.85233,58.35,13.34,63.91225,28.778668,37.259976,7803.56471,7617.73929,BUY,STRONG_BUY,STRONG_BUY,STRONG_SELL,35,23
2026-09-03 19:07:56,7747.71,7676.47012,7592.6995,7174.85233,58.35,13.34,63.91225,28.778668,37.259976,7803.56471,7617.73929,BUY,STRONG_BUY,STRONG_BUY,STRONG_SELL,35,23
2026-09-03 19:23:50,7747.71,7676.47012,7592.6995,7174.85233,58.35,13.34,63.91225,28.778668,37.259976,7803.56471,7617.73929,BUY,STRONG_BUY,STRONG_BUY,STRONG_SELL,35,23
2026-09-03 20:13:25,7747.71,7676.47012,7592.6995,7174.85233,58.35,13.34,63.91225,28.778668,37.259976,7803.56471,7617.73929,BUY,STRONG_BUY,STRONG_BUY,STRONG_SELL,35,23
2026-09-03 20:29:19,7747.71,7676.47012,7592.6995,7174.85233,58.35,13.34,63.91225,28.778668,37.259976,7803.56471,7617.73929,BUY,STRONG_BUY,STRONG_BUY,STRONG_SELL,35,23
2026-09-03 20:45:13,7747.71,7676.47012,7592.6995,7174.85233,58.35,13.34,63.91225,28.778668,37.259976,7803.56471,7617.73929,BUY,STRONG_BUY,STRONG_BUY,STRONG_SELL,35,23
2026-09-03 20:55:11,7747.71,7676.47012,7592.6995,7174.85233,58.35,13.34,63.91225,28.778668,37.259976,7803.56471,7617.73929,BUY,STRONG_BUY,STRONG_BUY,STRONG_SELL,35,23
2026-09-03 21:11:05,7747.71,7676.47012,7592.6995,7174.85233,58.35,13.34,63.91225,28.778668,37.259976,7803.56471,7617.73929,BUY,STRONG_BUY,STRONG_BUY,STRONG_SELL,35,23
2026-09-03 21:26:59,7747.71,7676.47012,7592.6995,7174.85233,58.35,13.34,63.91225,28.778668,37.259976,7803.56471,7617.73929,BUY,STRONG_BUY,STRONG_BUY,STRONG_SELL,35,23
2026-09-03 21:42:54,7747.71,7676.47012,7592.6995,7174.85233,58.35,13.34,63.91225,28.778668,37.259976,7803.56471,7617.73929,BUY,STRONG_BUY,STRONG_BUY,STRONG_SELL,35,23
2026-09-03 21:58:48,7747.71,7676.47012,7592.6995,7174.85233,58.35,13.34,63.91225,28.778668,37.259976,7803.56471,7617.73929,BUY,STRONG_BUY,STRONG_BUY,STRONG_SELL,35,23
2026-09-04 08:14:41,7747.71,7676.47012,7592.6995,7174.85233,58.35,13.34,63.91225,28.778668,37.259976,7803.56471,7617.73929,BUY,STRONG_BUY,STRONG_BUY,SELL,35,23
2026-09-04 08:30:35,7747.71,7676.47012,7592.6995,7174.85233,58.35,13.34,63.91225,28.778668,37.259976,7803.56471,7617.73929,BUY,STRONG_BUY,STRONG_BUY,SELL,35,23
2026-09-04 08:46:29,7747.71,7676.47012,7592.6995,7174.85233,58.35,13.34,63.91225,28.778668,37.259976,7803.56471,7617.73929,BUY,STRONG_BUY,STRONG_BUY,SELL,35,23
2026-09-04 09:02:23,7747.71,7676.47012,7592.6995,7174.85233,58.35,13.34,63.91225,28.778668,37.259976,7803.56471,7617.73929,BUY,STRONG_BUY,STRONG_BUY,SELL,35,23
2026-09-04 09:18:17,7747.71,7676.47012,7592.6995,7174.85233,58.35,13.34,63.91225,28.778668,37.259976,7803.56471,7617.73929,BUY,STRONG_BUY,STRONG_BUY,SELL,35,23
2026-09-04 09:34:11,7747.71,7676.47012,7592.6995,7174.85233,58.35,13.34,63.91225,28.778668,37.259976,7803.56471,7617.73929,BUY,STRONG_BUY,STRONG_BUY,SELL,35,23
2026-09-04 09:35:53,7747.71,7676.47012,7592.6995,7174.85233,58.35,13.34,63.91225,28.778668,37.259976,7803.56471,7617.73929,BUY,STRONG_BUY,STRONG_BUY,SELL,35,23
2026-09-04 09:51:47,7739.49,7682.47201,7598.45599,7180.47062,57.46,13.51,60.44137,30.559944,35.919969,7801.14598,7618.34302,BUY,BUY,BUY,SELL,35,23
2026-09-04 10:07:41,7739.8,7682.50153,7598.46814,7180.4737,57.5,13.51,60.50852,30.584673,35.924915,7801.18175,7618.33825,BUY,BUY,BUY,SELL,35,23
2026-09-04 10:23:35,7726.89,7681.27201,7597.96187,7180.34524,56.15,13.51,61.16923,29.554816,35.718944,7799.85852,7618.37048,BUY,BUY,BUY,SELL,35,23
2026-09-04 10:39:29,7728.48,7681.42344,7598.02422,7180.36106,56.31,13.51,61.23352,29.681653,35.744311,7800.00293,7618.38507,BUY,BUY,BUY,SELL,35,23
2026-09-04 10:55:23,7719.77,7680.59391,7597.68265,7180.2744,55.43,13.51,61.60494,28.986838,35.605348,7799.27637,7618.24063,BUY,BUY,BUY,SELL,35,23
2026-09-04 11:11:17,7710.44,7679.70534,7597.31677,7180.18156,54.52,13.51,62.27066,28.242565,35.456493,7798.67412,7617.90988,BUY,BUY,BUY,SELL,55,23
2026-09-04 11:27:11,7712.89,7679.93868,7597.41285,7180.20594,54.76,13.51,62.49066,28.438006,35.495582,7798.81458,7618.01442,BUY,BUY,BUY,SELL,55,23
2026-09-04 11:43:05,7707.47,7679.42249,7597.2003,7180.15201,54.24,13.51,62.49494,28.005642,35.409109,7798.52078,7617.76622,BUY,BUY,BUY,SELL,55,23
2026-09-04 11:58:58,7713.75,7680.02058,7597.44658,7180.2145,54.84,13.51,62.49494,28.50661,35.509302,7798.86687,7618.04813,BUY,BUY,BUY,SELL,55,23
2026-09-04 12:14:52,7716.52,7680.28439,7597.5552,7180.24206,55.11,13.51,62.49494,28.727579,35.553496,7799.04585,7618.14615,BUY,BUY,BUY,SELL,35,23
2026-09-04 12:30:46,7724.83,7681.07582,7597.88108,7180.32475,55.94,13.51,62.49494,29.390485,35.686077,7799.67922,7618.34378,BUY,BUY,BUY,SELL,35,23
2026-09-04 12:46:40,7724.32,7681.02725,7597.86108,7180.31967,55.89,13.51,62.49494,29.349801,35.677941,7799.6362,7618.3358,BUY,BUY,BUY,SELL,35,23
2026-09-04 13:02:33,7728.29,7681.40534,7598.01677,7180.35917,56.29,13.51,62.49494,29.666496,35.74128,7799.9854,7618.3836,BUY,BUY,BUY,SELL,35,23
2026-09-04 13:18:27,7720.01,7680.61677,7597.69207,7180.27679,55.46,13.51,62.49494,29.005984,35.609177,7799.29427,7618.24673,BUY,BUY,BUY,SELL,35,23
2026-09-04 13:34:21,7716.75,7680.30629,7597.56422,7180.24435,55.14,13.51,62.49494,28.745927,35.557166,7799.06144,7618.15356,BUY,BUY,BUY,SELL,35,23
2026-09-04 13:50:15,7711.83,7679.83772,7597.37128,7180.19539,54.66,13.51,62.49494,28.353448,35.47867,7798.75226,7617.97074,BUY,BUY,BUY,SELL,55,23
2026-09-04 14:06:09,7708.9,7679.55868,7597.25638,7180.16624,54.38,13.51,62.49494,28.119716,35.431924,7798.5923,7617.8377,BUY,BUY,BUY,SELL,55,23
2026-09-04 14:22:03,7711.87,7679.84153,7597.37285,7180.19579,54.66,13.51,62.49494,28.356639,35.479308,7798.75457,7617.97243,BUY,BUY,BUY,SELL,55,23
2026-09-04 14:37:57,7714.31,7680.07391,7597.46854,7180.22007,54.9,13.51,62.49494,28.551283,35.518237,7798.90176,7618.06924,BUY,BUY,BUY,SELL,55,23
2026-09-04 14:53:51,7716.38,7680.27106,7597.54971,7180.24067,55.1,13.51,62.49494,28.716411,35.551263,7799.03642,7618.14158,BUY,BUY,BUY,SELL,35,23
2026-09-04 15:09:45,7718.36,7680.45963,7597.62736,7180.26037,55.3,13.51,62.49494,28.87436,35.582852,7799.17364,7618.20236,BUY,BUY,BUY,SELL,35,23
2026-09-04 15:25:39,7712.09,7679.86249,7597.38148,7180.19798,54.68,13.51,62.49494,28.374189,35.482818,7798.76733,7617.98167,BUY,BUY,BUY,SELL,55,23
2026-09-06 17:20:28,7718.6,7680.48249,7597.63677,7180.26276,55.32,13.51,62.49494,28.893505,35.586681,7799.19083,7618.20917,BUY,BUY,BUY,SELL,35,23
2026-09-06 18:31:47,7718.6,7680.48249,7597.63677,7180.26276,55.32,13.51,62.49494,28.893505,35.586681,7799.19083,7618.20917,BUY,BUY,BUY,SELL,35,23
2026-09-06 18:47:40,7718.6,7680.48249,7597.63677,7180.26276,55.32,13.51,62.49494,28.893505,35.586681,7799.19083,7618.20917,BUY,BUY,BUY,SELL,35,23
2026-09-06 19:03:34,7718.6,7680.48249,7597.63677,7180.26276,55.32,13.51,62.49494,28.893505,35.586681,7799.19083,7618.20917,BUY,BUY,BUY,SELL,35,23
2026-09-06 19:19:30,7718.6,7680.48249,7597.63677,7180.26276,55.32,13.51,62.49494,28.893505,35.586681,7799.19083,7618.20917,BUY,BUY,BUY,SELL,35,23
2026-09-06 19:35:26,7718.6,7680.48249,7597.63677,7180.26276,55.32,13.51,62.49494,28.893505,35.586681,7799.19083,7618.20917,BUY,BUY,BUY,SELL,35,23
2026-09-06 19:51:20,7718.6,7680.48249,7597.63677,7180.26276,55.32,13.51,62.49494,28.893505,35.586681,7799.19083,7618.20917,BUY,BUY,BUY,SELL,35,23
2026-09-06 20:07:14,7718.6,7680.48249,7597.63677,7180.26276,55.32,13.51,62.49494,28.893505,35.586681,7799.19083,7618.20917,BUY,BUY,BUY,SELL,35,23
2026-09-06 20:23:07,7718.6,7680.48249,7597.63677,7180.26276,55.32,13.51,62.49494,28.893505,35.586681,7799.19083,7618.20917,BUY,BUY,BUY,SELL,35,23
2026-09-06 20:39:01,7718.6,7680.48249,7597.63677,7180.26276,55.32,13.51,62.49494,28.893505,35.586681,7799.19083,7618.20917,BUY,BUY,BUY,SELL,35,23
2026-09-06 20:54:55,7718.6,7680.48249,7597.63677,7180.26276,55.32,13.51,62.49494,28.893505,35.586681,7799.19083,7618.20917,BUY,BUY,BUY,SELL,35,23
2026-09-06 21:10:49,7718.6,7680.48249,7597.63677,7180.26276,55.32,13.51,62.49494,28.893505,35.586681,7799.19083,7618.20917,BUY,BUY,BUY,SELL,35,23
2026-09-06 21:26:43,7718.6,7680.48249,7597.63677,7180.26276,55.32,13.51,62.49494,28.893505,35.586681,7799.19083,7618.20917,BUY,BUY,BUY,SELL,35,23
2026-09-06 21:42:37,7718.6,7680.48249,7597.63677,7180.26276,55.32,13.51,62.49494,28.893505,35.586681,7799.19083,7618.20917,BUY,BUY,BUY,SELL,35,23
2026-09-06 21:58:30,7718.6,7680.48249,7597.63677,7180.26276,55.32,13.51,62.49494,28.893505,35.586681,7799.19083,7618.20917,BUY,BUY,BUY,SELL,35,23
2026-09-06 22:14:24,7718.6,7680.48249,7597.63677,7180.26276,55.32,13.51,62.49494,28.893505,35.586681,7799.19083,7618.20917,BUY,BUY,BUY,SELL,35,23
2026-09-06 22:30:18,7718.6,7680.48249,7597.63677,7180.26276,55.32,13.51,62.49494,28.893505,35.586681,7799.19083,7618.20917,BUY,BUY,BUY,SELL,35,23
2026-09-06 22:46:12,7718.6,7680.48249,7597.63677,7180.26276,55.32,13.51,62.49494,28.893505,35.586681,7799.19083,7618.20917,BUY,BUY,BUY,SELL,35,23
2026-09-06 23:02:06,7718.6,7680.48249,7597.63677,7180.26276,55.32,13.51,62.49494,28.893505,35.586681,7799.19083,7618.20917,BUY,BUY,BUY,SELL,35,23
2026-09-07 08:08:26,7718.6,7680.48249,7597.63677,7180.26276,55.32,13.51,62.49494,28.893505,35.586681,7799.19083,7618.20917,BUY,BUY,BUY,SELL,35,23
2026-09-07 08:24:20,7718.6,7680.48249,7597.63677,7180.26276,55.32,13.51,62.49494,28.893505,35.586681,7799.19083,7618.20917,BUY,BUY,BUY,SELL,35,23
2026-09-07 08:40:14,7718.6,7680.48249,7597.63677,7180.26276,55.32,13.51,62.49494,28.893505,35.586681,7799.19083,7618.20917,BUY,BUY,BUY,SELL,35,23
2026-09-07 08:56:08,7718.6,7680.48249,7597.63677,7180.26276,55.32,13.51,62.49494,28.893505,35.586681,7799.19083,7618.20917,BUY,BUY,BUY,SELL,35,23
2026-09-07 09:12:01,7718.6,7680.48249,7597.63677,7180.26276,55.32,13.51,62.49494,28.893505,35.586681,7799.19083,7618.20917,BUY,BUY,BUY,SELL,35,23
2026-09-07 09:27:55,7718.6,7680.48249,7597.63677,7180.26276,55.32,13.51,62.49494,28.893505,35.586681,7799.19083,7618.20917,BUY,BUY,BUY,SELL,35,23
2026-09-07 09:43:49,7718.6,7680.48249,7597.63677,7180.26276,55.32,13.51,62.49494,28.893505,35.586681,7799.19083,7618.20917,BUY,BUY,BUY,SELL,35,23
2026-09-07 09:59:43,7718.6,7680.48249,7597.63677,7180.26276,55.32,13.51,62.49494,28.893505,35.586681,7799.19083,7618.20917,BUY,BUY,BUY,SELL,35,23
2026-09-07 10:15:36,7718.6,7680.48249,7597.63677,7180.26276,55.32,13.51,62.49494,28.893505,35.586681,7799.19083,7618.20917,BUY,BUY,BUY,SELL,35,23
2026-09-07 10:31:31,7718.6,7680.48249,7597.63677,7180.26276,55.32,13.51,62.49494,28.893505,35.586681,7799.19083,7618.20917,BUY,BUY,BUY,SELL,35,23
2026-09-07 10:47:24,7718.6,7680.48249,7597.63677,7180.26276,55.32,13.51,62.49494,28.893505,35.586681,7799.19083,7618.20917,BUY,BUY,BUY,SELL,35,23
2026-09-07 11:03:18,7718.6,7680.48249,7597.63677,7180.26276,55.32,13.51,62.49494,28.893505,35.586681,7799.19083,7618.20917,BUY,BUY,BUY,SELL,35,23
2026-09-07 11:19:12,7718.6,7680.48249,7597.63677,7180.26276,55.32,13.51,62.49494,28.893505,35.586681,7799.19083,7618.20917,BUY,BUY,BUY,SELL,35,23
2026-09-07 11:35:06,7718.6,7680.48249,7597.63677,7180.26276,55.32,13.51,62.49494,28.893505,35.586681,7799.19083,7618.20917,BUY,BUY,BUY,SELL,35,23
2026-09-07 11:50:59,7718.6,7680.48249,7597.63677,7180.26276,55.32,13.51,62.49494,28.893505,35.586681,7799.19083,7618.20917,BUY,BUY,BUY,SELL,35,23
2026-09-07 12:06:54,7718.6,7680.48249,7597.63677,7180.26276,55.32,13.51,62.49494,28.893505,35.586681,7799.19083,7618.20917,BUY,BUY,BUY,SELL,35,23
2026-09-07 12:22:48,7718.6,7680.48249,7597.63677,7180.26276,55.32,13.51,62.49494,28.893505,35.586681,7799.19083,7618.20917,BUY,BUY,BUY,SELL,35,23
2026-09-07 12:38:42,7718.6,7680.48249,7597.63677,7180.26276,55.32,13.51,62.49494,28.893505,35.586681,7799.19083,7618.20917,BUY,BUY,BUY,SELL,35,23
2026-09-07 12:54:36,7718.6,7680.48249,7597.63677,7180.26276,55.32,13.51,62.49494,28.893505,35.586681,7799.19083,7618.20917,BUY,BUY,BUY,SELL,35,23
2026-09-07 13:10:30,7718.6,7680.48249,7597.63677,7180.26276,55.32,13.51,62.49494,28.893505,35.586681,7799.19083,7618.20917,BUY,BUY,BUY,SELL,35,23
2026-09-07 13:26:23,7718.6,7680.48249,7597.63677,7180.26276,55.32,13.51,62.49494,28.893505,35.586681,7799.19083,7618.20917,BUY,BUY,BUY,SELL,35,23
2026-09-07 13:42:17,7718.6,7680.48249,7597.63677,7180.26276,55.32,13.51,62.49494,28.893505,35.586681,7799.19083,7618.20917,BUY,BUY,BUY,SELL,35,23
2026-09-07 13:58:11,7718.6,7680.48249,7597.63677,7180.26276,55.32,13.51,62.49494,28.893505,35.586681,7799.19083,7618.20917,BUY,BUY,BUY,SELL,35,23
2026-09-07 14:14:05,7718.6,7680.48249,7597.63677,7180.26276,55.32,13.51,62.49494,28.893505,35.586681,7799.19083,7618.20917,BUY,BUY,BUY,SELL,35,23
2026-09-07 14:29:59,7718.6,7680.48249,7597.63677,7180.26276,55.32,13.51,62.49494,28.893505,35.586681,7799.19083,7618.20917,BUY,BUY,BUY,SELL,35,23
2026-09-07 14:45:53,7718.6,7680.48249,7597.63677,7180.26276,55.32,13.51,62.49494,28.893505,35.586681,7799.19083,7618.20917,BUY,BUY,BUY,SELL,35,23
2026-09-07 15:01:46,7718.6,7680.48249,7597.63677,7180.26276,55.32,13.51,62.49494,28.893505,35.586681,7799.19083,7618.20917,BUY,BUY,BUY,SELL,35,23
2026-09-07 15:17:41,7718.6,7680.48249,7597.63677,7180.26276,55.32,13.51,62.49494,28.893505,35.586681,7799.19083,7618.20917,BUY,BUY,BUY,SELL,35,23
2026-09-07 15:33:35,7718.6,7680.48249,7597.63677,7180.26276,55.32,13.51,62.49494,28.893505,35.586681,7799.19083,7618.20917,BUY,BUY,BUY,SELL,35,23
2026-09-07 15:49:29,7718.6,7680.48249,7597.63677,7180.26276,55.32,13.51,62.49494,28.893505,35.586681,7799.19083,7618.20917,BUY,BUY,BUY,SELL,35,23
2026-09-07 16:05:23,7718.6,7680.48249,7597.63677,7180.26276,55.32,13.51,62.49494,28.893505,35.586681,7799.19083,7618.20917,BUY,BUY,BUY,SELL,35,23
2026-09-07 16:21:17,7718.6,7680.48249,7597.63677,7180.26276,55.32,13.51,62.49494,28.893505,35.586681,7799.19083,7618.20917,BUY,BUY,BUY,SELL,35,23
2026-09-07 16:37:11,7718.6,7680.48249,7597.63677,7180.26276,55.32,13.51,62.49494,28.893505,35.586681,7799.19083,7618.20917,BUY,BUY,BUY,SELL,35,23
2026-09-07 16:53:05,7718.6,7680.48249,7597.63677,7180.26276,55.32,13.51,62.49494,28.893505,35.586681,7799.19083,7618.20917,BUY,BUY,BUY,SELL,35,23
2026-09-07 17:07:28,7718.6,7680.48249,7597.63677,7180.26276,55.32,13.51,62.49494,28.893505,35.586681,7799.19083,7618.20917,BUY,BUY,BUY,SELL,35,23
2026-09-07 17:23:22,7718.6,7680.48249,7597.63677,7180.26276,55.32,13.51,62.49494,28.893505,35.586681,7799.19083,7618.20917,BUY,BUY,BUY,SELL,35,23
2026-09-07 17:39:16,7718.6,7680.48249,7597.63677,7180.26276,55.32,13.51,62.49494,28.893505,35.586681,7799.19083,7618.20917,BUY,BUY,BUY,SELL,35,23
2026-09-07 17:55:10,7718.6,7680.48249,7597.63677,7180.26276,55.32,13.51,62.49494,28.893505,35.586681,7799.19083,7618.20917,BUY,BUY,BUY,SELL,35,23
2026-09-07 18:11:04,7718.6,7680.48249,7597.63677,7180.26276,55.32,13.51,62.49494,28.893505,35.586681,7799.19083,7618.20917,BUY,BUY,BUY,SELL,35,23
2026-09-07 18:26:58,7718.6,7680.48249,7597.63677,7180.26276,55.32,13.51,62.49494,28.893505,35.586681,7799.19083,7618.20917,BUY,BUY,BUY,SELL,35,23
2026-09-07 18:42:52,7718.6,7680.48249,7597.63677,7180.26276,55.32,13.51,62.49494,28.893505,35.586681,7799.19083,7618.20917,BUY,BUY,BUY,SELL,35,23
2026-09-07 18:58:46,7718.6,7680.48249,7597.63677,7180.26276,55.32,13.51,62.49494,28.893505,35.586681,7799.19083,7618.20917,BUY,BUY,BUY,SELL,35,23
2026-09-07 19:14:40,7718.6,7680.48249,7597.63677,7180.26276,55.32,13.51,62.49494,28.893505,35.586681,7799.19083,7618.20917,BUY,BUY,BUY,SELL,35,23
2026-09-07 19:30:34,7718.6,7680.48249,7597.63677,7180.26276,55.32,13.51,62.49494,28.893505,35.586681,7799.19083,7618.20917,BUY,BUY,BUY,SELL,35,23
2026-09-07 19:46:28,7718.6,7680.48249,7597.63677,7180.26276,55.32,13.51,62.49494,28.893505,35.586681,7799.19083,7618.20917,BUY,BUY,BUY,SELL,35,23
2026-09-07 20:02:22,7718.6,7680.48249,7597.63677,7180.26276,55.32,13.51,62.49494,28.893505,35.586681,7799.19083,7618.20917,BUY,BUY,BUY,SELL,35,23
2026-09-07 20:18:16,7718.6,7680.48249,7597.63677,7180.26276,55.32,13.51,62.49494,28.893505,35.586681,7799.19083,7618.20917,BUY,BUY,BUY,SELL,35,23
2026-09-07 20:34:10,7718.6,7680.48249,7597.63677,7180.26276,55.32,13.51,62.49494,28.893505,35.586681,7799.19083,7618.20917,BUY,BUY,BUY,SELL,35,23
2026-09-07 20:50:03,7718.6,7680.48249,7597.63677,7180.26276,55.32,13.51,62.49494,28.893505,35.586681,7799.19083,7618.20917,BUY,BUY,BUY,SELL,35,23
2026-09-07 21:05:57,7718.6,7680.48249,7597.63677,7180.26276,55.32,13.51,62.49494,28.893505,35.586681,7799.19083,7618.20917,BUY,BUY,BUY,SELL,35,23
2026-09-07 21:21:51,7718.6,7680.48249,7597.63677,7180.26276,55.32,13.51,62.49494,28.893505,35.586681,7799.19083,7618.20917,BUY,BUY,BUY,SELL,35,23
2026-09-07 21:37:45,7718.6,7680.48249,7597.63677,7180.26276,55.32,13.51,62.49494,28.893505,35.586681,7799.19083,7618.20917,BUY,BUY,BUY,SELL,35,23
2026-09-07 22:04:32,7718.6,7680.48249,7597.63677,7180.26276,55.32,13.51,62.49494,28.893505,35.586681,7799.19083,7618.20917,BUY,BUY,BUY,SELL,35,23
2026-09-07 22:07:45,7718.6,7680.48249,7597.63677,7180.26276,55.32,13.51,62.49494,28.893505,35.586681,7799.19083,7618.20917,BUY,BUY,BUY,SELL,35,23
2026-09-07 22:10:33,7718.6,7680.48249,7597.63677,7180.26276,55.32,13.51,62.49494,28.893505,35.586681,7799.19083,7618.20917,BUY,BUY,BUY,SELL,35,23
2026-09-07 22:14:51,7718.6,7680.48249,7597.63677,7180.26276,55.32,13.51,62.49494,28.893505,35.586681,7799.19083,7618.20917,BUY,BUY,BUY,SELL,35,23
2026-09-08 08:03:35,7718.6,7680.48249,7597.63677,7180.26276,55.32,13.51,62.49494,28.893505,35.586681,7799.19083,7618.20917,BUY,BUY,BUY,BUY,35,23
2026-09-08 08:19:30,7718.6,7680.48249,7597.63677,7180.26276,55.32,13.51,62.49494,28.893505,35.586681,7799.19083,7618.20917,BUY,BUY,BUY,BUY,35,23
2026-09-08 08:35:24,7718.6,7680.48249,7597.63677,7180.26276,55.32,13.51,62.49494,28.893505,35.586681,7799.19083,7618.20917,BUY,BUY,BUY,NEUTRAL,35,23
2026-09-08 08:51:17,7718.6,7680.48249,7597.63677,7180.26276,55.32,13.51,62.49494,28.893505,35.586681,7799.19083,7618.20917,BUY,BUY,BUY,NEUTRAL,35,23
2026-09-08 09:07:11,7718.6,7680.48249,7597.63677,7180.26276,55.32,13.51,62.49494,28.893505,35.586681,7799.19083,7618.20917,BUY,BUY,BUY,NEUTRAL,35,23
2026-09-08 09:23:05,7718.6,7680.48249,7597.63677,7180.26276,55.32,13.51,62.49494,28.893505,35.586681,7799.19083,7618.20917,BUY,BUY,BUY,NEUTRAL,35,23
2026-09-08 09:38:59,7718.6,7680.48249,7597.63677,7180.26276,55.32,13.51,62.49494,28.893505,35.586681,7799.19083,7618.20917,BUY,BUY,BUY,NEUTRAL,35,23
2026-09-08 09:54:53,7687.35,7681.13653,7601.15494,7185.3084,52.18,13.31,60.37173,26.161328,33.701611,7793.96742,7616.85658,BUY,NEUTRAL,NEUTRAL,BUY,30,23
2026-09-08 10:10:47,7691.33,7681.51558,7601.31102,7185.348,52.56,13.27,60.52102,26.478821,33.765109,7794.02094,7617.20106,BUY,NEUTRAL,BUY,BUY,47,23
2026-09-08 10:26:41,7681.48,7680.57749,7600.92474,7185.24999,51.63,13.13,61.09602,25.693066,33.607958,7793.9499,7616.2871,BUY,NEUTRAL,NEUTRAL,NEUTRAL,30,23
2026-09-08 10:42:36,7682.73,7680.69653,7600.97376,7185.26243,51.75,13.13,61.09602,25.792781,33.627901,7793.94752,7616.41448,BUY,NEUTRAL,NEUTRAL,NEUTRAL,30,23
2026-09-08 10:58:30,7686.03,7681.01082,7601.10317,7185.29527,52.06,13.13,61.09602,26.056029,33.680551,7793.95712,7616.73488,BUY,NEUTRAL,NEUTRAL,NEUTRAL,30,23
2026-09-08 11:14:24,7692.72,7681.64796,7601.36553,7185.36183,52.7,13.13,61.09602,26.589705,33.787286,7794.0476,7617.3134,BUY,NEUTRAL,BUY,NEUTRAL,47,23
2026-09-08 11:30:18,7694.6,7681.82701,7601.43925,7185.38054,52.88,13.13,61.09602,26.739676,33.81728,7794.09023,7617.45877,BUY,BUY,BUY,NEUTRAL,55,23
2026-09-08 11:46:12,7690.15,7681.4032,7601.26474,7185.33626,52.45,13.13,61.09602,26.38469,33.746283,7794.00155,7617.10245,BUY,NEUTRAL,BUY,NEUTRAL,47,23
2026-09-08 12:02:06,7691.26,7681.50892,7601.30827,7185.34731,52.56,13.13,61.09602,26.473237,33.763993,7794.0197,7617.1953,BUY,NEUTRAL,BUY,NEUTRAL,47,23
2026-09-08 12:18:00,7691.4,7681.52225,7601.31376,7185.3487,52.57,13.13,61.09602,26.484405,33.766226,7794.02218,7617.20682,BUY,NEUTRAL,BUY,NEUTRAL,47,23
2026-09-08 14:31:55,7692.98,7681.67272,7601.37572,7185.36442,52.72,13.13,61.09602,26.610445,33.791434,7794.05304,7617.33396,BUY,NEUTRAL,BUY,NEUTRAL,47,23
2026-09-08 14:47:49,7689.14,7681.30701,7601.22513,7185.32621,52.35,13.13,61.09602,26.30412,33.730169,7793.98731,7617.01569,BUY,NEUTRAL,NEUTRAL,NEUTRAL,30,23
2026-09-08 15:03:43,7683.3,7680.75082,7600.99611,7185.2681,51.8,13.09,61.28459,25.838252,33.636995,7793.94754,7616.47146,BUY,NEUTRAL,SELL,NEUTRAL,30,23
2026-09-08 15:19:36,7684.63,7680.87749,7601.04827,7185.28134,51.93,13.09,61.28459,25.944348,33.658215,7793.95023,7616.60177,BUY,NEUTRAL,SELL,BUY,30,23
2026-09-08 15:35:30,7680.77,7680.50987,7600.8969,7185.24293,51.57,13.09,61.28459,25.636428,33.596631,7793.95272,7616.21328,BUY,NEUTRAL,SELL,NEUTRAL,30,23
2026-09-08 15:51:24,7685.35,7680.94606,7601.07651,7185.2885,51.99,13.09,61.28459,26.001784,33.669702,7793.95325,7616.67075,BUY,NEUTRAL,SELL,NEUTRAL,30,23
2026-09-08 16:07:17,7672.24,7679.69749,7600.56239,7185.15805,50.79,13.04,61.49602,24.955972,33.46054,7794.06907,7615.24393,BUY,NEUTRAL,SELL,BUY,26,23
2026-09-08 16:23:11,7673.52,7679.81939,7600.61258,7185.17079,50.91,12.99,61.71745,25.058081,33.480961,7794.04195,7615.39905,BUY,NEUTRAL,SELL,BUY,26,23
2026-09-08 16:39:05,7673.52,7679.81939,7600.61258,7185.17079,50.91,12.99,61.71745,25.058081,33.480961,7794.04195,7615.39905,BUY,NEUTRAL,SELL,BUY,26,23
2026-09-08 16:54:59,7673.52,7679.81939,7600.61258,7185.17079,50.91,12.99,61.71745,25.058081,33.480961,7794.04195,7615.39905,BUY,NEUTRAL,SELL,BUY,26,23
2026-09-08 17:10:53,7673.52,7679.81939,7600.61258,7185.17079,50.91,12.99,61.71745,25.058081,33.480961,7794.04195,7615.39905,BUY,NEUTRAL,SELL,BUY,26,23
2026-09-08 17:26:46,7673.52,7679.81939,7600.61258,7185.17079,50.91,12.99,61.71745,25.058081,33.480961,7794.04195,7615.39905,BUY,NEUTRAL,SELL,BUY,26,23
2026-09-08 17:42:41,7673.52,7679.81939,7600.61258,7185.17079,50.91,12.99,61.71745,25.058081,33.480961,7794.04195,7615.39905,BUY,NEUTRAL,SELL,BUY,26,23
2026-09-08 17:58:35,7673.52,7679.81939,7600.61258,7185.17079,50.91,12.99,61.71745,25.058081,33.480961,7794.04195,7615.39905,BUY,NEUTRAL,SELL,BUY,26,23
2026-09-08 18:30:40,7673.52,7679.81939,7600.61258,7185.17079,50.91,12.99,61.71745,25.058081,33.480961,7794.04195,7615.39905,BUY,NEUTRAL,SELL,,26,23
2026-09-08 18:38:24,7673.52,7679.81939,7600.61258,7185.17079,50.91,12.99,61.71745,25.058081,33.480961,7794.04195,7615.39905,BUY,NEUTRAL,SELL,BUY,26,23
2026-09-08 18:54:18,7673.52,7679.81939,7600.61258,7185.17079,50.91,12.99,61.71745,25.058081,33.480961,7794.04195,7615.39905,BUY,NEUTRAL,SELL,BUY,26,23
2026-09-08 19:10:12,7673.52,7679.81939,7600.61258,7185.17079,50.91,12.99,61.71745,25.058081,33.480961,7794.04195,7615.39905,BUY,NEUTRAL,SELL,BUY,26,23
2026-09-08 20:22:30,7673.52,7679.81939,7600.61258,7185.17079,50.91,12.99,61.71745,25.058081,33.480961,7794.04195,7615.39905,BUY,NEUTRAL,SELL,BUY,26,23
2026-09-08 20:38:24,7673.52,7679.81939,7600.61258,7185.17079,50.91,12.99,61.71745,25.058081,33.480961,7794.04195,7615.39905,BUY,NEUTRAL,SELL,BUY,26,23
2026-09-08 20:54:18,7673.52,7679.81939,7600.61258,7185.17079,50.91,12.99,61.71745,25.058081,33.480961,7794.04195,7615.39905,BUY,NEUTRAL,SELL,BUY,26,23
2026-09-08 21:10:12,7673.52,7679.81939,7600.61258,7185.17079,50.91,12.99,61.71745,25.058081,33.480961,7794.04195,7615.39905,BUY,NEUTRAL,SELL,BUY,26,23
2026-09-08 21:26:05,7673.52,7679.81939,7600.61258,7185.17079,50.91,12.99,61.71745,25.058081,33.480961,7794.04195,7615.39905,BUY,NEUTRAL,SELL,BUY,26,23
2026-09-08 21:41:59,7673.52,7679.81939,7600.61258,7185.17079,50.91,12.99,61.71745,25.058081,33.480961,7794.04195,7615.39905,BUY,NEUTRAL,SELL,BUY,26,23
2026-09-08 21:57:53,7673.52,7679.81939,7600.61258,7185.17079,50.91,12.99,61.71745,25.058081,33.480961,7794.04195,7615.39905,BUY,NEUTRAL,SELL,BUY,26,23
2026-09-08 22:13:47,7673.52,7679.81939,7600.61258,7185.17079,50.91,12.99,61.71745,25.058081,33.480961,7794.04195,7615.39905,BUY,NEUTRAL,SELL,BUY,26,23
2026-09-08 22:29:40,7673.52,7679.81939,7600.61258,7185.17079,50.91,12.99,61.71745,25.058081,33.480961,7794.04195,7615.39905,BUY,NEUTRAL,SELL,BUY,26,23
2026-09-08 22:45:34,7673.52,7679.81939,7600.61258,7185.17079,50.91,12.99,61.71745,25.058081,33.480961,7794.04195,7615.39905,BUY,NEUTRAL,SELL,BUY,26,23
2026-09-08 23:01:27,7673.52,7679.81939,7600.61258,7185.17079,50.91,12.99,61.71745,25.058081,33.480961,7794.04195,7615.39905,BUY,NEUTRAL,SELL,BUY,26,23
2026-09-08 23:17:20,7673.52,7679.81939,7600.61258,7185.17079,50.91,12.99,61.71745,25.058081,33.480961,7794.04195,7615.39905,BUY,NEUTRAL,SELL,BUY,26,23
2026-09-08 23:33:14,7673.52,7679.81939,7600.61258,7185.17079,50.91,12.99,61.71745,25.058081,33.480961,7794.04195,7615.39905,BUY,NEUTRAL,SELL,BUY,26,23
2026-09-09 08:04:46,7673.52,7679.81939,7600.61258,7185.17079,50.91,12.99,61.71745,25.058081,33.480961,7794.04195,7615.39905,BUY,NEUTRAL,SELL,BUY,26,23
2026-09-09 08:20:40,7673.52,7679.81939,7600.61258,7185.17079,50.91,12.99,61.71745,25.058081,33.480961,7794.04195,7615.39905,BUY,NEUTRAL,SELL,BUY,26,23
2026-09-09 08:36:33,7673.52,7679.81939,7600.61258,7185.17079,50.91,12.99,61.71745,25.058081,33.480961,7794.04195,7615.39905,BUY,NEUTRAL,SELL,BUY,26,23
2026-09-09 08:52:27,7673.52,7679.81939,7600.61258,7185.17079,50.91,12.99,61.71745,25.058081,33.480961,7794.04195,7615.39905,BUY,NEUTRAL,SELL,BUY,26,23
2026-09-09 09:08:21,7673.52,7679.81939,7600.61258,7185.17079,50.91,12.99,61.71745,25.058081,33.480961,7794.04195,7615.39905,BUY,NEUTRAL,SELL,BUY,26,23
2026-09-09 09:24:14,7673.52,7679.81939,7600.61258,7185.17079,50.91,12.99,61.71745,25.058081,33.480961,7794.04195,7615.39905,BUY,NEUTRAL,SELL,BUY,26,23
2026-09-09 09:40:08,7660.68,7677.99659,7602.96817,7189.90222,49.69,12.39,58.2262,20.743283,30.933426,7791.95569,7610.73331,BUY,NEUTRAL,SELL,BUY,26,23
2026-09-09 09:56:02,7650.62,7677.0385,7602.57366,7189.80212,48.78,12.16,59.20977,19.940776,30.772924,7792.45619,7609.22681,BUY,SELL,SELL,BUY,26,40
2026-09-09 10:11:55,7651.16,7677.08993,7602.59484,7189.8075,48.82,12.16,59.20977,19.983853,30.78154,7792.42427,7609.31273,BUY,SELL,SELL,BUY,26,40
2026-09-09 10:27:49,7647.16,7676.70897,7602.43797,7189.7677,48.47,12.14,59.28692,19.664764,30.717722,7792.67411,7608.66289,BUY,SELL,SELL,BUY,26,40
2026-09-09 10:43:43,7649.86,7676.96612,7602.54386,7189.79456,48.71,12.07,59.70263,19.880149,30.760799,7792.50207,7609.10493,BUY,SELL,SELL,BUY,26,40
2026-09-09 10:59:36,7650.51,7677.02802,7602.56935,7189.80103,48.77,12.07,59.70263,19.932001,30.771169,7792.46276,7609.20924,BUY,SELL,SELL,BUY,26,40
2026-09-09 12:05:18,7638.34,7675.86897,7602.09209,7189.67993,47.71,12.3,60.83477,18.961175,30.577004,7793.33277,7607.12223,BUY,SELL,SELL,BUY,26,40
2026-09-09 12:21:12,7630.46,7675.1185,7601.78307,7189.60153,47.04,12.3,60.83477,18.332571,30.451283,7794.04315,7605.62385,BUY,SELL,SELL,BUY,26,40
2026-09-09 12:37:05,7630.69,7675.1404,7601.79209,7189.60381,47.06,12.3,60.83477,18.350918,30.454953,7794.02082,7605.66918,BUY,SELL,SELL,BUY,26,40
2026-09-09 12:52:59,7635.89,7675.63564,7601.99601,7189.65556,47.5,12.3,60.83477,18.765733,30.537916,7793.54151,7606.66849,BUY,SELL,SELL,BUY,26,40
2026-09-09 13:08:53,7641.36,7676.15659,7602.21052,7189.70998,47.97,12.3,60.83477,19.202086,30.625186,7793.09076,7607.66624,BUY,SELL,SELL,BUY,26,40
2026-09-09 13:24:47,7645.83,7676.58231,7602.38582,7189.75446,48.35,12.3,60.83477,19.558667,30.696502,7792.764,7608.44,BUY,SELL,SELL,BUY,26,40
2026-09-09 13:40:41,7645.2,7676.52231,7602.36111,7189.74819,48.3,12.3,60.83477,19.508411,30.686451,7792.80776,7608.33324,BUY,SELL,SELL,BUY,26,40
2026-09-09 13:56:35,7645.05,7676.50802,7602.35523,7189.7467,48.29,12.3,60.83477,19.496445,30.684058,7792.81829,7608.30771,BUY,SELL,NEUTRAL,BUY,26,23
2026-09-09 14:12:29,7645.93,7676.59183,7602.38974,7189.75546,48.36,12.3,60.83477,19.566645,30.698098,7792.75713,7608.45687,BUY,SELL,SELL,BUY,26,40
2026-09-09 14:28:23,7640.04,7676.03088,7602.15876,7189.69685,47.85,12.3,60.83477,19.096787,30.604126,7793.19445,7607.43055,BUY,SELL,SELL,BUY,26,40
2026-09-09 14:44:17,7642.8,7676.29374,7602.26699,7189.72431,48.09,12.3,60.83477,19.316958,30.648161,7792.98137,7607.91963,BUY,SELL,SELL,BUY,26,40
2026-09-09 15:00:11,7645.42,7676.54326,7602.36974,7189.75038,48.32,12.3,60.83477,19.525961,30.689961,7792.7924,7608.3706,BUY,SELL,NEUTRAL,BUY,26,23
2026-09-09 15:16:05,7641.78,7676.19659,7602.22699,7189.71416,48.0,12.3,60.83477,19.235591,30.631887,7793.05845,7607.74055,BUY,SELL,SELL,BUY,26,40
2026-09-09 15:31:58,7646.47,7676.64326,7602.41091,7189.76083,48.41,12.3,60.83477,19.609722,30.706713,7792.72032,7608.54768,BUY,SELL,SELL,BUY,26,40
2026-09-09 15:47:52,7642.98,7676.31088,7602.27405,7189.7261,48.11,12.3,60.83477,19.331317,30.651032,7792.96798,7607.95102,BUY,SELL,SELL,BUY,26,40
2026-09-09 16:03:46,7637.5,7675.78897,7602.05915,7189.67158,47.64,12.3,60.83477,18.894166,30.563602,7793.40309,7606.96791,BUY,SELL,SELL,BUY,26,40
2026-09-09 16:19:39,7636.36,7675.6804,7602.01444,7189.66023,47.54,12.3,60.83477,18.803226,30.545414,7793.50061,7606.75639,BUY,SELL,SELL,BUY,26,40
2026-09-09 16:35:33,7636.36,7675.6804,7602.01444,7189.66023,47.54,12.3,60.83477,18.803226,30.545414,7793.50061,7606.75639,BUY,SELL,SELL,BUY,26,40
2026-09-09 16:51:27,7636.36,7675.6804,7602.01444,7189.66023,47.54,12.3,60.83477,18.803226,30.545414,7793.50061,7606.75639,BUY,SELL,SELL,BUY,26,40
2026-09-09 18:50:06,7636.36,7675.6804,7602.01444,7189.66023,47.54,12.3,60.83477,18.803226,30.545414,7793.50061,7606.75639,BUY,SELL,SELL,BUY,26,40
2026-09-09 19:05:59,7636.36,7675.6804,7602.01444,7189.66023,47.54,12.3,60.83477,18.803226,30.545414,7793.50061,7606.75639,BUY,SELL,SELL,BUY,26,40
2026-09-09 19:21:53,7636.36,7675.6804,7602.01444,7189.66023,47.54,12.3,60.83477,18.803226,30.545414,7793.50061,7606.75639,BUY,SELL,SELL,BUY,26,40
2026-09-09 19:37:47,7636.36,7675.6804,7602.01444,7189.66023,47.54,12.3,60.83477,18.803226,30.545414,7793.50061,7606.75639,BUY,SELL,SELL,BUY,26,40
2026-09-09 19:53:43,7636.36,7675.6804,7602.01444,7189.66023,47.54,12.3,60.83477,18.803226,30.545414,7793.50061,7606.75639,BUY,SELL,SELL,BUY,26,40
2026-09-09 20:09:37,7636.36,7675.6804,7602.01444,7189.66023,47.54,12.3,60.83477,18.803226,30.545414,7793.50061,7606.75639,BUY,SELL,SELL,BUY,26,40
2026-09-09 20:25:32,7636.36,7675.6804,7602.01444,7189.66023,47.54,12.3,60.83477,18.803226,30.545414,7793.50061,7606.75639,BUY,SELL,SELL,BUY,26,40
2026-09-09 20:41:27,7636.36,7675.6804,7602.01444,7189.66023,47.54,12.3,60.83477,18.803226,30.545414,7793.50061,7606.75639,BUY,SELL,SELL,BUY,26,40
2026-09-09 20:57:22,7636.36,7675.6804,7602.01444,7189.66023,47.54,12.3,60.83477,18.803226,30.545414,7793.50061,7606.75639,BUY,SELL,SELL,BUY,26,40
2026-09-09 21:13:18,7636.36,7675.6804,7602.01444,7189.66023,47.54,12.3,60.83477,18.803226,30.545414,7793.50061,7606.75639,BUY,SELL,SELL,BUY,26,40
2026-09-09 21:29:12,7636.36,7675.6804,7602.01444,7189.66023,47.54,12.3,60.83477,18.803226,30.545414,7793.50061,7606.75639,BUY,SELL,SELL,BUY,26,40
2026-09-09 21:45:06,7636.36,7675.6804,7602.01444,7189.66023,47.54,12.3,60.83477,18.803226,30.545414,7793.50061,7606.75639,BUY,SELL,SELL,BUY,26,40
2026-09-09 22:01:00,7636.36,7675.6804,7602.01444,7189.66023,47.54,12.3,60.83477,18.803226,30.545414,7793.50061,7606.75639,BUY,SELL,SELL,BUY,26,40
2026-09-09 22:16:53,7636.36,7675.6804,7602.01444,7189.66023,47.54,12.3,60.83477,18.803226,30.545414,7793.50061,7606.75639,BUY,SELL,SELL,BUY,26,40
2026-09-10 08:10:53,7636.36,7675.6804,7602.01444,7189.66023,47.54,12.3,60.83477,18.803226,30.545414,7793.50061,7606.75639,BUY,SELL,SELL,BUY,26,40
2026-09-10 08:26:47,7636.36,7675.6804,7602.01444,7189.66023,47.54,12.3,60.83477,18.803226,30.545414,7793.50061,7606.75639,BUY,SELL,SELL,BUY,26,40
2026-09-10 08:39:21,7636.36,7675.6804,7602.01444,7189.66023,47.54,12.3,60.83477,18.803226,30.545414,7793.50061,7606.75639,BUY,SELL,SELL,BUY,26,40
2026-09-10 08:55:15,7636.36,7675.6804,7602.01444,7189.66023,47.54,12.3,60.83477,18.803226,30.545414,7793.50061,7606.75639,BUY,SELL,SELL,BUY,26,40
2026-09-10 09:11:09,7636.36,7675.6804,7602.01444,7189.66023,47.54,12.3,60.83477,18.803226,30.545414,7793.50061,7606.75639,BUY,SELL,SELL,BUY,26,40
2026-09-10 09:27:02,7636.36,7675.6804,7602.01444,7189.66023,47.54,12.3,60.83477,18.803226,30.545414,7793.50061,7606.75639,BUY,SELL,SELL,STRONG_BUY,26,40
2026-09-10 11:05:06,7605.1,7668.95846,7602.13545,7193.79396,44.85,12.29,60.51086,11.194742,26.67528,7792.20989,7593.70711,BUY,SELL,SELL,BUY,26,20
2026-09-10 11:21:00,7606.33,7669.0756,7602.18368,7193.8062,44.95,12.29,60.51086,11.292861,26.694904,7792.05484,7593.98516,BUY,SELL,SELL,BUY,26,20
2026-09-10 11:36:54,7606.24,7669.06703,7602.18015,7193.8053,44.94,12.29,60.51086,11.285682,26.693468,7792.0661,7593.9649,BUY,SELL,SELL,BUY,26,20
2026-09-10 11:52:47,7606.09,7669.05274,7602.17427,7193.80381,44.93,12.29,60.51086,11.273716,26.691075,7792.0849,7593.9311,BUY,SELL,SELL,BUY,26,20
2026-09-10 12:08:40,7598.84,7668.36227,7601.88996,7193.73167,44.35,12.29,60.51086,10.695368,26.575405,7793.03614,7592.25486,BUY,SELL,SELL,BUY,15,20
2026-09-10 12:24:34,7595.55,7668.04894,7601.76094,7193.69894,44.09,12.29,60.51086,10.432918,26.522915,7793.49479,7591.46721,BUY,SELL,SELL,BUY,15,20
2026-09-10 12:40:28,7595.12,7668.00798,7601.74407,7193.69466,44.06,12.29,60.51086,10.398616,26.516055,7793.55595,7591.36305,BUY,SELL,SELL,BUY,15,20
2026-09-10 12:56:21,7603.86,7668.84036,7602.08682,7193.78162,44.75,12.29,60.51086,11.095824,26.655496,7792.36864,7593.42436,BUY,SELL,SELL,BUY,26,20
2026-09-10 13:12:15,7607.75,7669.21084,7602.23937,7193.82033,45.07,12.29,60.51086,11.406138,26.717559,7791.87886,7594.30314,BUY,SELL,SELL,BUY,26,40
2026-09-10 13:28:09,7604.03,7668.85655,7602.09348,7193.78331,44.76,12.29,60.51086,11.109385,26.658208,7792.34673,7593.46327,BUY,SELL,SELL,BUY,26,20
2026-09-10 13:44:03,7600.25,7668.49655,7601.94525,7193.7457,44.46,12.29,60.51086,10.807847,26.597901,7792.84468,7592.58732,BUY,SELL,SELL,BUY,15,20
2026-09-10 13:59:57,7596.31,7668.12132,7601.79074,7193.7065,44.15,12.29,60.51086,10.493545,26.53504,7793.38737,7591.65063,BUY,SELL,SELL,BUY,15,20
2026-09-10 14:15:50,7591.8,7667.69179,7601.61388,7193.66162,43.8,12.29,60.51086,10.133773,26.463086,7794.03756,7590.54944,BUY,SELL,SELL,BUY,15,20
2026-09-10 14:31:44,7591.84,7667.6956,7601.61545,7193.66202,43.8,12.29,60.51086,10.136964,26.463724,7794.03166,7590.55934,BUY,SELL,SELL,STRONG_BUY,15,20
2026-09-10 14:47:38,7589.58,7667.48036,7601.52682,7193.63953,43.63,12.29,60.51086,9.956679,26.427667,7794.36874,7589.99626,BUY,SELL,SELL,STRONG_BUY,15,20
2026-09-10 15:03:31,7595.9,7668.08227,7601.77466,7193.70242,44.12,12.29,60.51086,10.460838,26.528499,7793.44521,7591.55179,BUY,SELL,SELL,STRONG_BUY,15,20
2026-09-10 15:19:25,7590.31,7667.54989,7601.55545,7193.6468,43.68,12.29,60.51086,10.014913,26.439314,7794.25904,7590.17896,BUY,SELL,SELL,STRONG_BUY,15,20
2026-09-10 15:35:19,7589.75,7667.49655,7601.53348,7193.64123,43.64,12.29,60.51086,9.97024,26.430379,7794.34313,7590.03887,BUY,SELL,SELL,STRONG_BUY,15,20
2026-09-10 15:51:13,7594.02,7667.90322,7601.70094,7193.68371,43.97,12.29,60.51086,10.310867,26.498505,7793.71369,7591.09531,BUY,SELL,SELL,STRONG_BUY,15,20
2026-09-10 16:07:07,7591.76,7667.68798,7601.61231,7193.66123,43.79,12.29,60.51086,10.130582,26.462448,7794.04346,7590.53954,BUY,SELL,SELL,STRONG_BUY,15,20
2026-09-10 16:23:01,7591.7,7667.68227,7601.60996,7193.66063,43.79,12.29,60.51086,10.125796,26.46149,7794.05232,7590.52468,BUY,SELL,SELL,STRONG_BUY,15,20
2026-09-10 16:38:54,7591.7,7667.68227,7601.60996,7193.66063,43.79,12.29,60.51086,10.125796,26.46149,7794.05232,7590.52468,BUY,SELL,SELL,STRONG_BUY,15,20
2026-09-11 08:38:03,7591.7,7667.68227,7601.60996,7193.66063,43.79,12.29,60.51086,10.125796,26.46149,7794.05232,7590.52468,BUY,SELL,SELL,BUY,15,20
2026-09-11 08:53:57,7591.7,7667.68227,7601.60996,7193.66063,43.79,12.29,60.51086,10.125796,26.46149,7794.05232,7590.52468,BUY,SELL,SELL,NEUTRAL,15,20
2026-09-11 09:09:50,7591.7,7667.68227,7601.60996,7193.66063,43.79,12.29,60.51086,10.125796,26.46149,7794.05232,7590.52468,BUY,SELL,SELL,NEUTRAL,15,20
2026-09-11 13:19:10,7670.29,7667.93062,7604.30329,7198.40321,51.1,11.54,62.28294,9.481133,23.065419,7775.35201,7596.35499,BUY,BUY,BUY,SELL,55,23
2026-09-11 13:35:04,7675.99,7668.47348,7604.52682,7198.45993,51.55,11.54,62.28294,9.935834,23.156359,7775.47311,7596.80389,BUY,BUY,BUY,SELL,55,23
2026-09-11 13:50:58,7672.6,7668.15062,7604.39388,7198.42619,51.28,11.54,62.28294,9.665407,23.102274,7775.3928,7596.5452,BUY,BUY,BUY,SELL,55,23
2026-09-11 15:28:39,7664.45,7667.37443,7604.07427,7198.3451,50.62,11.54,62.28294,9.015265,22.972245,7775.299,7595.824,BUY,BUY,NEUTRAL,NEUTRAL,43,23
2026-09-11 15:44:33,7663,7667.23634,7604.01741,7198.33067,50.5,11.54,62.28294,8.899595,22.949111,7775.29693,7595.68107,BUY,BUY,NEUTRAL,NEUTRAL,43,23
2026-09-11 16:00:28,7658.95,7666.85062,7603.85858,7198.29037,50.16,11.54,62.28294,8.576518,22.884496,7775.31434,7595.25866,BUY,BUY,SELL,NEUTRAL,43,23
2026-09-11 16:16:21,7656.98,7666.663,7603.78133,7198.27077,50.0,11.54,62.28294,8.419367,22.853066,7775.33512,7595.04088,BUY,BUY,SELL,NEUTRAL,43,23
2026-09-11 16:32:14,7656.98,7666.663,7603.78133,7198.27077,50.0,11.54,62.28294,8.419367,22.853066,7775.33512,7595.04088,BUY,BUY,SELL,NEUTRAL,43,23
2026-09-11 16:48:08,7656.98,7666.663,7603.78133,7198.27077,50.0,11.54,62.28294,8.419367,22.853066,7775.33512,7595.04088,BUY,BUY,SELL,NEUTRAL,43,23
2026-09-13 18:14:46,7656.98,7666.663,7603.78133,7198.27077,50.0,11.54,62.28294,8.419367,22.853066,7775.33512,7595.04088,BUY,BUY,SELL,NEUTRAL,43,23
2026-09-13 18:30:40,7656.98,7666.663,7603.78133,7198.27077,50.0,11.54,62.28294,8.419367,22.853066,7775.33512,7595.04088,BUY,BUY,SELL,NEUTRAL,43,23
2026-09-13 18:46:34,7656.98,7666.663,7603.78133,7198.27077,50.0,11.54,62.28294,8.419367,22.853066,7775.33512,7595.04088,BUY,BUY,SELL,NEUTRAL,43,23
2026-09-13 19:02:28,7656.98,7666.663,7603.78133,7198.27077,50.0,11.54,62.28294,8.419367,22.853066,7775.33512,7595.04088,BUY,BUY,SELL,NEUTRAL,43,23
2026-09-13 19:18:21,7656.98,7666.663,7603.78133,7198.27077,50.0,11.54,62.28294,8.419367,22.853066,7775.33512,7595.04088,BUY,BUY,SELL,NEUTRAL,43,23
2026-09-13 19:34:15,7656.98,7666.663,7603.78133,7198.27077,50.0,11.54,62.28294,8.419367,22.853066,7775.33512,7595.04088,BUY,BUY,SELL,NEUTRAL,43,23
2026-09-13 19:50:09,7656.98,7666.663,7603.78133,7198.27077,50.0,11.54,62.28294,8.419367,22.853066,7775.33512,7595.04088,BUY,BUY,SELL,NEUTRAL,43,23
2026-09-13 20:06:02,7656.98,7666.663,7603.78133,7198.27077,50.0,11.54,62.28294,8.419367,22.853066,7775.33512,7595.04088,BUY,BUY,SELL,NEUTRAL,43,23
2026-09-13 20:21:56,7656.98,7666.663,7603.78133,7198.27077,50.0,11.54,62.28294,8.419367,22.853066,7775.33512,7595.04088,BUY,BUY,SELL,NEUTRAL,43,23
2026-09-13 20:37:50,7656.98,7666.663,7603.78133,7198.27077,50.0,11.54,62.28294,8.419367,22.853066,7775.33512,7595.04088,BUY,BUY,SELL,NEUTRAL,43,23
2026-09-13 20:53:44,7656.98,7666.663,7603.78133,7198.27077,50.0,11.54,62.28294,8.419367,22.853066,7775.33512,7595.04088,BUY,BUY,SELL,NEUTRAL,43,23
2026-09-13 21:09:38,7656.98,7666.663,7603.78133,7198.27077,50.0,11.54,62.28294,8.419367,22.853066,7775.33512,7595.04088,BUY,BUY,SELL,NEUTRAL,43,23
2026-09-13 21:25:31,7656.98,7666.663,7603.78133,7198.27077,50.0,11.54,62.28294,8.419367,22.853066,7775.33512,7595.04088,BUY,BUY,SELL,NEUTRAL,43,23
2026-09-13 21:41:25,7656.98,7666.663,7603.78133,7198.27077,50.0,11.54,62.28294,8.419367,22.853066,7775.33512,7595.04088,BUY,BUY,SELL,NEUTRAL,43,23
2026-09-13 21:57:22,7656.98,7666.663,7603.78133,7198.27077,50.0,11.54,62.28294,8.419367,22.853066,7775.33512,7595.04088,BUY,BUY,SELL,NEUTRAL,43,23
2026-09-13 22:13:16,7656.98,7666.663,7603.78133,7198.27077,50.0,11.54,62.28294,8.419367,22.853066,7775.33512,7595.04088,BUY,BUY,SELL,NEUTRAL,43,23
2026-09-14 06:20:49,7656.98,7666.663,7603.78133,7198.27077,50.0,11.54,62.28294,8.419367,22.853066,7775.33512,7595.04088,BUY,BUY,SELL,STRONG_BUY,43,23
2026-09-14 19:08:56,7619.98,7662.217,7604.41657,7202.46688,46.84,11.21,62.45559,4.034907,19.089434,7758.62503,7595.17297,BUY,SELL,SELL,BUY,26,40
2026-09-14 19:24:50,7619.98,7662.217,7604.41657,7202.46688,46.84,11.21,62.45559,4.034907,19.089434,7758.62503,7595.17297,BUY,SELL,SELL,BUY,26,40
2026-09-14 19:40:44,7619.98,7662.217,7604.41657,7202.46688,46.84,11.21,62.45559,4.034907,19.089434,7758.62503,7595.17297,BUY,SELL,SELL,BUY,26,40
2026-09-14 19:56:38,7619.98,7662.217,7604.41657,7202.46688,46.84,11.21,62.45559,4.034907,19.089434,7758.62503,7595.17297,BUY,SELL,SELL,BUY,26,40
2026-09-14 20:12:32,7619.98,7662.217,7604.41657,7202.46688,46.84,11.21,62.45559,4.034907,19.089434,7758.62503,7595.17297,BUY,SELL,SELL,BUY,26,40
2026-09-14 21:04:11,7619.98,7662.217,7604.41657,7202.46688,46.84,11.21,62.45559,4.034907,19.089434,7758.62503,7595.17297,BUY,SELL,SELL,BUY,26,40
2026-09-14 21:20:04,7619.98,7662.217,7604.41657,7202.46688,46.84,11.21,62.45559,4.034907,19.089434,7758.62503,7595.17297,BUY,SELL,SELL,BUY,26,40
2026-09-14 21:35:58,7619.98,7662.217,7604.41657,7202.46688,46.84,11.21,62.45559,4.034907,19.089434,7758.62503,7595.17297,BUY,SELL,SELL,BUY,26,40
2026-09-14 22:29:58,7619.98,7662.217,7604.41657,7202.46688,46.84,11.21,62.45559,4.034907,19.089434,7758.62503,7595.17297,BUY,SELL,SELL,BUY,26,40
2026-09-15 02:50:24,7619.98,7662.217,7604.41657,7202.46688,46.84,11.21,62.45559,4.034907,19.089434,7758.62503,7595.17297,BUY,SELL,SELL,BUY,26,40
2026-09-15 03:08:35,7619.98,7662.217,7604.41657,7202.46688,46.84,11.21,62.45559,4.034907,19.089434,7758.62503,7595.17297,BUY,SELL,SELL,BUY,26,40
2026-09-15 03:14:43,7619.98,7662.217,7604.41657,7202.46688,46.84,11.21,62.45559,4.034907,19.089434,7758.62503,7595.17297,BUY,SELL,SELL,BUY,26,40
2026-09-15 08:24:16,7619.98,7662.217,7604.41657,7202.46688,46.84,11.21,62.45559,4.034907,19.089434,7758.62503,7595.17297,BUY,SELL,SELL,STRONG_BUY,26,40
2026-09-15 13:46:57,7609.37,7657.18396,7604.61082,7206.51567,45.94,10.9,59.39662,-0.292574,15.213032,7750.59975,7589.62925,BUY,NEUTRAL,SELL,BUY,26,30
2026-09-15 17:56:25,7583.81,7654.74967,7603.60847,7206.26134,43.92,11.15,61.37233,-2.331549,14.805238,7753.82507,7583.84793,BUY,SELL,SELL,BUY,15,27
2026-09-15 20:55:18,7585.73,7654.93253,7603.68377,7206.28045,44.07,11.15,61.37233,-2.178386,14.83587,7753.54016,7584.32484,BUY,SELL,SELL,BUY,15,27
2026-09-15 23:24:48,7585.73,7654.93253,7603.68377,7206.28045,44.07,11.15,61.37233,-2.178386,14.83587,7753.54016,7584.32484,BUY,SELL,SELL,BUY,15,27
2026-09-16 01:32:45,7585.73,7654.93253,7603.68377,7206.28045,44.07,11.15,61.37233,-2.178386,14.83587,7753.54016,7584.32484,BUY,SELL,SELL,BUY,15,27
2026-09-16 06:47:27,7585.73,7654.93253,7603.68377,7206.28045,44.07,11.15,61.37233,-2.178386,14.83587,7753.54016,7584.32484,BUY,SELL,SELL,BUY,15,27
2026-09-16 12:26:04,7585.73,7654.93253,7603.68377,7206.28045,44.07,11.15,61.37233,-2.178386,14.83587,7753.54016,7584.32484,BUY,SELL,SELL,BUY,15,27
2026-09-16 17:13:18,7605.36,7650.21133,7603.7495,7210.25139,46.04,10.95,59.92145,-5.4556,10.777576,7752.86147,7576.36353,BUY,NEUTRAL,SELL,BUY,26,30
2026-09-16 20:10:38,7552.25,7645.15324,7601.66675,7209.72293,41.48,11.88,65.49002,-9.692296,9.930237,7759.84759,7564.06641,BUY,SELL,SELL,BUY,15,27
2026-09-16 22:56:39,7551.81,7645.11133,7601.6495,7209.71855,41.45,11.88,65.49002,-9.727395,9.923217,7759.92436,7563.94564,BUY,SELL,SELL,BUY,15,27
2026-09-17 01:06:55,7551.81,7645.11133,7601.6495,7209.71855,41.45,11.88,65.49002,-9.727395,9.923217,7759.92436,7563.94564,BUY,SELL,SELL,BUY,15,27
2026-09-17 06:09:22,7551.81,7645.11133,7601.6495,7209.71855,41.45,11.88,65.49002,-9.727395,9.923217,7759.92436,7563.94564,BUY,SELL,SELL,BUY,15,27
2026-09-17 11:41:39,7551.81,7645.11133,7601.6495,7209.71855,41.45,11.88,65.49002,-9.727395,9.923217,7759.92436,7563.94564,BUY,SELL,SELL,SELL,15,27
2026-09-17 15:40:24,7627.35,7643.41978,7602.65736,7213.87409,48.75,12.22,67.58288,-9.505025,6.037569,7754.60974,7561.19726,BUY,BUY,NEUTRAL,SELL,43,30
2026-09-17 19:17:26,7641.68,7644.78454,7603.21932,7214.01668,49.93,12.22,67.58288,-8.361891,6.266195,7754.6199,7562.6201,BUY,BUY,NEUTRAL,STRONG_SELL,43,30
2026-09-17 22:21:03,7637.76,7644.41121,7603.0656,7213.97767,49.62,12.22,67.60145,-8.674597,6.203654,7754.57733,7562.27067,BUY,BUY,NEUTRAL,STRONG_SELL,43,30
2026-09-18 00:37:49,7637.76,7644.41121,7603.0656,7213.97767,49.62,12.22,67.60145,-8.674597,6.203654,7754.57733,7562.27067,BUY,BUY,NEUTRAL,STRONG_SELL,43,30
2026-09-18 05:14:17,7637.76,7644.41121,7603.0656,7213.97767,49.62,12.22,67.60145,-8.674597,6.203654,7754.57733,7562.27067,BUY,BUY,NEUTRAL,STRONG_SELL,43,30
2026-09-18 09:50:26,7637.76,7644.41121,7603.0656,7213.97767,49.62,12.22,67.60145,-8.674597,6.203654,7754.57733,7562.27067,BUY,BUY,NEUTRAL,SELL,43,30
2026-09-18 14:06:59,7631.23,7643.15585,7604.17008,7218.12943,49.06,12.36,64.77635,-8.271811,3.308561,7754.53377,7561.32123,BUY,NEUTRAL,NEUTRAL,SELL,26,30
2026-09-18 17:41:39,7623.71,7642.43966,7603.87518,7218.05461,48.43,12.36,66.10492,-8.871697,3.188584,7754.62787,7560.47513,BUY,NEUTRAL,NEUTRAL,SELL,26,30
2026-09-18 19:58:50,7645.57,7644.52157,7604.73244,7218.27212,50.29,12.36,66.10492,-7.12788,3.537347,7754.65858,7562.63042,BUY,BUY,BUY,SELL,55,30
2026-09-20 23:09:03,7650.5,7644.99109,7604.92577,7218.32118,50.71,12.36,66.10492,-6.734603,3.616003,7754.7948,7562.9872,BUY,BUY,BUY,SELL,55,30
2026-09-21 01:05:41,7650.5,7644.99109,7604.92577,7218.32118,50.71,12.36,66.10492,-6.734603,3.616003,7754.7948,7562.9872,BUY,BUY,BUY,SELL,55,30
2026-09-21 06:21:10,7650.5,7644.99109,7604.92577,7218.32118,50.71,12.36,66.10492,-6.734603,3.616003,7754.7948,7562.9872,BUY,BUY,BUY,SELL,55,30
2026-09-21 13:09:37,7650.5,7644.99109,7604.92577,7218.32118,50.71,12.36,66.10492,-6.734603,3.616003,7754.7948,7562.9872,BUY,BUY,BUY,STRONG_SELL,55,30
2026-09-21 18:42:48,7767.83,7656.69004,7611.31417,7223.78893,59.47,12.08,69.89314,4.22174,3.73715,7770.50236,7556.62564,BUY,STRONG_BUY,STRONG_BUY,STRONG_SELL,50,15
