timestamp,close,ema20,ema50,ema200,rsi,adx,atr,macd,macd_signal,bb_upper,bb_lower,rec_w,rec_d,rec_4h,dxy_rec,score_b,score_s
2026-08-09 17:07:30,0.58964,0.58359,0.58139,0.58338,63.85,27.91,0.003,0.003214,0.002455,0.59213,0.57536,BUY,STRONG_BUY,STRONG_BUY,SELL,46,10
2026-08-09 17:13:01,0.58964,0.58359,0.58139,0.58338,63.85,27.91,0.003,0.003214,0.002455,0.59213,0.57536,BUY,STRONG_BUY,STRONG_BUY,,46,20
2026-08-09 17:28:42,0.58964,0.58359,0.58139,0.58338,63.85,27.91,0.003,0.003214,0.002455,0.59213,0.57536,BUY,STRONG_BUY,STRONG_BUY,SELL,46,10
2026-08-09 17:44:22,0.5885,0.58348,0.58135,0.58337,61.62,27.91,0.003,0.003123,0.002437,0.59192,0.57545,BUY,BUY,STRONG_BUY,SELL,46,10
2026-08-09 18:00:02,0.58914,0.58354,0.58137,0.58338,63.04,27.91,0.003,0.003174,0.002447,0.59203,0.57541,BUY,STRONG_BUY,BUY,SELL,46,10
2026-08-09 19:20:40,0.5891,0.58354,0.58137,0.58338,62.95,27.91,0.003,0.003171,0.002447,0.59203,0.57541,BUY,STRONG_BUY,BUY,SELL,46,10
2026-08-09 19:36:20,0.5889,0.58352,0.58136,0.58338,62.5,27.91,0.003,0.003155,0.002444,0.59199,0.57542,BUY,BUY,BUY,SELL,46,10
2026-08-09 19:52:01,0.58881,0.58351,0.58136,0.58337,62.3,27.91,0.003,0.003148,0.002442,0.59198,0.57543,BUY,BUY,BUY,SELL,46,10
2026-08-09 20:07:42,0.58873,0.5835,0.58135,0.58337,62.12,27.91,0.003,0.003141,0.002441,0.59196,0.57544,BUY,BUY,BUY,SELL,46,10
2026-08-09 20:23:22,0.58857,0.58349,0.58135,0.58337,61.77,27.91,0.003,0.003128,0.002438,0.59193,0.57545,BUY,BUY,BUY,SELL,46,10
2026-08-09 20:39:03,0.58843,0.58347,0.58134,0.58337,61.47,27.91,0.003,0.003117,0.002436,0.59191,0.57546,BUY,BUY,BUY,SELL,46,10
2026-08-09 20:54:43,0.58845,0.58348,0.58134,0.58337,61.52,27.91,0.003,0.003119,0.002436,0.59191,0.57546,BUY,BUY,BUY,SELL,46,10
2026-08-09 21:04:14,0.58831,0.58346,0.58134,0.58337,61.22,27.91,0.003,0.003108,0.002434,0.59189,0.57546,BUY,BUY,BUY,SELL,46,10
2026-08-09 21:19:55,0.58855,0.58348,0.58135,0.58337,61.62,27.91,0.003,0.003123,0.002437,0.59192,0.57545,BUY,BUY,BUY,SELL,46,10
2026-08-09 21:35:37,0.58832,0.58346,0.58134,0.58337,61.24,27.91,0.003,0.003108,0.002434,0.59189,0.57546,BUY,BUY,BUY,SELL,46,10
2026-08-09 21:51:17,0.58851,0.58348,0.58135,0.58337,61.64,27.91,0.003,0.003124,0.002437,0.59192,0.57545,BUY,BUY,BUY,SELL,46,10
2026-08-09 22:04:37,0.58841,0.58347,0.58134,0.58337,61.43,27.91,0.003,0.003116,0.002436,0.59191,0.57546,BUY,BUY,BUY,SELL,46,10
2026-08-09 22:20:18,0.5883,0.58346,0.58134,0.58337,61.19,27.91,0.003,0.003107,0.002434,0.59189,0.57547,BUY,BUY,BUY,SELL,46,10
2026-08-09 22:35:58,0.58828,0.58346,0.58134,0.58337,61.15,27.91,0.003,0.003105,0.002434,0.59189,0.57547,BUY,BUY,BUY,SELL,46,10
2026-08-09 22:51:39,0.58818,0.58345,0.58133,0.58337,60.94,27.91,0.003,0.003097,0.002432,0.59187,0.57547,BUY,BUY,BUY,SELL,46,10
2026-08-09 23:07:20,0.58784,0.58342,0.58132,0.58337,60.23,27.91,0.003,0.00307,0.002427,0.59182,0.57549,BUY,STRONG_BUY,BUY,SELL,46,10
2026-08-10 08:03:14,0.58892,0.58352,0.58136,0.58338,62.54,27.91,0.003,0.003156,0.002444,0.59199,0.57542,BUY,BUY,STRONG_BUY,SELL,46,10
2026-08-10 08:18:55,0.58872,0.5835,0.58135,0.58337,62.1,27.91,0.003,0.00314,0.002441,0.59196,0.57544,BUY,BUY,STRONG_BUY,SELL,46,10
2026-08-10 08:34:35,0.58856,0.58349,0.58135,0.58337,61.75,27.91,0.003,0.003128,0.002438,0.59193,0.57545,BUY,BUY,STRONG_BUY,NEUTRAL,46,20
2026-08-10 08:46:15,0.58832,0.58346,0.58134,0.58337,61.24,27.91,0.003,0.003108,0.002434,0.59189,0.57546,BUY,BUY,BUY,NEUTRAL,46,20
2026-08-10 09:01:56,0.58843,0.58347,0.58134,0.58337,61.47,27.91,0.003,0.003117,0.002436,0.59191,0.57546,BUY,BUY,BUY,NEUTRAL,46,20
2026-08-10 09:17:36,0.58861,0.58349,0.58135,0.58337,61.86,27.91,0.003,0.003132,0.002439,0.59194,0.57544,BUY,BUY,STRONG_BUY,SELL,46,10
2026-08-10 09:33:17,0.58847,0.58348,0.58134,0.58337,61.56,27.91,0.003,0.00312,0.002437,0.59192,0.57545,BUY,BUY,STRONG_BUY,NEUTRAL,46,20
2026-08-10 10:29:31,0.58909,0.58354,0.58137,0.58338,62.93,27.91,0.003,0.00317,0.002447,0.59202,0.57541,BUY,BUY,STRONG_BUY,SELL,46,10
2026-08-10 10:45:11,0.58905,0.58353,0.58137,0.58338,62.84,27.91,0.003,0.003167,0.002446,0.59202,0.57541,BUY,BUY,STRONG_BUY,SELL,46,10
2026-08-10 11:00:52,0.58872,0.5835,0.58135,0.58337,62.1,27.91,0.003,0.00314,0.002441,0.59196,0.57544,BUY,BUY,BUY,SELL,46,10
2026-08-10 11:16:32,0.58897,0.58353,0.58136,0.58338,62.66,27.91,0.003,0.00316,0.002445,0.592,0.57542,BUY,BUY,STRONG_BUY,SELL,46,10
2026-08-10 13:59:46,0.5882,0.58345,0.58133,0.58337,60.98,27.91,0.003,0.003099,0.002432,0.59187,0.57547,BUY,BUY,BUY,NEUTRAL,46,20
2026-08-10 14:15:27,0.58827,0.58346,0.58134,0.58337,61.13,27.91,0.003,0.003104,0.002434,0.59189,0.57547,BUY,BUY,BUY,NEUTRAL,46,20
2026-08-10 14:31:07,0.58808,0.58344,0.58133,0.58337,60.73,27.91,0.003,0.003089,0.002431,0.59185,0.57548,BUY,BUY,BUY,NEUTRAL,46,20
2026-08-10 14:46:48,0.58827,0.58346,0.58134,0.58337,61.13,27.91,0.003,0.003104,0.002434,0.59189,0.57547,BUY,BUY,BUY,NEUTRAL,46,20
2026-08-10 15:02:28,0.58812,0.58345,0.58133,0.58337,60.81,27.91,0.003,0.003092,0.002431,0.59186,0.57548,BUY,BUY,BUY,NEUTRAL,46,20
2026-08-10 15:18:09,0.58818,0.58345,0.58133,0.58337,60.94,27.91,0.003,0.003097,0.002432,0.59187,0.57547,BUY,BUY,BUY,NEUTRAL,46,20
2026-08-10 15:33:49,0.5881,0.58344,0.58133,0.58337,60.77,27.91,0.003,0.003091,0.002431,0.59186,0.57548,BUY,BUY,BUY,NEUTRAL,46,20
2026-08-10 15:49:30,0.5883,0.58346,0.58134,0.58337,61.19,27.91,0.003,0.003107,0.002434,0.59189,0.57547,BUY,BUY,BUY,NEUTRAL,46,20
2026-08-10 16:05:11,0.58822,0.58345,0.58133,0.58337,61.02,27.91,0.003,0.0031,0.002433,0.59188,0.57547,BUY,BUY,BUY,NEUTRAL,46,20
2026-08-10 16:20:52,0.58807,0.58344,0.58133,0.58337,60.71,27.91,0.003,0.003088,0.00243,0.59185,0.57548,BUY,BUY,BUY,NEUTRAL,46,20
2026-08-10 18:05:05,0.58821,0.58388,0.58159,0.58341,60.79,28.72,0.003,0.003062,0.002554,0.59232,0.57571,BUY,BUY,BUY,NEUTRAL,46,20
2026-08-10 19:06:58,0.58833,0.58389,0.5816,0.58341,60.96,28.72,0.003,0.003071,0.002556,0.59234,0.57571,BUY,BUY,BUY,NEUTRAL,46,20
2026-08-10 19:22:39,0.58824,0.58388,0.58159,0.58341,60.83,28.72,0.003,0.003064,0.002555,0.59232,0.57571,BUY,BUY,BUY,NEUTRAL,46,20
2026-08-10 19:38:20,0.58828,0.58389,0.58159,0.58341,60.89,28.72,0.003,0.003067,0.002555,0.59233,0.57571,BUY,BUY,BUY,SELL,46,10
2026-08-10 19:54:01,0.5883,0.58389,0.58159,0.58341,60.92,28.72,0.003,0.003069,0.002556,0.59233,0.57571,BUY,BUY,BUY,SELL,46,10
2026-08-10 20:09:42,0.58869,0.58392,0.58161,0.58342,61.47,28.72,0.003,0.0031,0.002562,0.59239,0.57568,BUY,STRONG_BUY,BUY,SELL,46,10
2026-08-10 20:48:56,0.58854,0.58391,0.5816,0.58342,61.26,28.72,0.003,0.003088,0.00256,0.59237,0.57569,BUY,BUY,BUY,SELL,46,10
2026-08-10 20:57:45,0.58854,0.58391,0.5816,0.58342,61.26,28.72,0.003,0.003088,0.00256,0.59237,0.57569,BUY,BUY,BUY,SELL,46,10
2026-08-10 21:34:00,0.58887,0.58394,0.58162,0.58342,61.71,28.72,0.00413,0.003115,0.002565,0.59242,0.57567,BUY,STRONG_BUY,BUY,SELL,46,10
2026-08-10 21:41:09,0.58867,0.58392,0.58161,0.58342,61.44,28.72,0.00413,0.003099,0.002562,0.59239,0.57569,BUY,STRONG_BUY,BUY,SELL,46,10
2026-08-10 21:52:47,0.58864,0.58392,0.58161,0.58342,61.4,28.72,0.00413,0.003096,0.002561,0.59239,0.57569,BUY,STRONG_BUY,BUY,SELL,46,10
2026-08-11 08:09:35,0.58786,0.58385,0.58158,0.58341,60.27,28.19,0.00424,0.003034,0.002549,0.59227,0.57573,BUY,BUY,NEUTRAL,SELL,38,10
2026-08-11 08:25:16,0.58768,0.58383,0.58157,0.58341,59.87,28.19,0.00424,0.00302,0.002546,0.59224,0.57574,BUY,BUY,NEUTRAL,SELL,38,10
2026-08-11 08:40:56,0.58796,0.58385,0.58158,0.58341,60.43,28.19,0.00424,0.003042,0.00255,0.59228,0.57572,BUY,BUY,NEUTRAL,SELL,38,10
2026-08-11 08:56:37,0.58825,0.58388,0.58159,0.58341,60.85,28.19,0.00424,0.003065,0.002555,0.59233,0.57571,BUY,BUY,BUY,SELL,46,10
2026-08-11 09:12:18,0.5886,0.58392,0.58161,0.58342,61.34,28.19,0.00424,0.003093,0.00256,0.59238,0.57569,BUY,STRONG_BUY,STRONG_BUY,SELL,46,10
2026-08-11 09:27:58,0.58868,0.58392,0.58161,0.58342,61.45,28.19,0.00424,0.003099,0.002562,0.59239,0.57569,BUY,STRONG_BUY,STRONG_BUY,SELL,46,10
2026-08-11 09:43:39,0.58855,0.58391,0.5816,0.58342,61.27,28.19,0.00424,0.003089,0.00256,0.59237,0.57569,BUY,BUY,STRONG_BUY,SELL,46,10
2026-08-11 09:59:20,0.58847,0.5839,0.5816,0.58342,61.16,28.19,0.00424,0.003083,0.002558,0.59236,0.5757,BUY,BUY,STRONG_BUY,SELL,46,10
2026-08-11 10:15:01,0.58824,0.58388,0.58159,0.58341,60.83,28.19,0.00424,0.003064,0.002555,0.59232,0.57571,BUY,BUY,BUY,SELL,46,10
2026-08-11 10:30:42,0.58822,0.58388,0.58159,0.58341,60.8,28.19,0.00424,0.003063,0.002554,0.59232,0.57571,BUY,BUY,BUY,SELL,46,10
2026-08-11 10:46:22,0.58832,0.58389,0.5816,0.58341,60.95,28.19,0.00424,0.003071,0.002556,0.59234,0.57571,BUY,BUY,BUY,SELL,46,10
2026-08-11 11:02:03,0.58818,0.58388,0.58159,0.58341,60.75,28.19,0.00424,0.003059,0.002554,0.59231,0.57571,BUY,BUY,BUY,SELL,46,10
2026-08-11 11:17:44,0.58775,0.58383,0.58157,0.58341,60.02,28.19,0.00424,0.003025,0.002547,0.59225,0.57573,BUY,BUY,NEUTRAL,SELL,38,10
2026-08-11 11:33:24,0.58801,0.58386,0.58158,0.58341,60.5,28.19,0.00424,0.003046,0.002551,0.59229,0.57572,BUY,BUY,NEUTRAL,SELL,38,10
2026-08-11 14:08:04,0.58798,0.58386,0.58158,0.58341,60.46,28.19,0.00424,0.003044,0.002551,0.59229,0.57572,BUY,BUY,NEUTRAL,SELL,38,10
2026-08-11 14:23:45,0.58774,0.58383,0.58157,0.58341,60.0,28.19,0.00424,0.003024,0.002547,0.59225,0.57573,BUY,BUY,SELL,SELL,38,10
2026-08-11 14:39:25,0.58792,0.58385,0.58158,0.58341,60.37,28.19,0.00424,0.003039,0.00255,0.59228,0.57573,BUY,BUY,NEUTRAL,SELL,38,10
2026-08-11 14:55:06,0.58782,0.58384,0.58158,0.58341,60.18,28.19,0.00424,0.003031,0.002548,0.59226,0.57573,BUY,BUY,NEUTRAL,SELL,38,10
2026-08-11 15:10:46,0.58784,0.58384,0.58158,0.58341,60.22,28.19,0.00424,0.003032,0.002548,0.59226,0.57573,BUY,BUY,NEUTRAL,SELL,38,10
2026-08-11 15:26:27,0.58788,0.58385,0.58158,0.58341,60.31,28.19,0.00424,0.003036,0.002549,0.59227,0.57573,BUY,BUY,NEUTRAL,SELL,38,10
2026-08-11 15:42:08,0.58804,0.58386,0.58158,0.58341,60.54,28.19,0.00424,0.003048,0.002552,0.59229,0.57572,BUY,BUY,NEUTRAL,SELL,38,10
2026-08-11 15:57:49,0.58803,0.58386,0.58158,0.58341,60.53,28.19,0.00424,0.003048,0.002551,0.59229,0.57572,BUY,BUY,BUY,SELL,46,10
2026-08-11 16:13:29,0.5881,0.58387,0.58159,0.58341,60.63,28.19,0.00424,0.003053,0.002553,0.5923,0.57572,BUY,BUY,BUY,SELL,46,10
2026-08-11 23:51:34,0.58661,0.58411,0.58178,0.58344,57.38,28.32,0.00405,0.002872,0.002614,0.59242,0.57574,BUY,BUY,SELL,SELL,38,10
2026-08-12 00:07:15,0.58666,0.58412,0.58178,0.58344,57.49,28.32,0.00405,0.002876,0.002615,0.59242,0.57574,BUY,BUY,SELL,SELL,38,10
2026-08-12 00:22:56,0.5867,0.58412,0.58178,0.58344,57.58,28.3,0.00406,0.00288,0.002616,0.59243,0.57573,BUY,BUY,SELL,SELL,38,10
2026-08-12 08:02:42,0.58663,0.58412,0.58178,0.58344,57.42,27.83,0.00413,0.002874,0.002615,0.59242,0.57574,BUY,BUY,NEUTRAL,SELL,38,10
2026-08-12 08:18:22,0.58658,0.58411,0.58178,0.58344,57.32,27.83,0.00413,0.00287,0.002614,0.59242,0.57574,BUY,BUY,NEUTRAL,SELL,38,10
2026-08-12 08:34:03,0.58737,0.58419,0.58181,0.58345,59.08,27.83,0.00413,0.002933,0.002626,0.59251,0.57572,BUY,BUY,NEUTRAL,SELL,38,10
2026-08-12 08:49:43,0.58773,0.58422,0.58182,0.58345,59.92,27.83,0.00413,0.002962,0.002632,0.59256,0.57571,BUY,BUY,BUY,SELL,46,10
2026-08-12 09:05:24,0.58822,0.58427,0.58184,0.58346,60.84,27.83,0.00413,0.003001,0.00264,0.59263,0.57569,BUY,BUY,BUY,SELL,46,10
2026-08-12 09:21:05,0.58794,0.58424,0.58183,0.58346,60.4,27.83,0.00415,0.002979,0.002635,0.59259,0.5757,BUY,BUY,BUY,SELL,46,10
2026-08-12 09:36:45,0.58818,0.58426,0.58184,0.58346,60.78,27.83,0.00415,0.002998,0.002639,0.59262,0.57569,BUY,BUY,BUY,SELL,46,10
2026-08-12 10:56:32,0.58664,0.58412,0.58178,0.58344,57.45,27.83,0.00415,0.002875,0.002615,0.59242,0.57574,BUY,BUY,SELL,SELL,38,10
2026-08-12 11:12:13,0.58676,0.58413,0.58178,0.58344,57.71,27.83,0.00415,0.002884,0.002617,0.59244,0.57573,BUY,BUY,SELL,SELL,38,10
2026-08-12 11:27:54,0.58687,0.58414,0.58179,0.58345,57.95,27.83,0.00415,0.002893,0.002618,0.59245,0.57573,BUY,BUY,SELL,SELL,38,10
2026-08-12 11:43:34,0.58645,0.5841,0.58177,0.58344,57.02,27.83,0.00415,0.002859,0.002611,0.5924,0.57574,BUY,BUY,SELL,SELL,38,10
2026-08-12 11:59:15,0.58647,0.5841,0.58177,0.58344,57.08,27.83,0.00415,0.002861,0.002612,0.5924,0.57574,BUY,BUY,SELL,NEUTRAL,38,20
2026-08-12 12:14:56,0.58623,0.58408,0.58176,0.58344,56.57,27.83,0.00415,0.002842,0.002608,0.59238,0.57574,BUY,BUY,SELL,SELL,38,10
2026-08-12 12:30:37,0.58598,0.58405,0.58175,0.58344,56.05,27.83,0.00415,0.002822,0.002604,0.59235,0.57574,BUY,BUY,SELL,SELL,38,10
2026-08-12 12:46:17,0.58576,0.58403,0.58174,0.58343,55.6,27.83,0.00415,0.002805,0.002601,0.59233,0.57574,BUY,BUY,SELL,NEUTRAL,38,20
2026-08-12 13:01:58,0.58585,0.58404,0.58175,0.58343,55.76,27.81,0.00415,0.002811,0.002602,0.59234,0.57574,BUY,BUY,SELL,NEUTRAL,38,20
2026-08-12 13:17:39,0.58572,0.58403,0.58174,0.58343,55.51,27.81,0.00415,0.002801,0.0026,0.59233,0.57574,BUY,BUY,SELL,NEUTRAL,38,20
2026-08-12 13:33:20,0.5857,0.58403,0.58174,0.58343,55.47,27.81,0.00415,0.0028,0.0026,0.59233,0.57574,BUY,BUY,SELL,NEUTRAL,38,20
2026-08-12 13:49:01,0.58558,0.58402,0.58174,0.58343,55.23,27.81,0.00415,0.00279,0.002598,0.59232,0.57573,BUY,BUY,SELL,NEUTRAL,38,20
2026-08-12 14:04:41,0.58552,0.58401,0.58173,0.58343,55.11,27.79,0.00415,0.002786,0.002597,0.59231,0.57573,BUY,BUY,SELL,NEUTRAL,38,20
2026-08-12 14:20:22,0.58578,0.58403,0.58174,0.58343,55.64,27.79,0.00415,0.002806,0.002601,0.59234,0.57574,BUY,BUY,NEUTRAL,NEUTRAL,38,20
2026-08-12 14:36:03,0.58577,0.58403,0.58174,0.58343,55.6,27.79,0.00415,0.002805,0.002601,0.59233,0.57574,BUY,BUY,NEUTRAL,NEUTRAL,38,20
2026-08-12 14:44:42,0.58566,0.58402,0.58174,0.58343,55.39,27.79,0.00415,0.002797,0.002599,0.59232,0.57574,BUY,BUY,SELL,NEUTRAL,38,20
2026-08-12 14:53:15,0.58571,0.58403,0.58174,0.58343,55.49,27.79,0.00415,0.002801,0.0026,0.59233,0.57574,BUY,BUY,SELL,NEUTRAL,38,20
2026-08-12 15:19:45,0.58577,0.58403,0.58174,0.58343,55.62,27.79,0.00415,0.002805,0.002601,0.59233,0.57574,BUY,BUY,NEUTRAL,NEUTRAL,38,20
2026-08-12 15:32:39,0.5858,0.58404,0.58175,0.58343,55.68,27.79,0.00415,0.002808,0.002601,0.59234,0.57574,BUY,BUY,NEUTRAL,NEUTRAL,38,20
2026-08-12 15:37:38,0.58566,0.58402,0.58174,0.58343,55.39,27.79,0.00415,0.002797,0.002599,0.59232,0.57574,BUY,BUY,SELL,NEUTRAL,38,20
2026-08-12 15:53:18,0.58562,0.58402,0.58174,0.58343,55.31,27.79,0.00415,0.002794,0.002598,0.59232,0.57574,BUY,BUY,SELL,NEUTRAL,38,20
2026-08-12 16:08:59,0.58573,0.58403,0.58174,0.58343,55.53,27.79,0.00415,0.002802,0.0026,0.59233,0.57574,BUY,BUY,SELL,NEUTRAL,38,20
2026-08-12 16:24:40,0.58578,0.58403,0.58174,0.58343,55.64,27.79,0.00415,0.002806,0.002601,0.59234,0.57574,BUY,BUY,NEUTRAL,NEUTRAL,38,20
2026-08-12 17:18:50,0.58585,0.58404,0.58175,0.58343,55.78,27.79,0.00415,0.002812,0.002602,0.59234,0.57574,BUY,BUY,SELL,NEUTRAL,38,20
2026-08-12 18:17:43,0.5857,0.58417,0.58189,0.58345,55.41,27.4,0.00388,0.002567,0.00259,0.59244,0.57581,BUY,BUY,NEUTRAL,NEUTRAL,23,28
2026-08-12 18:19:24,0.58558,0.58416,0.58188,0.58345,55.2,27.4,0.00388,0.002557,0.002588,0.59243,0.57581,BUY,BUY,NEUTRAL,NEUTRAL,23,28
2026-08-12 18:35:05,0.58571,0.58417,0.58189,0.58345,55.43,27.4,0.00388,0.002568,0.00259,0.59244,0.57581,BUY,BUY,NEUTRAL,NEUTRAL,23,28
2026-08-12 18:50:45,0.58581,0.58418,0.58189,0.58345,55.6,27.4,0.00388,0.002575,0.002592,0.59245,0.57581,BUY,BUY,NEUTRAL,NEUTRAL,23,28
2026-08-12 19:06:26,0.58599,0.58419,0.5819,0.58346,55.91,27.4,0.0039,0.00259,0.002595,0.59247,0.57581,BUY,BUY,NEUTRAL,NEUTRAL,23,28
2026-08-12 19:22:06,0.58593,0.58419,0.5819,0.58346,55.8,27.4,0.0039,0.002585,0.002594,0.59246,0.57581,BUY,BUY,NEUTRAL,NEUTRAL,23,28
2026-08-12 19:37:47,0.58584,0.58418,0.58189,0.58346,55.65,27.4,0.0039,0.002578,0.002592,0.59246,0.57581,BUY,BUY,NEUTRAL,NEUTRAL,23,28
2026-08-12 20:26:19,0.58605,0.5842,0.5819,0.58346,56.01,27.4,0.00391,0.002595,0.002596,0.59248,0.57581,BUY,BUY,NEUTRAL,NEUTRAL,23,28
2026-08-12 20:42:00,0.58615,0.58421,0.58191,0.58346,56.17,27.4,0.00392,0.002603,0.002597,0.59248,0.57581,BUY,BUY,NEUTRAL,NEUTRAL,38,20
2026-08-12 20:57:41,0.5858,0.58418,0.58189,0.58345,55.58,27.4,0.00392,0.002575,0.002592,0.59245,0.57581,BUY,BUY,NEUTRAL,NEUTRAL,23,28
2026-08-12 21:13:22,0.58597,0.58419,0.5819,0.58346,55.87,27.4,0.00392,0.002588,0.002594,0.59247,0.57581,BUY,BUY,NEUTRAL,NEUTRAL,23,28
2026-08-12 21:29:03,0.5858,0.58418,0.58189,0.58345,55.58,27.4,0.00392,0.002575,0.002592,0.59245,0.57581,BUY,BUY,NEUTRAL,NEUTRAL,23,28
2026-08-12 21:44:45,0.58565,0.58416,0.58189,0.58345,55.33,27.4,0.00392,0.002563,0.002589,0.59244,0.57581,BUY,BUY,NEUTRAL,NEUTRAL,23,28
2026-08-12 22:00:27,0.58549,0.58415,0.58188,0.58345,55.05,27.36,0.00392,0.00255,0.002587,0.59243,0.57581,BUY,BUY,SELL,NEUTRAL,23,28
2026-08-13 08:04:38,0.58418,0.58402,0.58183,0.58344,52.38,26.05,0.00415,0.002445,0.002566,0.59234,0.57577,BUY,BUY,SELL,NEUTRAL,43,28
2026-08-13 08:20:18,0.58414,0.58402,0.58183,0.58344,52.3,26.05,0.00415,0.002442,0.002565,0.59233,0.57576,BUY,BUY,SELL,NEUTRAL,43,28
2026-08-13 08:26:40,0.5842,0.58402,0.58183,0.58344,52.41,26.05,0.00415,0.002447,0.002566,0.59234,0.57577,BUY,BUY,SELL,NEUTRAL,43,28
2026-08-13 08:42:20,0.58468,0.58407,0.58185,0.58344,53.37,26.05,0.00415,0.002485,0.002574,0.59237,0.57579,BUY,BUY,SELL,NEUTRAL,43,28
2026-08-13 08:58:01,0.58524,0.58412,0.58187,0.58345,54.52,26.05,0.00415,0.00253,0.002583,0.59241,0.5758,BUY,BUY,NEUTRAL,SELL,43,18
2026-08-13 09:13:43,0.58513,0.58411,0.58187,0.58345,54.29,26.05,0.00415,0.002521,0.002581,0.5924,0.5758,BUY,BUY,NEUTRAL,SELL,43,18
2026-08-13 09:29:23,0.5848,0.58408,0.58185,0.58344,53.61,26.05,0.00415,0.002495,0.002576,0.59237,0.57579,BUY,BUY,NEUTRAL,SELL,43,18
2026-08-13 09:45:04,0.5847,0.58407,0.58185,0.58344,53.41,26.05,0.00415,0.002487,0.002574,0.59237,0.57579,BUY,BUY,SELL,SELL,43,18
2026-08-13 10:00:45,0.58475,0.58408,0.58185,0.58344,53.51,26.05,0.00415,0.002491,0.002575,0.59237,0.57579,BUY,BUY,NEUTRAL,SELL,43,18
2026-08-13 10:16:26,0.58526,0.58412,0.58187,0.58345,54.56,26.05,0.00415,0.002532,0.002583,0.59241,0.5758,BUY,BUY,SELL,SELL,43,18
2026-08-13 10:32:07,0.58524,0.58412,0.58187,0.58345,54.52,26.05,0.00415,0.00253,0.002583,0.59241,0.5758,BUY,BUY,SELL,SELL,43,18
2026-08-13 10:47:47,0.58534,0.58413,0.58187,0.58345,54.73,26.05,0.00415,0.002538,0.002584,0.59241,0.57581,BUY,BUY,SELL,SELL,43,18
2026-08-13 11:03:29,0.58547,0.58414,0.58188,0.58345,55.01,26.05,0.00415,0.002548,0.002586,0.59242,0.57581,BUY,BUY,NEUTRAL,SELL,23,18
2026-08-13 11:19:09,0.58483,0.58408,0.58185,0.58345,53.67,26.05,0.00415,0.002497,0.002576,0.59238,0.57579,BUY,BUY,SELL,SELL,43,18
2026-08-13 11:34:50,0.58479,0.58408,0.58185,0.58344,53.59,26.05,0.00415,0.002494,0.002576,0.59237,0.57579,BUY,BUY,SELL,SELL,43,18
2026-08-13 11:50:31,0.58482,0.58408,0.58185,0.58345,53.65,26.05,0.00415,0.002497,0.002576,0.59237,0.57579,BUY,BUY,SELL,SELL,43,18
2026-08-13 12:06:12,0.58473,0.58407,0.58185,0.58344,53.47,26.05,0.00415,0.002489,0.002575,0.59237,0.57579,BUY,BUY,SELL,NEUTRAL,43,28
2026-08-13 14:15:06,0.58496,0.5841,0.58186,0.58345,53.94,26.05,0.00415,0.002508,0.002578,0.59238,0.5758,BUY,BUY,SELL,NEUTRAL,43,28
2026-08-13 14:30:47,0.5848,0.58408,0.58185,0.58344,53.61,26.05,0.00415,0.002495,0.002576,0.59237,0.57579,BUY,BUY,SELL,NEUTRAL,43,28
2026-08-13 14:46:27,0.58493,0.58409,0.58186,0.58345,53.88,26.05,0.00415,0.002505,0.002578,0.59238,0.57579,BUY,BUY,SELL,NEUTRAL,43,28
2026-08-13 15:02:08,0.58486,0.58409,0.58185,0.58345,53.73,26.05,0.00415,0.0025,0.002577,0.59238,0.57579,BUY,BUY,SELL,NEUTRAL,43,28
2026-08-13 15:17:49,0.58502,0.5841,0.58186,0.58345,54.06,26.05,0.00415,0.002512,0.002579,0.59239,0.5758,BUY,BUY,SELL,NEUTRAL,43,28
2026-08-13 15:33:30,0.58507,0.58411,0.58186,0.58345,54.17,26.05,0.00415,0.002516,0.00258,0.59239,0.5758,BUY,BUY,SELL,NEUTRAL,43,28
2026-08-13 15:49:11,0.58492,0.58409,0.58186,0.58345,53.86,26.05,0.00415,0.002504,0.002578,0.59238,0.57579,BUY,BUY,SELL,NEUTRAL,43,28
2026-08-13 16:04:51,0.5851,0.58411,0.58186,0.58345,54.23,26.05,0.00415,0.002519,0.002581,0.59239,0.5758,BUY,BUY,SELL,NEUTRAL,43,28
2026-08-13 16:20:32,0.58497,0.5841,0.58186,0.58345,53.96,26.05,0.00415,0.002508,0.002579,0.59238,0.5758,BUY,BUY,SELL,NEUTRAL,43,28
2026-08-13 16:36:13,0.5849,0.58409,0.58186,0.58345,53.81,26.05,0.00415,0.002503,0.002577,0.59238,0.57579,BUY,BUY,SELL,NEUTRAL,43,28
2026-08-13 21:14:46,0.58543,0.58419,0.58198,0.58346,54.72,24.44,0.00396,0.002277,0.002513,0.59245,0.57583,BUY,BUY,NEUTRAL,SELL,38,13
2026-08-13 21:30:27,0.58549,0.58419,0.58199,0.58346,54.83,24.44,0.00396,0.002282,0.002514,0.59246,0.57583,BUY,BUY,NEUTRAL,SELL,38,13
2026-08-13 21:46:08,0.58578,0.58422,0.582,0.58347,55.34,24.44,0.00396,0.002305,0.002519,0.59248,0.57584,BUY,BUY,NEUTRAL,SELL,18,13
2026-08-13 22:01:49,0.58562,0.58421,0.58199,0.58346,55.06,24.44,0.00396,0.002293,0.002516,0.59247,0.57584,BUY,BUY,SELL,SELL,18,13
2026-08-13 22:17:29,0.58588,0.58423,0.582,0.58347,55.51,24.44,0.00396,0.002313,0.00252,0.59249,0.57584,BUY,BUY,SELL,SELL,18,13
2026-08-13 22:33:10,0.58597,0.58424,0.582,0.58347,55.66,24.44,0.00397,0.00232,0.002522,0.5925,0.57584,BUY,BUY,NEUTRAL,SELL,18,13
2026-08-13 22:48:51,0.58607,0.58425,0.58201,0.58347,55.83,24.44,0.00398,0.002328,0.002523,0.59251,0.57584,BUY,BUY,NEUTRAL,SELL,18,13
2026-08-13 22:49:48,0.5861,0.58425,0.58201,0.58347,55.88,24.44,0.00398,0.002331,0.002524,0.59251,0.57584,BUY,BUY,NEUTRAL,SELL,18,13
2026-08-13 23:05:29,0.58616,0.58426,0.58201,0.58347,55.98,24.44,0.00398,0.002336,0.002525,0.59252,0.57584,BUY,BUY,NEUTRAL,SELL,18,13
2026-08-13 23:21:10,0.58641,0.58428,0.58202,0.58347,56.4,24.48,0.00399,0.002356,0.002529,0.59254,0.57584,BUY,BUY,BUY,SELL,26,13
2026-08-13 23:36:51,0.58651,0.58429,0.58203,0.58347,56.56,24.55,0.004,0.002364,0.00253,0.59255,0.57584,BUY,BUY,BUY,SELL,26,13
2026-08-14 07:50:05,0.58871,0.5845,0.58211,0.58349,59.88,25.28,0.00418,0.002539,0.002565,0.59284,0.57578,BUY,STRONG_BUY,STRONG_BUY,STRONG_SELL,31,8
2026-08-14 07:52:33,0.58882,0.58451,0.58212,0.5835,60.03,25.28,0.00418,0.002548,0.002567,0.59285,0.57577,BUY,STRONG_BUY,STRONG_BUY,STRONG_SELL,31,8
2026-08-14 08:08:14,0.58891,0.58452,0.58212,0.5835,60.16,25.28,0.00418,0.002555,0.002569,0.59287,0.57576,BUY,STRONG_BUY,STRONG_BUY,STRONG_SELL,31,8
2026-08-14 08:23:54,0.58905,0.58453,0.58213,0.5835,60.35,25.3,0.00418,0.002566,0.002571,0.59289,0.57576,BUY,STRONG_BUY,STRONG_BUY,STRONG_SELL,31,8
2026-08-14 08:39:35,0.58901,0.58453,0.58212,0.5835,60.29,25.44,0.00422,0.002563,0.00257,0.59288,0.57576,BUY,STRONG_BUY,STRONG_BUY,STRONG_SELL,31,8
2026-08-14 08:55:16,0.58904,0.58453,0.58213,0.5835,60.34,25.44,0.00422,0.002565,0.002571,0.59289,0.57576,BUY,STRONG_BUY,STRONG_BUY,STRONG_SELL,31,8
2026-08-14 09:10:57,0.58873,0.5845,0.58211,0.5835,59.91,25.44,0.00422,0.002541,0.002566,0.59284,0.57577,BUY,STRONG_BUY,STRONG_BUY,STRONG_SELL,31,8
2026-08-14 09:26:37,0.5888,0.58451,0.58212,0.5835,60.01,25.44,0.00422,0.002546,0.002567,0.59285,0.57577,BUY,STRONG_BUY,STRONG_BUY,STRONG_SELL,31,8
2026-08-14 09:42:18,0.58936,0.58456,0.58214,0.5835,60.77,25.44,0.00422,0.002591,0.002576,0.59294,0.57574,BUY,STRONG_BUY,STRONG_BUY,STRONG_SELL,46,0
2026-08-14 09:57:59,0.5893,0.58456,0.58214,0.5835,60.69,25.46,0.00423,0.002586,0.002575,0.59293,0.57574,BUY,STRONG_BUY,STRONG_BUY,STRONG_SELL,46,0
2026-08-14 10:13:40,0.58943,0.58457,0.58214,0.5835,60.86,25.46,0.00423,0.002596,0.002577,0.59295,0.57573,BUY,STRONG_BUY,STRONG_BUY,STRONG_SELL,46,0
2026-08-14 10:29:21,0.58952,0.58458,0.58214,0.5835,60.98,25.46,0.00423,0.002604,0.002578,0.59297,0.57573,BUY,STRONG_BUY,STRONG_BUY,STRONG_SELL,46,0
2026-08-14 10:45:01,0.58921,0.58455,0.58213,0.5835,60.57,25.46,0.00423,0.002579,0.002573,0.59292,0.57575,BUY,STRONG_BUY,BUY,STRONG_SELL,46,0
2026-08-14 11:00:42,0.58917,0.58454,0.58213,0.5835,60.51,25.46,0.00423,0.002576,0.002573,0.59291,0.57575,BUY,STRONG_BUY,BUY,STRONG_SELL,46,0
2026-08-14 11:16:22,0.58938,0.58456,0.58214,0.5835,60.79,25.46,0.00423,0.002592,0.002576,0.59294,0.57573,BUY,STRONG_BUY,BUY,STRONG_SELL,46,0
2026-08-14 11:32:03,0.5896,0.58459,0.58215,0.5835,61.08,25.46,0.00423,0.00261,0.00258,0.59298,0.57572,BUY,STRONG_BUY,STRONG_BUY,STRONG_SELL,46,0
2026-08-14 11:47:43,0.5897,0.5846,0.58215,0.5835,61.21,25.46,0.00423,0.002618,0.002581,0.593,0.57571,BUY,STRONG_BUY,STRONG_BUY,STRONG_SELL,46,0
2026-08-14 12:03:24,0.58961,0.58459,0.58215,0.5835,61.1,25.47,0.00423,0.002611,0.00258,0.59298,0.57572,BUY,STRONG_BUY,STRONG_BUY,STRONG_SELL,46,0
2026-08-14 12:19:05,0.5895,0.58458,0.58214,0.5835,60.95,25.47,0.00423,0.002602,0.002578,0.59296,0.57573,BUY,STRONG_BUY,STRONG_BUY,STRONG_SELL,46,0
2026-08-14 12:34:45,0.58924,0.58455,0.58213,0.5835,60.61,25.47,0.00423,0.002581,0.002574,0.59292,0.57574,BUY,STRONG_BUY,BUY,STRONG_SELL,46,0
2026-08-14 12:50:26,0.58902,0.58453,0.58212,0.5835,60.31,25.47,0.00423,0.002564,0.00257,0.59288,0.57576,BUY,STRONG_BUY,BUY,STRONG_SELL,31,8
2026-08-14 13:06:07,0.5889,0.58452,0.58212,0.5835,60.14,25.47,0.00423,0.002554,0.002568,0.59287,0.57576,BUY,STRONG_BUY,BUY,SELL,31,18
2026-08-14 13:21:47,0.58852,0.58448,0.5821,0.58349,59.61,25.47,0.00423,0.002524,0.002562,0.59281,0.57578,BUY,STRONG_BUY,BUY,SELL,31,18
2026-08-14 13:37:28,0.58862,0.58449,0.58211,0.58349,59.76,25.47,0.00423,0.002532,0.002564,0.59282,0.57578,BUY,STRONG_BUY,BUY,SELL,31,18
2026-08-14 13:53:09,0.58852,0.58448,0.5821,0.58349,59.61,25.47,0.00423,0.002524,0.002562,0.59281,0.57578,BUY,STRONG_BUY,BUY,SELL,31,18
2026-08-14 14:08:49,0.58853,0.58448,0.58211,0.58349,59.63,25.47,0.00423,0.002525,0.002563,0.59281,0.57578,BUY,STRONG_BUY,BUY,SELL,31,18
2026-08-14 14:24:30,0.58856,0.58449,0.58211,0.58349,59.67,25.47,0.00423,0.002527,0.002563,0.59281,0.57578,BUY,STRONG_BUY,BUY,SELL,31,18
2026-08-14 14:40:10,0.58867,0.5845,0.58211,0.58349,59.83,25.47,0.00423,0.002536,0.002565,0.59283,0.57578,BUY,STRONG_BUY,BUY,SELL,31,18
2026-08-14 14:55:51,0.5888,0.58451,0.58212,0.5835,60.01,25.47,0.00423,0.002546,0.002567,0.59285,0.57577,BUY,STRONG_BUY,BUY,SELL,31,18
2026-08-14 15:11:32,0.58895,0.58452,0.58212,0.5835,60.21,25.47,0.00423,0.002558,0.002569,0.59287,0.57576,BUY,STRONG_BUY,BUY,SELL,31,18
2026-08-14 15:27:12,0.58895,0.58452,0.58212,0.5835,60.21,25.47,0.00423,0.002558,0.002569,0.59287,0.57576,BUY,STRONG_BUY,BUY,SELL,31,18
2026-08-14 15:42:53,0.58871,0.5845,0.58211,0.58349,59.88,25.47,0.00423,0.002539,0.002565,0.59284,0.57578,BUY,STRONG_BUY,BUY,SELL,31,18
2026-08-14 15:58:33,0.58888,0.58452,0.58212,0.5835,60.12,25.47,0.00423,0.002553,0.002568,0.59286,0.57577,BUY,STRONG_BUY,BUY,SELL,31,18
2026-08-14 16:14:14,0.58885,0.58451,0.58212,0.5835,60.08,25.47,0.00423,0.00255,0.002568,0.59286,0.57577,BUY,STRONG_BUY,BUY,SELL,31,18
2026-08-14 16:29:54,0.58887,0.58452,0.58212,0.5835,60.1,25.47,0.00423,0.002552,0.002568,0.59286,0.57577,BUY,STRONG_BUY,BUY,SELL,31,18
2026-08-14 16:45:35,0.58894,0.58452,0.58212,0.5835,60.2,25.47,0.00423,0.002557,0.002569,0.59287,0.57576,BUY,STRONG_BUY,BUY,SELL,31,18
2026-08-16 17:19:29,0.5886,0.58491,0.58237,0.58355,59.48,24.94,0.00398,0.002563,0.002567,0.59331,0.57583,BUY,BUY,BUY,STRONG_SELL,26,3
2026-08-16 17:35:09,0.58868,0.58492,0.58238,0.58355,59.66,24.94,0.00397,0.002569,0.002569,0.59332,0.57582,BUY,STRONG_BUY,BUY,STRONG_SELL,41,0
2026-08-16 17:50:50,0.58892,0.58494,0.58239,0.58355,60.17,24.94,0.00397,0.002588,0.002572,0.59336,0.57581,BUY,STRONG_BUY,BUY,STRONG_SELL,41,0
2026-08-16 18:01:05,0.58891,0.58494,0.58239,0.58355,60.16,24.94,0.00397,0.002587,0.002572,0.59335,0.57581,BUY,STRONG_BUY,BUY,SELL,41,5
2026-08-16 18:16:48,0.58884,0.58493,0.58238,0.58355,60.01,24.94,0.00397,0.002582,0.002571,0.59334,0.57582,BUY,STRONG_BUY,BUY,SELL,41,5
2026-08-16 18:32:30,0.58896,0.58494,0.58239,0.58355,60.23,24.94,0.00397,0.002591,0.002573,0.59336,0.57581,BUY,STRONG_BUY,BUY,SELL,41,5
2026-08-16 18:48:13,0.5891,0.58496,0.58239,0.58355,60.44,24.94,0.00397,0.002602,0.002575,0.59338,0.5758,BUY,STRONG_BUY,BUY,STRONG_SELL,41,0
2026-08-16 19:03:54,0.58929,0.58497,0.5824,0.58355,60.71,24.94,0.00397,0.002618,0.002578,0.59341,0.57579,BUY,STRONG_BUY,BUY,STRONG_SELL,41,0
2026-08-16 19:19:35,0.58924,0.58497,0.5824,0.58355,60.64,24.94,0.00397,0.002614,0.002577,0.5934,0.5758,BUY,STRONG_BUY,BUY,STRONG_SELL,41,0
2026-08-16 19:35:15,0.58909,0.58495,0.58239,0.58355,60.42,24.94,0.00397,0.002602,0.002575,0.59338,0.5758,BUY,STRONG_BUY,BUY,STRONG_SELL,41,0
2026-08-16 19:50:56,0.58912,0.58496,0.58239,0.58355,60.47,24.94,0.00397,0.002604,0.002576,0.59339,0.5758,BUY,STRONG_BUY,BUY,STRONG_SELL,41,0
2026-08-16 20:06:36,0.58958,0.585,0.58241,0.58356,61.13,24.94,0.00399,0.002641,0.002583,0.59346,0.57578,BUY,STRONG_BUY,BUY,STRONG_SELL,41,0
2026-08-16 20:22:32,0.59004,0.58504,0.58243,0.58356,61.76,25.03,0.00403,0.002677,0.00259,0.59354,0.57574,BUY,STRONG_BUY,BUY,STRONG_SELL,46,0
2026-08-16 20:38:12,0.59054,0.58509,0.58245,0.58357,62.43,25.19,0.00407,0.002717,0.002598,0.59362,0.57571,BUY,STRONG_BUY,BUY,STRONG_SELL,46,0
2026-08-16 20:49:34,0.59067,0.5851,0.58246,0.58357,62.6,25.19,0.00407,0.002728,0.0026,0.59365,0.5757,BUY,STRONG_BUY,BUY,STRONG_SELL,46,0
2026-08-16 21:01:09,0.5909,0.58513,0.58246,0.58357,62.9,25.23,0.00408,0.002746,0.002604,0.59369,0.57568,BUY,STRONG_BUY,BUY,STRONG_SELL,46,0
2026-08-16 21:19:15,0.59044,0.58508,0.58245,0.58357,62.3,25.23,0.00408,0.002709,0.002597,0.59361,0.57571,BUY,STRONG_BUY,BUY,STRONG_SELL,46,0
2026-08-16 21:34:55,0.59034,0.58507,0.58244,0.58356,62.17,25.23,0.00408,0.002701,0.002595,0.59359,0.57572,BUY,STRONG_BUY,BUY,STRONG_SELL,46,0
2026-08-17 07:58:35,0.59164,0.5852,0.58249,0.58358,63.83,25.61,0.0042,0.002805,0.002616,0.59383,0.57561,BUY,STRONG_BUY,BUY,STRONG_SELL,46,0
2026-08-17 08:04:29,0.59179,0.58521,0.5825,0.58358,64.01,25.61,0.0042,0.002817,0.002618,0.59386,0.57559,BUY,STRONG_BUY,BUY,STRONG_SELL,46,0
2026-08-17 08:20:10,0.5915,0.58518,0.58249,0.58358,63.66,25.61,0.0042,0.002794,0.002614,0.59381,0.57562,BUY,STRONG_BUY,BUY,STRONG_SELL,46,0
2026-08-17 08:35:50,0.59139,0.58517,0.58248,0.58358,63.52,25.61,0.0042,0.002785,0.002612,0.59378,0.57563,BUY,STRONG_BUY,BUY,STRONG_SELL,46,0
2026-08-17 08:51:31,0.59122,0.58516,0.58248,0.58357,63.31,25.61,0.0042,0.002772,0.002609,0.59375,0.57565,BUY,STRONG_BUY,BUY,STRONG_SELL,46,0
2026-08-17 09:07:12,0.59169,0.5852,0.5825,0.58358,63.89,25.61,0.0042,0.002809,0.002617,0.59384,0.5756,BUY,STRONG_BUY,BUY,STRONG_SELL,46,0
2026-08-17 09:22:52,0.59184,0.58522,0.5825,0.58358,64.08,25.61,0.0042,0.002822,0.002619,0.59388,0.57558,BUY,STRONG_BUY,BUY,STRONG_SELL,46,0
2026-08-17 09:38:33,0.59144,0.58518,0.58249,0.58358,63.58,25.61,0.0042,0.002789,0.002613,0.59379,0.57563,BUY,STRONG_BUY,BUY,STRONG_SELL,46,0
2026-08-17 09:54:13,0.59149,0.58518,0.58249,0.58358,63.64,25.61,0.0042,0.002793,0.002613,0.5938,0.57562,BUY,STRONG_BUY,BUY,STRONG_SELL,46,0
2026-08-17 10:09:54,0.59167,0.5852,0.58249,0.58358,63.86,25.61,0.0042,0.002808,0.002616,0.59384,0.5756,BUY,STRONG_BUY,BUY,STRONG_SELL,46,0
2026-08-17 10:25:35,0.59184,0.58522,0.5825,0.58358,64.07,25.61,0.0042,0.002821,0.002619,0.59387,0.57559,BUY,STRONG_BUY,BUY,STRONG_SELL,46,0
2026-08-17 10:41:15,0.59148,0.58518,0.58249,0.58358,63.63,25.61,0.0042,0.002792,0.002613,0.5938,0.57562,BUY,STRONG_BUY,BUY,STRONG_SELL,46,0
2026-08-17 10:56:56,0.59091,0.58513,0.58246,0.58357,62.91,25.61,0.0042,0.002747,0.002604,0.59369,0.57568,BUY,STRONG_BUY,BUY,STRONG_SELL,46,0
2026-08-17 11:12:37,0.5909,0.58513,0.58246,0.58357,62.9,25.61,0.0042,0.002746,0.002604,0.59369,0.57568,BUY,STRONG_BUY,BUY,STRONG_SELL,46,0
2026-08-17 11:28:17,0.59079,0.58512,0.58246,0.58357,62.76,25.61,0.0042,0.002737,0.002602,0.59367,0.57569,BUY,STRONG_BUY,BUY,SELL,46,10
2026-08-17 11:43:58,0.59069,0.58511,0.58246,0.58357,62.63,25.61,0.0042,0.002729,0.002601,0.59365,0.57569,BUY,STRONG_BUY,BUY,SELL,46,10
2026-08-17 11:59:39,0.59082,0.58512,0.58246,0.58357,62.8,25.61,0.0042,0.00274,0.002603,0.59367,0.57568,BUY,STRONG_BUY,BUY,STRONG_SELL,46,0
2026-08-17 12:15:19,0.59082,0.58512,0.58246,0.58357,62.8,25.61,0.0042,0.00274,0.002603,0.59367,0.57568,BUY,STRONG_BUY,BUY,STRONG_SELL,46,0
2026-08-17 12:31:00,0.59088,0.58512,0.58246,0.58357,62.88,25.61,0.0042,0.002744,0.002604,0.59369,0.57568,BUY,STRONG_BUY,BUY,STRONG_SELL,46,0
2026-08-17 12:46:40,0.59088,0.58512,0.58246,0.58357,62.88,25.61,0.0042,0.002744,0.002604,0.59369,0.57568,BUY,STRONG_BUY,BUY,STRONG_SELL,46,0
2026-08-17 13:02:21,0.59079,0.58512,0.58246,0.58357,62.76,25.61,0.0042,0.002737,0.002602,0.59367,0.57569,BUY,STRONG_BUY,BUY,STRONG_SELL,46,0
2026-08-17 13:18:02,0.59054,0.58509,0.58245,0.58357,62.43,25.61,0.0042,0.002717,0.002598,0.59362,0.57571,BUY,STRONG_BUY,BUY,SELL,46,10
2026-08-17 13:33:43,0.59023,0.58506,0.58244,0.58356,62.02,25.61,0.0042,0.002693,0.002593,0.59357,0.57573,BUY,STRONG_BUY,BUY,SELL,46,10
2026-08-17 13:49:24,0.59014,0.58505,0.58243,0.58356,61.9,25.61,0.0042,0.002685,0.002592,0.59355,0.57574,BUY,STRONG_BUY,BUY,SELL,46,10
2026-08-17 14:05:05,0.59002,0.58504,0.58243,0.58356,61.74,25.61,0.0042,0.002676,0.00259,0.59353,0.57575,BUY,STRONG_BUY,BUY,SELL,46,10
2026-08-17 14:20:46,0.5901,0.58505,0.58243,0.58356,61.85,25.61,0.0042,0.002682,0.002591,0.59355,0.57574,BUY,STRONG_BUY,BUY,SELL,46,10
2026-08-17 17:25:47,0.58964,0.58501,0.58241,0.58356,61.21,25.61,0.0042,0.002646,0.002584,0.59347,0.57577,BUY,STRONG_BUY,BUY,SELL,46,10
2026-08-17 18:32:59,0.59014,0.5855,0.58272,0.58362,61.95,25.73,0.00394,0.002731,0.002614,0.59412,0.57589,BUY,BUY,BUY,SELL,46,10
2026-08-17 18:48:39,0.5903,0.58552,0.58273,0.58363,62.18,25.73,0.00395,0.002743,0.002617,0.59414,0.57588,BUY,STRONG_BUY,BUY,SELL,46,10
2026-08-17 18:55:17,0.5902,0.58551,0.58272,0.58362,62.03,25.73,0.00395,0.002735,0.002615,0.59413,0.57588,BUY,STRONG_BUY,BUY,SELL,46,10
2026-08-17 19:10:58,0.59037,0.58552,0.58273,0.58363,62.28,25.73,0.00395,0.002749,0.002618,0.59415,0.57587,BUY,STRONG_BUY,BUY,SELL,46,10
2026-08-17 19:26:39,0.59053,0.58554,0.58274,0.58363,62.5,25.73,0.00396,0.002762,0.00262,0.59418,0.57586,BUY,STRONG_BUY,STRONG_BUY,SELL,46,10
2026-08-17 19:42:20,0.59039,0.58552,0.58273,0.58363,62.31,25.73,0.00397,0.002751,0.002618,0.59416,0.57587,BUY,STRONG_BUY,STRONG_BUY,SELL,46,10
2026-08-17 19:58:01,0.59044,0.58553,0.58273,0.58363,62.38,25.73,0.00397,0.002755,0.002619,0.59417,0.57587,BUY,STRONG_BUY,STRONG_BUY,SELL,46,10
2026-08-17 20:13:41,0.59051,0.58554,0.58273,0.58363,62.48,25.73,0.00399,0.00276,0.00262,0.59418,0.57586,BUY,STRONG_BUY,STRONG_BUY,SELL,46,10
2026-08-17 21:53:00,0.58969,0.58546,0.5827,0.58362,61.27,25.73,0.00399,0.002695,0.002607,0.59405,0.57591,BUY,STRONG_BUY,BUY,SELL,46,10
2026-08-17 22:08:42,0.58962,0.58545,0.5827,0.58362,61.1,25.73,0.004,0.002689,0.002606,0.59403,0.57592,BUY,STRONG_BUY,BUY,SELL,46,10
2026-08-17 22:24:23,0.58952,0.58544,0.5827,0.58362,60.87,25.73,0.004,0.002681,0.002604,0.59402,0.57592,BUY,STRONG_BUY,BUY,SELL,46,10
2026-08-17 22:40:03,0.58947,0.58544,0.58269,0.58362,60.75,25.73,0.00401,0.002677,0.002603,0.59401,0.57592,BUY,STRONG_BUY,BUY,SELL,46,10
2026-08-17 22:55:44,0.58961,0.58545,0.5827,0.58362,61.08,25.73,0.00401,0.002688,0.002606,0.59403,0.57592,BUY,STRONG_BUY,BUY,SELL,46,10
2026-08-18 08:02:40,0.58816,0.58531,0.58264,0.5836,57.83,25.13,0.00416,0.002573,0.002582,0.59383,0.57597,BUY,BUY,NEUTRAL,SELL,23,18
2026-08-18 08:18:20,0.58844,0.58534,0.58265,0.58361,58.43,25.13,0.00416,0.002595,0.002587,0.59387,0.57596,BUY,BUY,BUY,SELL,46,10
2026-08-18 08:34:01,0.58845,0.58534,0.58265,0.58361,58.46,25.13,0.00416,0.002596,0.002587,0.59387,0.57596,BUY,BUY,BUY,SELL,46,10
2026-08-18 08:49:42,0.58864,0.58536,0.58266,0.58361,58.87,25.13,0.00416,0.002611,0.00259,0.59389,0.57596,BUY,BUY,BUY,SELL,46,10
2026-08-18 09:05:22,0.58912,0.5854,0.58268,0.58361,59.94,25.13,0.00416,0.002649,0.002598,0.59396,0.57594,BUY,BUY,BUY,SELL,46,10
2026-08-18 09:21:04,0.58874,0.58537,0.58267,0.58361,59.09,25.13,0.00416,0.002619,0.002592,0.59391,0.57596,BUY,BUY,BUY,SELL,46,10
2026-08-18 09:36:44,0.58903,0.5854,0.58268,0.58361,59.74,25.13,0.00416,0.002642,0.002596,0.59395,0.57594,BUY,BUY,BUY,SELL,46,10
2026-08-18 09:52:25,0.58896,0.58539,0.58267,0.58361,59.58,25.13,0.00416,0.002636,0.002595,0.59394,0.57595,BUY,BUY,BUY,SELL,46,10
2026-08-18 12:19:14,0.58792,0.58529,0.58263,0.5836,57.33,25.13,0.00416,0.002553,0.002579,0.5938,0.57598,BUY,BUY,NEUTRAL,SELL,23,18
2026-08-18 12:34:54,0.58765,0.58526,0.58262,0.5836,56.77,25.13,0.00416,0.002532,0.002574,0.59377,0.57598,BUY,BUY,SELL,SELL,23,18
2026-08-18 12:50:35,0.58767,0.58527,0.58262,0.5836,56.81,25.13,0.00416,0.002534,0.002575,0.59378,0.57598,BUY,BUY,SELL,SELL,23,18
2026-08-18 13:06:16,0.58744,0.58524,0.58261,0.5836,56.35,25.13,0.00416,0.002515,0.002571,0.59375,0.57598,BUY,BUY,SELL,SELL,23,18
2026-08-18 13:21:56,0.58762,0.58526,0.58262,0.5836,56.71,25.13,0.00416,0.00253,0.002574,0.59377,0.57598,BUY,BUY,SELL,SELL,23,18
2026-08-18 13:37:37,0.58733,0.58523,0.58261,0.5836,56.13,25.13,0.00416,0.002506,0.002569,0.59374,0.57598,BUY,BUY,SELL,SELL,23,18
2026-08-18 13:53:17,0.58734,0.58523,0.58261,0.5836,56.15,25.13,0.00416,0.002507,0.002569,0.59374,0.57598,BUY,BUY,SELL,SELL,23,18
2026-08-18 14:08:58,0.5873,0.58523,0.58261,0.5836,56.07,25.13,0.00416,0.002504,0.002569,0.59374,0.57598,BUY,BUY,SELL,SELL,23,18
2026-08-18 14:18:30,0.58748,0.58525,0.58262,0.5836,56.43,25.13,0.00416,0.002518,0.002572,0.59375,0.57598,BUY,BUY,SELL,SELL,23,18
2026-08-18 14:34:11,0.58722,0.58522,0.58261,0.58359,55.91,25.13,0.00416,0.002498,0.002567,0.59373,0.57598,BUY,BUY,SELL,SELL,23,18
2026-08-18 14:49:52,0.58715,0.58522,0.5826,0.58359,55.77,25.09,0.00417,0.002492,0.002566,0.59372,0.57598,BUY,BUY,SELL,SELL,23,18
2026-08-18 15:05:32,0.58715,0.58522,0.5826,0.58359,55.77,25.09,0.00417,0.002492,0.002566,0.59372,0.57598,BUY,BUY,SELL,SELL,23,18
2026-08-18 15:21:13,0.58729,0.58523,0.58261,0.5836,56.05,25.09,0.00417,0.002503,0.002568,0.59373,0.57598,BUY,BUY,SELL,SELL,23,18
2026-08-18 15:36:53,0.5875,0.58525,0.58262,0.5836,56.47,25.09,0.00417,0.00252,0.002572,0.59376,0.57598,BUY,BUY,SELL,SELL,23,18
2026-08-18 15:52:34,0.5874,0.58524,0.58261,0.5836,56.27,25.09,0.00417,0.002512,0.00257,0.59375,0.57598,BUY,BUY,SELL,SELL,23,18
2026-08-18 16:08:15,0.5872,0.58522,0.5826,0.58359,55.87,25.09,0.00417,0.002496,0.002567,0.59372,0.57598,BUY,BUY,SELL,SELL,23,18
2026-08-18 16:23:55,0.58709,0.58521,0.5826,0.58359,55.65,25.09,0.00417,0.002487,0.002565,0.59371,0.57598,BUY,BUY,SELL,SELL,23,18
2026-08-18 16:39:35,0.58712,0.58521,0.5826,0.58359,55.71,25.09,0.00417,0.00249,0.002566,0.59372,0.57598,BUY,BUY,SELL,SELL,23,18
2026-08-18 16:55:16,0.58737,0.58524,0.58261,0.5836,56.21,25.09,0.00417,0.00251,0.00257,0.59374,0.57598,BUY,BUY,SELL,SELL,23,18
2026-08-19 00:20:25,0.58722,0.5854,0.58278,0.58363,55.87,24.24,0.004,0.002342,0.002521,0.59391,0.57639,BUY,BUY,NEUTRAL,SELL,18,13
2026-08-19 00:36:06,0.58714,0.5854,0.58278,0.58363,55.74,24.24,0.004,0.002336,0.00252,0.5939,0.57639,BUY,BUY,NEUTRAL,SELL,18,13
2026-08-19 00:51:46,0.5869,0.58537,0.58277,0.58363,55.25,24.24,0.004,0.002317,0.002516,0.59388,0.57639,BUY,BUY,NEUTRAL,SELL,18,13
2026-08-19 08:08:50,0.58794,0.58547,0.58281,0.58364,57.04,24.24,0.00404,0.0024,0.002532,0.59398,0.57639,BUY,BUY,NEUTRAL,STRONG_SELL,18,3
2026-08-19 08:24:30,0.58867,0.58554,0.58284,0.58364,58.17,24.24,0.00406,0.002458,0.002544,0.59407,0.57637,BUY,BUY,BUY,STRONG_SELL,26,3
2026-08-19 08:40:11,0.58966,0.58564,0.58288,0.58365,59.6,24.24,0.00416,0.002537,0.00256,0.59421,0.57633,BUY,BUY,STRONG_BUY,STRONG_SELL,26,3
2026-08-19 08:49:16,0.59001,0.58567,0.58289,0.58366,60.08,24.24,0.00416,0.002565,0.002565,0.59426,0.57631,BUY,BUY,STRONG_BUY,STRONG_SELL,26,3
2026-08-19 08:58:46,0.5902,0.58569,0.5829,0.58366,60.34,24.24,0.00419,0.00258,0.002568,0.59429,0.5763,BUY,STRONG_BUY,STRONG_BUY,STRONG_SELL,41,0
2026-08-19 09:29:26,0.59188,0.58585,0.58296,0.58368,62.49,24.87,0.00429,0.002714,0.002595,0.59459,0.57618,BUY,STRONG_BUY,STRONG_BUY,STRONG_SELL,41,0
2026-08-19 10:00:08,0.59256,0.58591,0.58299,0.58368,63.29,25.06,0.00435,0.002768,0.002606,0.59472,0.57611,BUY,STRONG_BUY,STRONG_BUY,STRONG_SELL,46,0
2026-08-19 10:30:49,0.59307,0.58596,0.58301,0.58369,63.87,25.16,0.00439,0.002809,0.002614,0.59483,0.57606,BUY,STRONG_BUY,STRONG_BUY,STRONG_SELL,46,0
2026-08-19 11:01:29,0.5927,0.58592,0.583,0.58368,63.45,25.27,0.00442,0.002779,0.002608,0.59475,0.5761,BUY,STRONG_BUY,STRONG_BUY,STRONG_SELL,46,0
2026-08-19 11:32:10,0.59289,0.58594,0.583,0.58369,63.65,25.27,0.00442,0.002794,0.002611,0.59479,0.57608,BUY,STRONG_BUY,STRONG_BUY,STRONG_SELL,46,0
2026-08-19 12:02:51,0.59285,0.58594,0.583,0.58369,63.62,25.27,0.00442,0.002791,0.002611,0.59478,0.57608,BUY,STRONG_BUY,STRONG_BUY,STRONG_SELL,46,0
2026-08-19 12:33:31,0.59327,0.58598,0.58302,0.58369,64.09,25.27,0.00442,0.002825,0.002617,0.59487,0.57603,BUY,STRONG_BUY,STRONG_BUY,STRONG_SELL,46,0
2026-08-19 13:04:13,0.59335,0.58599,0.58302,0.58369,64.18,25.27,0.00442,0.002831,0.002619,0.59489,0.57602,BUY,STRONG_BUY,STRONG_BUY,STRONG_SELL,46,0
2026-08-19 13:34:54,0.59278,0.58593,0.583,0.58369,63.54,25.27,0.00442,0.002786,0.00261,0.59477,0.57609,BUY,STRONG_BUY,STRONG_BUY,STRONG_SELL,46,0
2026-08-19 14:05:34,0.59318,0.58597,0.58302,0.58369,63.99,25.27,0.00442,0.002818,0.002616,0.59485,0.57604,BUY,STRONG_BUY,BUY,STRONG_SELL,46,0
2026-08-19 14:28:31,0.59262,0.58592,0.58299,0.58368,63.36,25.27,0.00442,0.002773,0.002607,0.59473,0.57611,BUY,STRONG_BUY,BUY,STRONG_SELL,46,0
2026-08-19 14:59:11,0.59356,0.58601,0.58303,0.58369,64.41,25.28,0.00443,0.002848,0.002622,0.59493,0.576,BUY,STRONG_BUY,STRONG_BUY,STRONG_SELL,46,0
2026-08-19 15:21:15,0.59359,0.58601,0.58303,0.58369,64.44,25.28,0.00443,0.00285,0.002622,0.59494,0.576,BUY,STRONG_BUY,STRONG_BUY,STRONG_SELL,46,0
2026-08-19 15:51:56,0.5932,0.58597,0.58302,0.58369,64.01,25.28,0.00443,0.002819,0.002616,0.59485,0.57604,BUY,STRONG_BUY,STRONG_BUY,STRONG_SELL,46,0
2026-08-19 18:07:19,0.5934,0.58665,0.58341,0.58378,64.28,25.45,0.00418,0.003041,0.002697,0.59535,0.57716,BUY,STRONG_BUY,BUY,STRONG_SELL,46,0
2026-08-19 18:22:59,0.59361,0.58667,0.58342,0.58378,64.53,25.45,0.0042,0.003058,0.0027,0.5954,0.57714,BUY,STRONG_BUY,BUY,STRONG_SELL,46,0
2026-08-19 18:38:40,0.59358,0.58667,0.58342,0.58378,64.49,25.45,0.0042,0.003056,0.0027,0.59539,0.57714,BUY,STRONG_BUY,BUY,STRONG_SELL,46,0
2026-08-19 18:54:20,0.5936,0.58667,0.58342,0.58378,64.51,25.45,0.0042,0.003057,0.0027,0.5954,0.57714,BUY,STRONG_BUY,BUY,STRONG_SELL,46,0
2026-08-19 19:10:01,0.5936,0.58667,0.58342,0.58378,64.51,25.45,0.0042,0.003057,0.0027,0.5954,0.57714,BUY,STRONG_BUY,BUY,STRONG_SELL,46,0
2026-08-19 19:25:42,0.5937,0.58668,0.58342,0.58379,64.63,25.45,0.0042,0.003065,0.002702,0.59542,0.57713,BUY,STRONG_BUY,BUY,STRONG_SELL,46,0
2026-08-19 19:41:23,0.59365,0.58667,0.58342,0.58379,64.57,25.48,0.00421,0.003061,0.002701,0.59541,0.57713,BUY,STRONG_BUY,BUY,STRONG_SELL,46,0
2026-08-19 19:57:03,0.59354,0.58666,0.58342,0.58378,64.44,25.48,0.00421,0.003053,0.002699,0.59538,0.57715,BUY,STRONG_BUY,BUY,STRONG_SELL,46,0
2026-08-19 20:12:44,0.59371,0.58668,0.58342,0.58379,64.64,25.48,0.00421,0.003066,0.002702,0.59542,0.57713,BUY,STRONG_BUY,BUY,STRONG_SELL,46,0
2026-08-19 20:21:14,0.5937,0.58668,0.58342,0.58379,64.63,25.48,0.00421,0.003065,0.002702,0.59542,0.57713,BUY,STRONG_BUY,BUY,STRONG_SELL,46,0
2026-08-19 20:36:59,0.59401,0.58671,0.58343,0.58379,64.98,25.5,0.00422,0.00309,0.002707,0.59548,0.57709,BUY,STRONG_BUY,STRONG_BUY,STRONG_SELL,46,0
2026-08-19 20:52:40,0.59352,0.58666,0.58342,0.58378,64.42,25.5,0.00422,0.003051,0.002699,0.59538,0.57715,BUY,STRONG_BUY,BUY,STRONG_SELL,46,0
2026-08-19 21:08:21,0.59338,0.58665,0.58341,0.58378,64.26,25.5,0.00422,0.00304,0.002697,0.59535,0.57716,BUY,STRONG_BUY,BUY,STRONG_SELL,46,0
2026-08-19 21:24:04,0.59386,0.58669,0.58343,0.58379,64.81,25.5,0.00422,0.003078,0.002704,0.59545,0.57711,BUY,STRONG_BUY,STRONG_BUY,STRONG_SELL,46,0
2026-08-19 21:39:48,0.59418,0.58672,0.58344,0.58379,65.18,25.62,0.00426,0.003104,0.002709,0.59552,0.57707,BUY,STRONG_BUY,STRONG_BUY,STRONG_SELL,46,0
2026-08-19 21:49:46,0.59421,0.58673,0.58344,0.58379,65.21,25.62,0.00426,0.003106,0.00271,0.59553,0.57707,BUY,STRONG_BUY,STRONG_BUY,STRONG_SELL,46,0
2026-08-19 22:05:27,0.59481,0.58678,0.58347,0.5838,65.87,25.69,0.00429,0.003154,0.002719,0.59566,0.57699,BUY,STRONG_BUY,BUY,STRONG_SELL,46,0
2026-08-19 22:21:07,0.59442,0.58675,0.58345,0.58379,65.44,25.72,0.0043,0.003123,0.002713,0.59558,0.57704,BUY,STRONG_BUY,BUY,STRONG_SELL,46,0
2026-08-19 22:36:48,0.59466,0.58677,0.58346,0.5838,65.7,25.72,0.0043,0.003142,0.002717,0.59563,0.57701,BUY,STRONG_BUY,BUY,STRONG_SELL,46,0
2026-08-19 22:52:28,0.59476,0.58678,0.58346,0.5838,65.81,25.72,0.0043,0.00315,0.002719,0.59565,0.577,BUY,STRONG_BUY,BUY,STRONG_SELL,46,0
2026-08-19 23:08:08,0.59508,0.58681,0.58348,0.5838,66.15,25.72,0.0043,0.003176,0.002724,0.59573,0.57696,BUY,STRONG_BUY,BUY,STRONG_SELL,46,0
2026-08-19 23:23:49,0.59523,0.58682,0.58348,0.5838,66.31,25.77,0.00431,0.003187,0.002726,0.59576,0.57693,BUY,STRONG_BUY,BUY,STRONG_SELL,46,0
2026-08-19 23:39:30,0.59496,0.5868,0.58347,0.5838,66.03,25.77,0.00432,0.003166,0.002722,0.5957,0.57697,BUY,STRONG_BUY,BUY,STRONG_SELL,46,0
2026-08-19 23:55:10,0.59522,0.58682,0.58348,0.5838,66.3,25.77,0.00432,0.003187,0.002726,0.59576,0.57694,BUY,STRONG_BUY,BUY,STRONG_SELL,46,0
2026-08-20 00:10:51,0.59554,0.58685,0.58349,0.5838,66.63,25.82,0.00433,0.003212,0.002731,0.59584,0.57689,BUY,STRONG_BUY,STRONG_BUY,STRONG_SELL,46,0
2026-08-20 00:54:49,0.59523,0.58682,0.58348,0.5838,66.31,25.83,0.00434,0.003187,0.002726,0.59576,0.57693,BUY,STRONG_BUY,BUY,STRONG_SELL,46,0
2026-08-20 08:03:58,0.59454,0.58672,0.58344,0.58379,65.46,25.82,0.0044,0.003102,0.002703,0.59548,0.5771,BUY,STRONG_BUY,BUY,STRONG_SELL,46,0
2026-08-20 08:19:53,0.59464,0.58673,0.58344,0.58379,65.57,25.82,0.0044,0.00311,0.002705,0.59551,0.57709,BUY,STRONG_BUY,BUY,STRONG_SELL,46,0
2026-08-20 08:35:47,0.59465,0.58673,0.58344,0.58379,65.58,25.82,0.0044,0.003111,0.002705,0.59551,0.57709,BUY,STRONG_BUY,BUY,STRONG_SELL,46,0
2026-08-20 08:51:41,0.59525,0.58679,0.58347,0.5838,66.22,25.82,0.0044,0.003159,0.002714,0.59565,0.57701,BUY,STRONG_BUY,BUY,STRONG_SELL,46,0
2026-08-20 09:07:35,0.59581,0.58684,0.58349,0.5838,66.79,25.82,0.0044,0.003204,0.002723,0.59579,0.57692,BUY,STRONG_BUY,BUY,STRONG_SELL,46,0
2026-08-20 09:23:30,0.59564,0.58682,0.58348,0.5838,66.62,25.82,0.0044,0.00319,0.002721,0.59575,0.57695,BUY,STRONG_BUY,BUY,STRONG_SELL,46,0
2026-08-20 09:39:24,0.59561,0.58682,0.58348,0.5838,66.59,25.82,0.0044,0.003188,0.00272,0.59574,0.57695,BUY,STRONG_BUY,BUY,STRONG_SELL,46,0
2026-08-20 09:55:18,0.59534,0.58679,0.58347,0.5838,66.31,25.82,0.0044,0.003166,0.002716,0.59567,0.57699,BUY,STRONG_BUY,BUY,STRONG_SELL,46,0
2026-08-20 10:11:12,0.59498,0.58676,0.58346,0.58379,65.93,25.82,0.0044,0.003137,0.00271,0.59559,0.57704,BUY,STRONG_BUY,BUY,STRONG_SELL,46,0
2026-08-20 10:27:06,0.59512,0.58677,0.58346,0.5838,66.08,25.82,0.0044,0.003149,0.002712,0.59562,0.57702,BUY,STRONG_BUY,BUY,STRONG_SELL,46,0
2026-08-20 10:42:59,0.59532,0.58679,0.58347,0.5838,66.29,25.82,0.0044,0.003164,0.002715,0.59567,0.577,BUY,STRONG_BUY,BUY,STRONG_SELL,46,0
2026-08-20 10:58:53,0.59495,0.58676,0.58345,0.58379,65.9,25.82,0.0044,0.003135,0.00271,0.59558,0.57705,BUY,STRONG_BUY,BUY,STRONG_SELL,46,0
2026-08-20 11:14:47,0.59517,0.58678,0.58346,0.5838,66.13,25.82,0.0044,0.003153,0.002713,0.59563,0.57702,BUY,STRONG_BUY,BUY,STRONG_SELL,46,0
2026-08-20 11:30:41,0.59525,0.58679,0.58347,0.5838,66.22,25.82,0.0044,0.003159,0.002714,0.59565,0.57701,BUY,STRONG_BUY,BUY,STRONG_SELL,46,0
2026-08-20 11:46:36,0.59402,0.58667,0.58342,0.58378,64.89,25.82,0.0044,0.003061,0.002695,0.59537,0.57717,BUY,STRONG_BUY,BUY,STRONG_SELL,46,0
2026-08-20 12:02:30,0.59466,0.58673,0.58344,0.58379,65.59,25.82,0.0044,0.003112,0.002705,0.59551,0.57709,BUY,STRONG_BUY,BUY,STRONG_SELL,46,0
2026-08-20 12:18:24,0.59431,0.5867,0.58343,0.58379,65.21,25.82,0.0044,0.003084,0.002699,0.59543,0.57713,BUY,STRONG_BUY,BUY,STRONG_SELL,46,0
2026-08-20 12:34:18,0.59408,0.58667,0.58342,0.58379,64.95,25.82,0.0044,0.003066,0.002696,0.59538,0.57716,BUY,STRONG_BUY,BUY,STRONG_SELL,46,0
2026-08-20 12:50:11,0.59422,0.58669,0.58343,0.58379,65.11,25.82,0.0044,0.003077,0.002698,0.59541,0.57714,BUY,STRONG_BUY,BUY,STRONG_SELL,46,0
2026-08-20 13:06:06,0.59412,0.58668,0.58342,0.58379,65.0,25.82,0.0044,0.003069,0.002696,0.59539,0.57716,BUY,STRONG_BUY,BUY,STRONG_SELL,46,0
2026-08-20 13:22:00,0.59403,0.58667,0.58342,0.58378,64.9,25.82,0.0044,0.003062,0.002695,0.59537,0.57717,BUY,STRONG_BUY,BUY,STRONG_SELL,46,0
2026-08-20 13:37:55,0.594,0.58667,0.58342,0.58378,64.86,25.82,0.0044,0.003059,0.002694,0.59536,0.57717,BUY,STRONG_BUY,BUY,STRONG_SELL,46,0
2026-08-20 13:53:49,0.59419,0.58669,0.58342,0.58379,65.08,25.82,0.0044,0.003074,0.002697,0.59541,0.57715,BUY,STRONG_BUY,BUY,STRONG_SELL,46,0
2026-08-20 14:09:43,0.59395,0.58666,0.58342,0.58378,64.81,25.82,0.0044,0.003055,0.002694,0.59535,0.57718,BUY,STRONG_BUY,BUY,STRONG_SELL,46,0
2026-08-20 14:25:37,0.59375,0.58664,0.58341,0.58378,64.58,25.82,0.0044,0.003039,0.00269,0.59531,0.5772,BUY,STRONG_BUY,BUY,STRONG_SELL,46,0
2026-08-20 14:41:31,0.59398,0.58667,0.58342,0.58378,64.84,25.82,0.0044,0.003058,0.002694,0.59536,0.57717,BUY,STRONG_BUY,BUY,STRONG_SELL,46,0
2026-08-20 14:57:25,0.59408,0.58667,0.58342,0.58379,64.95,25.82,0.0044,0.003066,0.002696,0.59538,0.57716,BUY,STRONG_BUY,BUY,STRONG_SELL,46,0
2026-08-20 15:13:19,0.5941,0.58668,0.58342,0.58379,64.98,25.82,0.0044,0.003067,0.002696,0.59539,0.57716,BUY,STRONG_BUY,BUY,STRONG_SELL,46,0
2026-08-20 15:29:12,0.59415,0.58668,0.58342,0.58379,65.03,25.82,0.0044,0.003071,0.002697,0.5954,0.57715,BUY,STRONG_BUY,STRONG_BUY,STRONG_SELL,46,0
2026-08-20 17:52:50,0.59398,0.58667,0.58342,0.58378,64.84,25.82,0.0044,0.003058,0.002694,0.59536,0.57717,BUY,STRONG_BUY,BUY,STRONG_SELL,46,0
2026-08-20 18:47:29,0.59448,0.58742,0.58385,0.58389,65.43,26.43,0.00412,0.003305,0.002817,0.59613,0.57798,BUY,BUY,BUY,STRONG_SELL,46,0
2026-08-20 19:03:23,0.5947,0.58744,0.58386,0.58389,65.69,26.43,0.00413,0.003323,0.002821,0.59618,0.57796,BUY,STRONG_BUY,STRONG_BUY,STRONG_SELL,46,0
2026-08-20 19:19:16,0.59476,0.58744,0.58386,0.58389,65.76,26.43,0.00414,0.003328,0.002822,0.5962,0.57795,BUY,STRONG_BUY,STRONG_BUY,STRONG_SELL,46,0
2026-08-20 19:35:10,0.5949,0.58746,0.58387,0.5839,65.92,26.43,0.00415,0.003339,0.002824,0.59623,0.57793,BUY,STRONG_BUY,STRONG_BUY,STRONG_SELL,46,0
2026-08-20 19:51:04,0.59513,0.58748,0.58388,0.5839,66.18,26.43,0.00417,0.003357,0.002828,0.59628,0.57791,BUY,STRONG_BUY,STRONG_BUY,SELL,46,0
2026-08-20 20:06:58,0.59522,0.58749,0.58388,0.5839,66.28,26.43,0.00419,0.003364,0.002829,0.5963,0.57789,BUY,STRONG_BUY,STRONG_BUY,SELL,46,0
2026-08-20 20:22:51,0.59574,0.58754,0.5839,0.5839,66.85,26.43,0.00421,0.003406,0.002837,0.59642,0.57783,BUY,STRONG_BUY,STRONG_BUY,SELL,46,0
2026-08-20 22:03:49,0.59679,0.58764,0.58394,0.58391,67.94,26.52,0.00429,0.00349,0.002854,0.59667,0.57767,BUY,STRONG_BUY,BUY,SELL,55,0
2026-08-20 22:19:44,0.5968,0.58764,0.58394,0.58391,67.95,26.54,0.0043,0.003491,0.002854,0.59668,0.57767,BUY,STRONG_BUY,BUY,SELL,55,0
2026-08-20 22:35:38,0.5972,0.58767,0.58396,0.58392,68.35,26.61,0.00432,0.003522,0.002861,0.59678,0.57761,BUY,STRONG_BUY,BUY,SELL,55,0
2026-08-20 23:19:19,0.59686,0.58764,0.58395,0.58391,68.01,26.61,0.00432,0.003495,0.002855,0.59669,0.57766,BUY,STRONG_BUY,BUY,SELL,55,0
2026-08-20 23:35:13,0.59664,0.58762,0.58394,0.58391,67.79,26.61,0.00432,0.003478,0.002852,0.59664,0.5777,BUY,STRONG_BUY,BUY,SELL,55,0
2026-08-20 23:51:07,0.5968,0.58764,0.58394,0.58391,67.95,26.61,0.00432,0.003491,0.002854,0.59668,0.57767,BUY,STRONG_BUY,BUY,SELL,55,0
2026-08-21 08:07:43,0.59875,0.58782,0.58402,0.58393,69.8,26.85,0.00442,0.003646,0.002885,0.5972,0.57735,STRONG_BUY,STRONG_BUY,STRONG_BUY,SELL,55,0
2026-08-21 08:23:37,0.59846,0.58779,0.58401,0.58393,69.54,26.85,0.00442,0.003623,0.002881,0.59712,0.5774,BUY,STRONG_BUY,STRONG_BUY,SELL,55,0
2026-08-21 08:39:31,0.59787,0.58774,0.58399,0.58392,68.99,26.85,0.00442,0.003576,0.002871,0.59696,0.5775,BUY,STRONG_BUY,BUY,SELL,55,0
2026-08-21 08:55:25,0.59809,0.58776,0.58399,0.58393,69.2,26.85,0.00442,0.003593,0.002875,0.59702,0.57746,BUY,STRONG_BUY,BUY,SELL,55,0
2026-08-21 09:11:19,0.59792,0.58774,0.58399,0.58393,69.04,26.85,0.00442,0.00358,0.002872,0.59697,0.57749,BUY,STRONG_BUY,BUY,SELL,55,0
2026-08-21 10:46:26,0.59682,0.58764,0.58395,0.58391,67.97,26.85,0.00442,0.003493,0.002855,0.59669,0.57767,BUY,STRONG_BUY,BUY,SELL,55,0
2026-08-21 11:02:20,0.59712,0.58767,0.58396,0.58392,68.27,26.85,0.00442,0.003517,0.00286,0.59676,0.57762,BUY,STRONG_BUY,BUY,SELL,55,0
2026-08-21 11:18:14,0.59734,0.58769,0.58397,0.58392,68.49,26.85,0.00442,0.003534,0.002863,0.59682,0.57759,BUY,STRONG_BUY,BUY,SELL,55,0
2026-08-21 11:34:08,0.59771,0.58772,0.58398,0.58392,68.84,26.85,0.00442,0.003563,0.002869,0.59691,0.57753,BUY,STRONG_BUY,BUY,SELL,55,0
2026-08-21 11:50:02,0.59797,0.58775,0.58399,0.58393,69.09,26.85,0.00442,0.003584,0.002873,0.59698,0.57748,BUY,STRONG_BUY,BUY,SELL,55,0
2026-08-21 12:05:56,0.59815,0.58777,0.584,0.58393,69.26,26.85,0.00442,0.003598,0.002876,0.59703,0.57745,BUY,STRONG_BUY,BUY,SELL,55,0
2026-08-21 12:21:51,0.59805,0.58776,0.58399,0.58393,69.16,26.85,0.00442,0.00359,0.002874,0.597,0.57747,BUY,STRONG_BUY,BUY,SELL,55,0
2026-08-21 12:37:45,0.59797,0.58775,0.58399,0.58393,69.09,26.85,0.00442,0.003584,0.002873,0.59698,0.57748,BUY,STRONG_BUY,BUY,SELL,55,0
2026-08-21 12:53:39,0.59802,0.58775,0.58399,0.58393,69.14,26.85,0.00442,0.003588,0.002874,0.597,0.57748,BUY,STRONG_BUY,BUY,SELL,55,0
2026-08-21 13:09:33,0.59805,0.58776,0.58399,0.58393,69.16,26.85,0.00442,0.00359,0.002874,0.597,0.57747,BUY,STRONG_BUY,BUY,SELL,55,0
2026-08-21 13:25:27,0.59804,0.58775,0.58399,0.58393,69.15,26.85,0.00442,0.003589,0.002874,0.597,0.57747,BUY,STRONG_BUY,BUY,SELL,55,0
2026-08-21 13:41:21,0.59824,0.58777,0.584,0.58393,69.34,26.85,0.00442,0.003605,0.002877,0.59706,0.57744,BUY,STRONG_BUY,BUY,SELL,55,0
2026-08-21 13:57:15,0.59816,0.58777,0.584,0.58393,69.27,26.85,0.00442,0.003599,0.002876,0.59703,0.57745,BUY,STRONG_BUY,BUY,SELL,55,0
2026-08-21 14:13:10,0.59837,0.58779,0.58401,0.58393,69.46,26.85,0.00442,0.003616,0.002879,0.59709,0.57742,BUY,STRONG_BUY,BUY,SELL,55,0
2026-08-21 14:29:04,0.59836,0.58779,0.58401,0.58393,69.45,26.85,0.00442,0.003615,0.002879,0.59709,0.57742,BUY,STRONG_BUY,BUY,SELL,55,0
2026-08-21 14:44:58,0.5983,0.58778,0.584,0.58393,69.4,26.85,0.00442,0.00361,0.002878,0.59707,0.57743,BUY,STRONG_BUY,BUY,SELL,55,0
2026-08-21 15:01:41,0.59831,0.58778,0.584,0.58393,69.4,26.85,0.00442,0.003611,0.002878,0.59708,0.57743,BUY,STRONG_BUY,BUY,SELL,55,0
2026-08-21 15:54:55,0.59795,0.58775,0.58399,0.58393,69.07,26.85,0.00442,0.003582,0.002873,0.59698,0.57749,BUY,STRONG_BUY,BUY,SELL,55,0
2026-08-21 16:10:49,0.59799,0.58775,0.58399,0.58393,69.11,26.85,0.00442,0.003585,0.002873,0.59699,0.57748,BUY,STRONG_BUY,BUY,SELL,55,0
2026-08-21 16:17:38,0.59791,0.58774,0.58399,0.58393,69.03,26.85,0.00442,0.003579,0.002872,0.59697,0.57749,BUY,STRONG_BUY,BUY,SELL,55,0
2026-08-23 17:13:32,0.5968,0.58858,0.58448,0.58405,66.97,27.79,0.00419,0.003835,0.003061,0.59751,0.57891,BUY,BUY,BUY,SELL,55,0
2026-08-23 17:29:26,0.5974,0.58864,0.5845,0.58406,68.29,27.79,0.00416,0.003883,0.00307,0.59766,0.57883,BUY,BUY,BUY,SELL,55,0
2026-08-23 17:45:20,0.59741,0.58864,0.5845,0.58406,68.31,27.79,0.00416,0.003883,0.00307,0.59766,0.57882,BUY,BUY,BUY,SELL,55,0
2026-08-23 18:01:14,0.59764,0.58866,0.58451,0.58406,68.78,27.79,0.00416,0.003902,0.003074,0.59772,0.57879,BUY,STRONG_BUY,BUY,SELL,55,0
2026-08-23 18:17:09,0.59763,0.58866,0.58451,0.58406,68.77,27.79,0.00416,0.003901,0.003074,0.59771,0.57879,BUY,STRONG_BUY,BUY,SELL,55,0
2026-08-23 18:33:03,0.59764,0.58866,0.58451,0.58406,68.78,27.79,0.00416,0.003902,0.003074,0.59772,0.57879,BUY,STRONG_BUY,BUY,SELL,55,0
2026-08-23 18:48:57,0.59736,0.58863,0.5845,0.58406,68.2,27.79,0.00416,0.003879,0.00307,0.59765,0.57883,BUY,BUY,BUY,SELL,55,0
2026-08-23 19:04:52,0.5971,0.58861,0.58449,0.58405,67.62,27.79,0.00417,0.003859,0.003065,0.59758,0.57887,BUY,BUY,BUY,SELL,55,0
2026-08-23 19:20:45,0.59696,0.58859,0.58448,0.58405,67.32,27.79,0.00419,0.003848,0.003063,0.59755,0.57889,BUY,BUY,BUY,SELL,55,0
2026-08-23 19:36:40,0.59718,0.58861,0.58449,0.58405,67.8,27.79,0.00419,0.003865,0.003067,0.5976,0.57886,BUY,BUY,BUY,SELL,55,0
2026-08-23 19:43:35,0.59702,0.5886,0.58449,0.58405,67.45,27.79,0.00419,0.003852,0.003064,0.59756,0.57888,BUY,BUY,BUY,SELL,55,0
2026-08-23 19:59:29,0.59764,0.58866,0.58451,0.58406,68.78,27.79,0.00419,0.003902,0.003074,0.59772,0.57879,BUY,STRONG_BUY,BUY,SELL,55,0
2026-08-23 20:02:11,0.5978,0.58867,0.58452,0.58406,68.94,27.79,0.00419,0.003915,0.003077,0.59776,0.57877,BUY,STRONG_BUY,BUY,SELL,55,0
2026-08-23 20:18:05,0.59804,0.5887,0.58453,0.58406,69.19,27.79,0.0042,0.003934,0.00308,0.59782,0.57873,BUY,STRONG_BUY,BUY,SELL,55,0
2026-08-23 20:33:59,0.59786,0.58868,0.58452,0.58406,69.0,27.79,0.0042,0.003919,0.003077,0.59777,0.57876,BUY,STRONG_BUY,BUY,SELL,55,0
2026-08-23 20:49:54,0.5981,0.5887,0.58453,0.58406,69.25,27.79,0.0042,0.003939,0.003081,0.59783,0.57872,BUY,STRONG_BUY,BUY,SELL,55,0
2026-08-23 21:01:05,0.59817,0.58871,0.58453,0.58406,69.32,27.79,0.00421,0.003944,0.003082,0.59785,0.57871,BUY,STRONG_BUY,BUY,SELL,55,0
2026-08-23 21:52:17,0.59761,0.58866,0.58451,0.58406,68.75,27.79,0.00421,0.003899,0.003074,0.59771,0.57879,BUY,STRONG_BUY,BUY,SELL,55,0
2026-08-23 22:08:11,0.59747,0.58864,0.5845,0.58406,68.44,27.79,0.00421,0.003888,0.003071,0.59767,0.57882,BUY,BUY,STRONG_BUY,SELL,55,0
2026-08-23 22:24:05,0.59784,0.58868,0.58452,0.58406,68.98,27.79,0.00421,0.003918,0.003077,0.59777,0.57876,BUY,STRONG_BUY,STRONG_BUY,SELL,55,0
2026-08-24 06:17:44,0.59686,0.58858,0.58448,0.58405,67.1,27.79,0.00426,0.00384,0.003062,0.59753,0.5789,BUY,BUY,BUY,SELL,55,0
2026-08-24 06:33:38,0.59688,0.58859,0.58448,0.58405,67.14,27.79,0.00426,0.003841,0.003062,0.59753,0.5789,BUY,BUY,BUY,SELL,55,0
2026-08-24 06:38:36,0.59688,0.58859,0.58448,0.58405,67.14,27.79,0.00426,0.003841,0.003062,0.59753,0.5789,BUY,BUY,BUY,SELL,55,0
2026-08-24 18:27:39,0.59594,0.58917,0.58488,0.58416,64.81,28.67,0.00406,0.003864,0.003205,0.5975,0.58058,BUY,BUY,BUY,SELL,55,10
2026-08-24 18:39:11,0.59602,0.58918,0.58488,0.58416,64.9,28.67,0.00406,0.00387,0.003207,0.59751,0.58057,BUY,BUY,BUY,SELL,55,10
2026-08-24 18:55:05,0.59603,0.58918,0.58488,0.58416,64.92,28.67,0.00407,0.003871,0.003207,0.59752,0.58057,BUY,BUY,BUY,SELL,55,10
2026-08-24 19:10:59,0.5961,0.58919,0.58489,0.58416,65.0,28.67,0.00407,0.003877,0.003208,0.59753,0.58056,BUY,BUY,BUY,SELL,55,10
2026-08-24 19:26:53,0.59603,0.58918,0.58488,0.58416,64.92,28.67,0.00407,0.003871,0.003207,0.59752,0.58057,BUY,BUY,BUY,SELL,55,10
2026-08-24 19:42:46,0.59616,0.58919,0.58489,0.58416,65.06,28.67,0.00407,0.003882,0.003209,0.59754,0.58055,BUY,BUY,BUY,SELL,55,0
2026-08-24 19:58:40,0.59647,0.58922,0.5849,0.58416,65.41,28.67,0.0041,0.003906,0.003214,0.59761,0.58051,BUY,BUY,BUY,SELL,55,0
2026-08-24 20:14:34,0.59659,0.58923,0.58491,0.58416,65.55,28.67,0.00411,0.003916,0.003216,0.59764,0.5805,BUY,BUY,BUY,SELL,55,0
2026-08-24 20:30:28,0.5965,0.58922,0.5849,0.58416,65.45,28.67,0.00411,0.003909,0.003214,0.59762,0.58051,BUY,BUY,BUY,SELL,55,0
2026-08-24 20:46:22,0.59642,0.58922,0.5849,0.58416,65.36,28.67,0.00411,0.003902,0.003213,0.5976,0.58052,BUY,BUY,BUY,SELL,55,0
2026-08-24 21:01:18,0.59614,0.58919,0.58489,0.58416,65.04,28.67,0.00411,0.00388,0.003209,0.59754,0.58055,BUY,BUY,BUY,SELL,55,0
2026-08-24 21:17:12,0.59622,0.5892,0.58489,0.58416,65.13,28.67,0.00411,0.003886,0.00321,0.59756,0.58054,BUY,BUY,BUY,SELL,55,0
2026-08-24 21:33:07,0.59608,0.58918,0.58489,0.58416,64.97,28.67,0.00411,0.003875,0.003208,0.59753,0.58056,BUY,BUY,BUY,SELL,55,10
2026-08-24 21:49:01,0.59597,0.58917,0.58488,0.58416,64.85,28.67,0.00411,0.003866,0.003206,0.5975,0.58057,BUY,BUY,BUY,SELL,55,10
2026-08-24 22:04:56,0.59584,0.58916,0.58488,0.58416,64.7,28.67,0.00411,0.003856,0.003204,0.59747,0.58059,BUY,BUY,BUY,SELL,55,10
2026-08-25 06:21:03,0.59586,0.58916,0.58488,0.58416,64.72,28.49,0.00418,0.003858,0.003204,0.59748,0.58059,BUY,BUY,BUY,SELL,55,10
2026-08-25 06:36:57,0.59585,0.58916,0.58488,0.58416,64.71,28.49,0.00418,0.003857,0.003204,0.59748,0.58059,BUY,BUY,BUY,SELL,55,10
2026-08-25 18:23:56,0.59749,0.59007,0.58542,0.5843,66.54,29.13,0.00401,0.004122,0.003404,0.59813,0.5819,BUY,BUY,BUY,SELL,55,0
2026-08-25 18:39:50,0.59761,0.59008,0.58543,0.5843,66.67,29.13,0.00401,0.004131,0.003406,0.59816,0.58189,BUY,BUY,BUY,SELL,55,0
2026-08-25 18:55:43,0.59778,0.5901,0.58543,0.5843,66.86,29.13,0.00402,0.004145,0.003409,0.5982,0.58186,BUY,BUY,BUY,SELL,55,0
2026-08-25 19:11:38,0.5977,0.59009,0.58543,0.5843,66.77,29.13,0.00402,0.004138,0.003408,0.59818,0.58187,BUY,BUY,BUY,SELL,55,0
2026-08-25 19:27:32,0.59768,0.59009,0.58543,0.5843,66.75,29.13,0.00402,0.004137,0.003407,0.59818,0.58188,BUY,BUY,BUY,SELL,55,0
2026-08-25 19:43:26,0.59736,0.59006,0.58542,0.5843,66.39,29.13,0.00402,0.004111,0.003402,0.5981,0.58192,BUY,BUY,BUY,SELL,55,0
2026-08-25 19:59:20,0.59744,0.59006,0.58542,0.5843,66.48,29.13,0.00402,0.004118,0.003404,0.59812,0.58191,BUY,BUY,BUY,SELL,55,0
2026-08-25 20:15:14,0.59769,0.59009,0.58543,0.5843,66.76,29.13,0.00402,0.004138,0.003408,0.59818,0.58188,BUY,BUY,BUY,SELL,55,0
2026-08-25 20:31:08,0.59759,0.59008,0.58543,0.5843,66.65,29.13,0.00402,0.00413,0.003406,0.59816,0.58189,BUY,BUY,BUY,SELL,55,0
2026-08-25 20:47:04,0.5977,0.59009,0.58543,0.5843,66.77,29.13,0.00402,0.004138,0.003408,0.59818,0.58187,BUY,BUY,BUY,SELL,55,0
2026-08-25 21:03:01,0.59757,0.59008,0.58542,0.5843,66.63,29.13,0.00402,0.004128,0.003406,0.59815,0.58189,BUY,BUY,BUY,SELL,55,0
2026-08-25 21:18:58,0.59735,0.59006,0.58542,0.5843,66.38,29.13,0.00402,0.004111,0.003402,0.5981,0.58192,BUY,BUY,BUY,SELL,55,0
2026-08-25 21:34:54,0.59664,0.58999,0.58539,0.58429,65.01,29.13,0.00409,0.004054,0.003391,0.59794,0.58201,BUY,BUY,BUY,SELL,55,0
2026-08-25 21:50:51,0.59597,0.58992,0.58536,0.58429,63.58,29.13,0.00411,0.004,0.00338,0.5978,0.58208,BUY,BUY,NEUTRAL,SELL,47,10
2026-08-25 22:06:46,0.59628,0.58995,0.58537,0.58429,64.23,29.13,0.00411,0.004025,0.003385,0.59787,0.58205,BUY,BUY,BUY,SELL,55,10
2026-08-25 22:22:40,0.59639,0.58996,0.58538,0.58429,64.47,29.13,0.00411,0.004034,0.003387,0.59789,0.58204,BUY,BUY,BUY,SELL,55,10
2026-08-25 22:32:33,0.59644,0.58997,0.58538,0.58429,64.58,29.13,0.00411,0.004038,0.003388,0.5979,0.58203,BUY,BUY,BUY,SELL,55,10
2026-08-25 22:48:27,0.59642,0.58997,0.58538,0.58429,64.53,29.13,0.00411,0.004036,0.003387,0.5979,0.58203,BUY,BUY,BUY,SELL,55,10
2026-08-25 23:04:21,0.59596,0.58992,0.58536,0.58429,63.56,29.13,0.00411,0.004,0.00338,0.5978,0.58208,BUY,BUY,NEUTRAL,SELL,47,10
2026-08-25 23:20:14,0.59591,0.58992,0.58536,0.58429,63.46,29.13,0.00412,0.003996,0.003379,0.59779,0.58209,BUY,BUY,NEUTRAL,SELL,47,10
2026-08-25 23:36:08,0.59593,0.58992,0.58536,0.58429,63.5,29.13,0.00413,0.003997,0.003379,0.59779,0.58209,BUY,BUY,NEUTRAL,SELL,47,10
2026-08-25 23:52:02,0.59558,0.58989,0.58535,0.58428,62.79,29.13,0.00414,0.003969,0.003374,0.59772,0.58212,BUY,BUY,NEUTRAL,SELL,47,10
2026-08-26 18:13:45,0.5944,0.59018,0.58564,0.58437,60.64,28.61,0.00403,0.003743,0.003426,0.59793,0.58248,BUY,STRONG_BUY,NEUTRAL,SELL,47,10
2026-08-26 18:29:39,0.5945,0.59019,0.58565,0.58437,60.78,28.61,0.00403,0.003751,0.003427,0.59795,0.58247,BUY,STRONG_BUY,NEUTRAL,SELL,47,10
2026-08-26 18:45:33,0.59466,0.59021,0.58565,0.58437,60.99,28.61,0.00403,0.003763,0.00343,0.59797,0.58246,BUY,STRONG_BUY,NEUTRAL,SELL,47,10
2026-08-26 19:01:27,0.59457,0.5902,0.58565,0.58437,60.87,28.61,0.00403,0.003756,0.003428,0.59796,0.58247,BUY,STRONG_BUY,NEUTRAL,SELL,47,10
2026-08-26 19:17:20,0.59478,0.59022,0.58566,0.58437,61.14,28.61,0.00403,0.003773,0.003432,0.59799,0.58246,BUY,STRONG_BUY,NEUTRAL,SELL,47,10
2026-08-26 19:33:14,0.59487,0.59023,0.58566,0.58437,61.26,28.61,0.00405,0.00378,0.003433,0.59801,0.58245,BUY,STRONG_BUY,NEUTRAL,SELL,47,10
2026-08-26 19:49:08,0.59485,0.59023,0.58566,0.58437,61.23,28.61,0.00405,0.003779,0.003433,0.598,0.58245,BUY,STRONG_BUY,NEUTRAL,SELL,47,10
2026-08-26 20:05:02,0.59467,0.59021,0.58565,0.58437,61.0,28.61,0.00405,0.003764,0.00343,0.59797,0.58246,BUY,STRONG_BUY,NEUTRAL,SELL,47,10
2026-08-26 20:20:56,0.59451,0.59019,0.58565,0.58437,60.79,28.61,0.00405,0.003751,0.003427,0.59795,0.58247,BUY,STRONG_BUY,NEUTRAL,SELL,47,10
2026-08-26 20:36:51,0.5947,0.59021,0.58565,0.58437,61.04,28.61,0.00405,0.003767,0.00343,0.59798,0.58246,BUY,STRONG_BUY,NEUTRAL,SELL,47,10
2026-08-26 20:52:45,0.5944,0.59018,0.58564,0.58437,60.64,28.61,0.00405,0.003743,0.003426,0.59793,0.58248,BUY,STRONG_BUY,NEUTRAL,SELL,47,10
2026-08-26 21:08:39,0.59503,0.59024,0.58567,0.58437,61.47,28.61,0.00405,0.003793,0.003436,0.59803,0.58244,BUY,STRONG_BUY,NEUTRAL,SELL,47,10
2026-08-26 21:24:33,0.59519,0.59026,0.58567,0.58438,61.67,28.61,0.00406,0.003806,0.003438,0.59806,0.58243,BUY,STRONG_BUY,BUY,SELL,55,10
2026-08-26 21:40:27,0.59468,0.59021,0.58565,0.58437,61.01,28.61,0.00407,0.003765,0.00343,0.59797,0.58246,BUY,STRONG_BUY,NEUTRAL,SELL,47,10
2026-08-26 21:56:21,0.59493,0.59023,0.58566,0.58437,61.34,28.61,0.00407,0.003785,0.003434,0.59802,0.58245,BUY,STRONG_BUY,NEUTRAL,SELL,47,10
2026-08-26 22:55:03,0.59522,0.59026,0.58567,0.58438,61.71,28.61,0.00407,0.003808,0.003439,0.59807,0.58242,BUY,STRONG_BUY,NEUTRAL,SELL,47,10
2026-08-27 20:52:56,0.59561,0.59074,0.58605,0.58448,62.27,28.68,0.00391,0.003739,0.003494,0.59863,0.58265,BUY,BUY,BUY,SELL,55,10
2026-08-27 21:08:50,0.59582,0.59076,0.58606,0.58449,62.54,28.7,0.00392,0.003756,0.003497,0.59867,0.58264,BUY,STRONG_BUY,BUY,SELL,55,10
2026-08-27 21:24:43,0.59583,0.59076,0.58606,0.58449,62.55,28.73,0.00393,0.003757,0.003497,0.59867,0.58264,BUY,STRONG_BUY,BUY,SELL,55,10
2026-08-27 21:40:37,0.59627,0.5908,0.58608,0.58449,63.11,28.82,0.00395,0.003792,0.003504,0.59875,0.5826,BUY,STRONG_BUY,STRONG_BUY,SELL,55,10
2026-08-27 21:56:32,0.5958,0.59075,0.58606,0.58449,62.51,28.82,0.00395,0.003754,0.003497,0.59866,0.58264,BUY,STRONG_BUY,BUY,SELL,55,10
2026-08-27 22:12:27,0.59585,0.59076,0.58606,0.58449,62.58,28.82,0.00395,0.003758,0.003498,0.59867,0.58264,BUY,STRONG_BUY,BUY,SELL,55,10
2026-08-27 22:28:22,0.59597,0.59077,0.58606,0.58449,62.73,28.82,0.00395,0.003768,0.0035,0.59869,0.58263,BUY,STRONG_BUY,BUY,SELL,55,10
2026-08-27 22:44:16,0.59602,0.59078,0.58607,0.58449,62.8,28.82,0.00395,0.003772,0.0035,0.5987,0.58262,BUY,STRONG_BUY,BUY,SELL,55,10
2026-08-27 23:00:11,0.59641,0.59081,0.58608,0.58449,63.29,28.85,0.00396,0.003803,0.003507,0.59878,0.58259,BUY,STRONG_BUY,BUY,SELL,55,10
2026-08-27 23:16:06,0.59647,0.59082,0.58608,0.58449,63.36,28.87,0.00397,0.003808,0.003507,0.59879,0.58258,BUY,STRONG_BUY,BUY,SELL,55,10
2026-08-27 23:32:02,0.59652,0.59082,0.58608,0.58449,63.43,28.88,0.00397,0.003812,0.003508,0.5988,0.58258,BUY,STRONG_BUY,BUY,SELL,55,10
2026-08-27 23:47:58,0.59613,0.59079,0.58607,0.58449,62.94,28.88,0.00397,0.003781,0.003502,0.59872,0.58261,BUY,STRONG_BUY,BUY,SELL,55,10
2026-08-28 00:03:53,0.59619,0.59079,0.58607,0.58449,63.01,28.88,0.00397,0.003786,0.003503,0.59873,0.58261,BUY,STRONG_BUY,BUY,SELL,55,10
2026-08-28 00:19:49,0.5964,0.59081,0.58608,0.58449,63.28,28.88,0.00397,0.003802,0.003506,0.59877,0.58259,BUY,STRONG_BUY,BUY,SELL,55,10
2026-08-28 06:49:11,0.59512,0.59069,0.58603,0.58448,61.61,28.88,0.00397,0.0037,0.003486,0.59855,0.58269,BUY,BUY,BUY,SELL,55,10
2026-08-30 17:10:40,0.59176,0.59044,0.5861,0.58451,54.98,26.26,0.00404,0.003077,0.003352,0.59815,0.58319,BUY,BUY,SELL,BUY,42,28
2026-08-30 17:26:35,0.59122,0.59039,0.58608,0.5845,54.16,26.26,0.00404,0.003034,0.003343,0.59811,0.58317,BUY,BUY,SELL,BUY,42,28
2026-08-30 17:42:29,0.5911,0.59037,0.58607,0.5845,53.97,26.26,0.00404,0.003024,0.003341,0.5981,0.58317,BUY,BUY,SELL,BUY,42,28
2026-08-30 17:58:23,0.5913,0.59039,0.58608,0.58451,54.28,26.26,0.00404,0.00304,0.003344,0.59811,0.58317,BUY,BUY,SELL,BUY,42,28
2026-08-30 18:05:06,0.59117,0.59038,0.58608,0.5845,54.08,26.26,0.00404,0.00303,0.003342,0.5981,0.58317,BUY,BUY,SELL,NEUTRAL,52,28
2026-08-30 18:21:00,0.5912,0.59038,0.58608,0.5845,54.13,26.26,0.00404,0.003032,0.003343,0.59811,0.58317,BUY,BUY,SELL,NEUTRAL,52,28
2026-08-30 18:36:54,0.59142,0.5904,0.58609,0.58451,54.47,26.26,0.00404,0.00305,0.003346,0.59812,0.58318,BUY,BUY,SELL,NEUTRAL,52,28
2026-08-30 18:52:48,0.59132,0.59039,0.58608,0.58451,54.31,26.26,0.00404,0.003042,0.003345,0.59811,0.58317,BUY,BUY,SELL,NEUTRAL,52,28
2026-08-30 19:08:42,0.59161,0.59042,0.58609,0.58451,54.76,26.26,0.00404,0.003065,0.003349,0.59813,0.58318,BUY,BUY,NEUTRAL,NEUTRAL,52,28
2026-08-30 20:49:41,0.59153,0.59041,0.58609,0.58451,54.63,26.26,0.00404,0.003058,0.003348,0.59813,0.58318,BUY,BUY,NEUTRAL,NEUTRAL,52,28
2026-08-30 21:05:35,0.5912,0.59038,0.58608,0.5845,54.13,26.26,0.00404,0.003032,0.003343,0.59811,0.58317,BUY,BUY,SELL,NEUTRAL,52,28
2026-08-30 21:21:31,0.59024,0.59029,0.58604,0.5845,52.46,26.16,0.00409,0.002955,0.003327,0.59806,0.58313,BUY,NEUTRAL,SELL,NEUTRAL,31,28
2026-08-30 21:37:27,0.59079,0.59034,0.58606,0.5845,53.44,26.14,0.00409,0.002999,0.003336,0.59808,0.58315,BUY,BUY,SELL,NEUTRAL,52,28
2026-08-30 21:53:21,0.59137,0.5904,0.58608,0.58451,54.39,26.14,0.00409,0.003046,0.003345,0.59812,0.58318,BUY,BUY,SELL,NEUTRAL,52,28
2026-08-30 22:09:15,0.59164,0.59043,0.58609,0.58451,54.8,26.14,0.00409,0.003067,0.00335,0.59814,0.58318,BUY,BUY,SELL,NEUTRAL,52,28
2026-08-30 22:25:09,0.59162,0.59042,0.58609,0.58451,54.77,26.14,0.00409,0.003066,0.003349,0.59814,0.58318,BUY,BUY,SELL,NEUTRAL,52,28
2026-08-30 22:41:04,0.59139,0.5904,0.58609,0.58451,54.42,26.14,0.00409,0.003047,0.003346,0.59812,0.58318,BUY,BUY,SELL,NEUTRAL,52,28
2026-08-30 22:56:59,0.59167,0.59043,0.5861,0.58451,54.85,26.14,0.00409,0.00307,0.00335,0.59814,0.58318,BUY,BUY,SELL,NEUTRAL,52,28
2026-08-30 23:12:55,0.59203,0.59046,0.58611,0.58451,55.38,26.14,0.0041,0.003098,0.003356,0.59817,0.58319,BUY,BUY,NEUTRAL,NEUTRAL,32,28
2026-08-30 23:28:49,0.59205,0.59046,0.58611,0.58451,55.41,26.14,0.00411,0.0031,0.003356,0.59817,0.58319,BUY,BUY,NEUTRAL,NEUTRAL,32,28
2026-08-30 23:44:42,0.59193,0.59045,0.58611,0.58451,55.23,26.14,0.00411,0.00309,0.003354,0.59816,0.58319,BUY,BUY,SELL,NEUTRAL,32,28
2026-08-31 00:00:36,0.59203,0.59046,0.58611,0.58451,55.38,26.14,0.00411,0.003098,0.003356,0.59817,0.58319,BUY,BUY,NEUTRAL,NEUTRAL,32,28
2026-08-31 00:06:39,0.59192,0.59045,0.58611,0.58451,55.22,26.14,0.00411,0.003089,0.003354,0.59816,0.58319,BUY,BUY,SELL,NEUTRAL,32,28
2026-08-31 07:55:56,0.59145,0.59041,0.58609,0.58451,54.51,26.14,0.00411,0.003052,0.003347,0.59812,0.58318,BUY,BUY,SELL,SELL,52,18
2026-08-31 08:11:50,0.59148,0.59041,0.58609,0.58451,54.56,26.14,0.00411,0.003054,0.003347,0.59813,0.58318,BUY,BUY,SELL,NEUTRAL,52,28
2026-08-31 08:27:45,0.59156,0.59042,0.58609,0.58451,54.68,26.14,0.00411,0.003061,0.003348,0.59813,0.58318,BUY,BUY,NEUTRAL,NEUTRAL,52,28
2026-08-31 08:43:38,0.59114,0.59038,0.58608,0.5845,54.04,26.14,0.00411,0.003027,0.003342,0.5981,0.58317,BUY,BUY,SELL,NEUTRAL,52,28
2026-08-31 08:59:32,0.5913,0.59039,0.58608,0.58451,54.28,26.14,0.00411,0.00304,0.003344,0.59811,0.58317,BUY,BUY,SELL,NEUTRAL,52,28
2026-08-31 09:15:26,0.59151,0.59041,0.58609,0.58451,54.6,26.14,0.00411,0.003057,0.003348,0.59813,0.58318,BUY,BUY,NEUTRAL,NEUTRAL,52,28
2026-08-31 09:31:20,0.59177,0.59044,0.5861,0.58451,55.0,26.14,0.00411,0.003078,0.003352,0.59815,0.58319,BUY,BUY,NEUTRAL,SELL,52,18
2026-08-31 09:47:14,0.5915,0.59041,0.58609,0.58451,54.59,26.14,0.00411,0.003056,0.003347,0.59813,0.58318,BUY,BUY,SELL,NEUTRAL,52,28
2026-08-31 10:03:08,0.59166,0.59043,0.5861,0.58451,54.83,26.14,0.00411,0.003069,0.00335,0.59814,0.58318,BUY,BUY,SELL,NEUTRAL,52,28
2026-08-31 10:19:02,0.59195,0.59045,0.58611,0.58451,55.26,26.14,0.00411,0.003092,0.003355,0.59816,0.58319,BUY,BUY,SELL,SELL,32,18
2026-08-31 10:34:56,0.59176,0.59044,0.5861,0.58451,54.98,26.14,0.00411,0.003077,0.003352,0.59815,0.58319,BUY,BUY,SELL,SELL,52,18
2026-08-31 10:50:50,0.5917,0.59043,0.5861,0.58451,54.89,26.14,0.00411,0.003072,0.003351,0.59814,0.58319,BUY,BUY,SELL,SELL,52,18
2026-08-31 11:06:44,0.59116,0.59038,0.58608,0.5845,54.07,26.14,0.00411,0.003029,0.003342,0.5981,0.58317,BUY,BUY,SELL,SELL,52,18
2026-08-31 11:22:39,0.59099,0.59037,0.58607,0.5845,53.9,26.14,0.00411,0.00302,0.00334,0.5981,0.58317,BUY,BUY,SELL,SELL,52,18
2026-08-31 11:38:33,0.59144,0.59041,0.58609,0.58451,54.5,26.14,0.00411,0.003051,0.003346,0.59812,0.58318,BUY,BUY,SELL,SELL,52,18
2026-08-31 11:54:27,0.59163,0.59042,0.58609,0.58451,54.79,26.14,0.00411,0.003066,0.003349,0.59814,0.58318,BUY,BUY,SELL,SELL,52,18
2026-08-31 12:10:21,0.59156,0.59042,0.58609,0.58451,54.68,26.14,0.00411,0.003061,0.003348,0.59813,0.58318,BUY,BUY,SELL,SELL,52,18
2026-08-31 12:26:15,0.59166,0.59043,0.5861,0.58451,54.83,26.14,0.00411,0.003069,0.00335,0.59814,0.58318,BUY,BUY,SELL,SELL,52,18
2026-08-31 12:42:09,0.59175,0.59044,0.5861,0.58451,54.97,26.14,0.00411,0.003076,0.003351,0.59815,0.58319,BUY,BUY,SELL,SELL,52,18
2026-08-31 12:58:04,0.59175,0.59044,0.5861,0.58451,54.97,26.14,0.00411,0.003076,0.003351,0.59815,0.58319,BUY,BUY,SELL,SELL,52,18
2026-08-31 13:13:58,0.59179,0.59044,0.5861,0.58451,55.03,26.14,0.00411,0.003079,0.003352,0.59815,0.58319,BUY,BUY,SELL,SELL,32,18
2026-08-31 13:29:53,0.59161,0.59042,0.58609,0.58451,54.76,26.14,0.00411,0.003065,0.003349,0.59813,0.58318,BUY,BUY,SELL,SELL,52,18
2026-08-31 13:45:47,0.59183,0.59044,0.5861,0.58451,55.08,26.14,0.00411,0.003082,0.003353,0.59815,0.58319,BUY,BUY,SELL,SELL,32,18
2026-08-31 14:01:41,0.59175,0.59044,0.5861,0.58451,54.97,26.14,0.00411,0.003076,0.003351,0.59815,0.58319,BUY,BUY,SELL,SELL,52,18
2026-08-31 14:17:35,0.59176,0.59044,0.5861,0.58451,54.98,26.14,0.00411,0.003077,0.003352,0.59815,0.58319,BUY,BUY,SELL,SELL,52,18
2026-08-31 15:03:13,0.59164,0.59043,0.58609,0.58451,54.8,26.14,0.00411,0.003067,0.00335,0.59814,0.58318,BUY,BUY,SELL,SELL,52,18
2026-08-31 15:19:06,0.59165,0.59043,0.5861,0.58451,54.82,26.14,0.00411,0.003068,0.00335,0.59814,0.58318,BUY,BUY,SELL,SELL,52,18
2026-08-31 15:35:00,0.59175,0.59044,0.5861,0.58451,54.97,26.14,0.00411,0.003076,0.003351,0.59815,0.58319,BUY,BUY,SELL,SELL,52,18
2026-08-31 15:50:54,0.59165,0.59043,0.5861,0.58451,54.82,26.14,0.00411,0.003068,0.00335,0.59814,0.58318,BUY,BUY,SELL,SELL,52,18
2026-08-31 16:06:47,0.59165,0.59043,0.5861,0.58451,54.82,26.14,0.00411,0.003068,0.00335,0.59814,0.58318,BUY,BUY,SELL,SELL,52,18
2026-08-31 16:22:42,0.59145,0.59041,0.58609,0.58451,54.51,26.14,0.00411,0.003052,0.003347,0.59812,0.58318,BUY,BUY,SELL,SELL,52,18
2026-08-31 16:38:36,0.59157,0.59042,0.58609,0.58451,54.7,26.14,0.00411,0.003062,0.003348,0.59813,0.58318,BUY,BUY,SELL,SELL,52,18
2026-08-31 16:54:29,0.59157,0.59042,0.58609,0.58451,54.7,26.14,0.00411,0.003062,0.003348,0.59813,0.58318,BUY,BUY,SELL,SELL,52,18
2026-08-31 17:10:23,0.59106,0.59037,0.58607,0.5845,53.91,26.14,0.00411,0.003021,0.00334,0.5981,0.58317,BUY,BUY,SELL,SELL,52,18
2026-08-31 17:26:17,0.59092,0.59036,0.58607,0.5845,53.67,26.14,0.00411,0.00301,0.003338,0.59809,0.58316,BUY,BUY,SELL,SELL,52,18
2026-08-31 17:42:11,0.59112,0.59038,0.58607,0.5845,54.01,26.14,0.00411,0.003026,0.003341,0.5981,0.58317,BUY,BUY,SELL,SELL,52,18
2026-08-31 17:58:05,0.59142,0.5904,0.58609,0.58451,54.47,26.14,0.00411,0.00305,0.003346,0.59812,0.58318,BUY,BUY,SELL,SELL,52,18
2026-08-31 18:07:54,0.59152,0.59052,0.5863,0.58458,54.62,24.98,0.00382,0.002777,0.003234,0.59822,0.58332,BUY,BUY,SELL,SELL,47,13
2026-08-31 18:23:48,0.59161,0.59053,0.58631,0.58458,54.77,24.98,0.00382,0.002785,0.003235,0.59823,0.58332,BUY,BUY,SELL,SELL,47,13
2026-08-31 18:39:42,0.59161,0.59053,0.58631,0.58458,54.77,24.98,0.00382,0.002785,0.003235,0.59823,0.58332,BUY,BUY,SELL,SELL,47,13
2026-08-31 18:55:35,0.59153,0.59052,0.5863,0.58458,54.63,24.98,0.00382,0.002778,0.003234,0.59822,0.58332,BUY,BUY,SELL,SELL,47,13
2026-08-31 19:11:29,0.59151,0.59052,0.5863,0.58458,54.6,24.98,0.00382,0.002777,0.003234,0.59822,0.58332,BUY,BUY,SELL,SELL,47,13
2026-08-31 20:27:03,0.59276,0.59064,0.58635,0.58459,56.56,25.19,0.00391,0.002876,0.003254,0.59833,0.58333,BUY,BUY,NEUTRAL,SELL,32,18
2026-08-31 20:42:57,0.5922,0.59058,0.58633,0.58458,55.7,25.19,0.00391,0.002832,0.003245,0.59828,0.58333,BUY,BUY,NEUTRAL,SELL,32,18
2026-08-31 20:58:51,0.59196,0.59056,0.58632,0.58458,55.33,25.19,0.00391,0.002812,0.003241,0.59826,0.58333,BUY,BUY,NEUTRAL,SELL,32,18
2026-08-31 21:14:45,0.5913,0.5905,0.58629,0.58458,54.19,25.19,0.00393,0.00276,0.00323,0.59821,0.58331,BUY,BUY,SELL,SELL,52,18
2026-08-31 21:30:39,0.59117,0.59049,0.58629,0.58457,53.94,25.19,0.00394,0.002749,0.003228,0.5982,0.5833,BUY,BUY,SELL,SELL,52,18
2026-08-31 21:46:33,0.59152,0.59052,0.5863,0.58458,54.62,25.19,0.00394,0.002777,0.003234,0.59822,0.58332,BUY,BUY,SELL,SELL,52,18
2026-08-31 22:02:27,0.59122,0.59049,0.58629,0.58457,54.03,25.19,0.00395,0.002753,0.003229,0.5982,0.58331,BUY,BUY,SELL,SELL,52,18
2026-08-31 22:18:21,0.59121,0.59049,0.58629,0.58457,54.01,25.19,0.00395,0.002753,0.003229,0.5982,0.5833,BUY,BUY,SELL,SELL,52,18
2026-09-01 08:05:47,0.58913,0.59029,0.58621,0.58455,50.29,24.59,0.00408,0.002587,0.003196,0.59813,0.58317,BUY,BUY,SELL,NEUTRAL,43,23
2026-09-01 08:21:41,0.58936,0.59031,0.58622,0.58456,50.68,24.57,0.00409,0.002605,0.003199,0.59813,0.58319,BUY,BUY,SELL,NEUTRAL,43,23
2026-09-01 08:37:35,0.58951,0.59033,0.58622,0.58456,50.94,24.57,0.00409,0.002617,0.003202,0.59813,0.5832,BUY,BUY,SELL,NEUTRAL,43,23
2026-09-01 08:53:29,0.58997,0.59037,0.58624,0.58456,51.73,24.57,0.00409,0.002654,0.003209,0.59814,0.58324,BUY,BUY,SELL,NEUTRAL,43,23
2026-09-01 09:09:23,0.58996,0.59037,0.58624,0.58456,51.72,24.57,0.00409,0.002653,0.003209,0.59814,0.58324,BUY,BUY,SELL,NEUTRAL,43,23
2026-09-01 09:25:17,0.58995,0.59037,0.58624,0.58456,51.7,24.57,0.00409,0.002652,0.003209,0.59814,0.58324,BUY,BUY,SELL,NEUTRAL,43,23
2026-09-01 09:41:11,0.59013,0.59039,0.58625,0.58456,52.02,24.57,0.00409,0.002666,0.003212,0.59815,0.58325,BUY,BUY,SELL,NEUTRAL,43,23
2026-09-01 09:57:05,0.59055,0.59043,0.58627,0.58457,52.78,24.57,0.00409,0.0027,0.003218,0.59817,0.58327,BUY,BUY,SELL,NEUTRAL,47,23
2026-09-01 10:13:00,0.5909,0.59046,0.58628,0.58457,53.42,24.57,0.00409,0.002728,0.003224,0.59818,0.58329,BUY,BUY,SELL,SELL,47,13
2026-09-01 10:28:54,0.5907,0.59044,0.58627,0.58457,53.05,24.57,0.00409,0.002712,0.003221,0.59817,0.58328,BUY,BUY,SELL,NEUTRAL,47,23
2026-09-01 10:44:49,0.5907,0.59044,0.58627,0.58457,53.05,24.57,0.00409,0.002712,0.003221,0.59817,0.58328,BUY,BUY,SELL,NEUTRAL,47,23
2026-09-01 11:00:42,0.59044,0.59042,0.58626,0.58457,52.57,24.57,0.00409,0.002691,0.003217,0.59816,0.58327,BUY,BUY,SELL,NEUTRAL,47,23
2026-09-01 11:16:37,0.59017,0.59039,0.58625,0.58456,52.09,24.57,0.00409,0.00267,0.003212,0.59815,0.58325,BUY,BUY,SELL,NEUTRAL,43,23
2026-09-01 11:32:30,0.59021,0.5904,0.58625,0.58456,52.16,24.57,0.00409,0.002673,0.003213,0.59815,0.58325,BUY,BUY,SELL,NEUTRAL,43,23
2026-09-01 11:48:25,0.59021,0.5904,0.58625,0.58456,52.16,24.57,0.00409,0.002673,0.003213,0.59815,0.58325,BUY,BUY,SELL,NEUTRAL,43,23
2026-09-01 12:04:19,0.59019,0.59039,0.58625,0.58456,52.12,24.57,0.00409,0.002671,0.003213,0.59815,0.58325,BUY,BUY,SELL,NEUTRAL,43,23
2026-09-01 12:20:13,0.58966,0.59034,0.58623,0.58456,51.19,24.57,0.00409,0.002629,0.003204,0.59814,0.58322,BUY,BUY,SELL,NEUTRAL,43,23
2026-09-01 12:36:07,0.5893,0.59031,0.58622,0.58456,50.58,24.57,0.00409,0.0026,0.003198,0.59813,0.58319,BUY,BUY,SELL,NEUTRAL,43,23
2026-09-01 12:52:01,0.58916,0.5903,0.58621,0.58455,50.34,24.57,0.00409,0.002589,0.003196,0.59813,0.58317,BUY,BUY,SELL,NEUTRAL,43,23
2026-09-01 13:07:55,0.58922,0.5903,0.58621,0.58455,50.45,24.57,0.00409,0.002594,0.003197,0.59813,0.58318,BUY,BUY,SELL,NEUTRAL,43,23
2026-09-01 13:23:49,0.58939,0.59032,0.58622,0.58456,50.73,24.57,0.00409,0.002607,0.0032,0.59813,0.58319,BUY,BUY,SELL,NEUTRAL,43,23
2026-09-01 13:39:44,0.5893,0.59031,0.58622,0.58456,50.58,24.57,0.00409,0.0026,0.003198,0.59813,0.58319,BUY,BUY,SELL,NEUTRAL,43,23
2026-09-01 13:55:38,0.58902,0.59028,0.58621,0.58455,50.11,24.56,0.00409,0.002578,0.003194,0.59813,0.58316,BUY,BUY,SELL,NEUTRAL,43,23
2026-09-01 14:11:33,0.58903,0.59028,0.58621,0.58455,50.13,24.56,0.00409,0.002579,0.003194,0.59813,0.58316,BUY,BUY,SELL,NEUTRAL,43,23
2026-09-01 14:27:27,0.58913,0.59029,0.58621,0.58455,50.29,24.53,0.0041,0.002587,0.003196,0.59813,0.58317,BUY,BUY,SELL,NEUTRAL,43,23
2026-09-01 14:43:21,0.58876,0.59026,0.5862,0.58455,49.69,24.47,0.00411,0.002557,0.00319,0.59813,0.58314,BUY,NEUTRAL,SELL,BUY,16,23
2026-09-01 14:59:16,0.58919,0.5903,0.58621,0.58455,50.4,24.47,0.00411,0.002591,0.003197,0.59813,0.58318,BUY,BUY,SELL,NEUTRAL,43,23
2026-09-01 15:15:10,0.58922,0.5903,0.58621,0.58455,50.45,24.47,0.00411,0.002594,0.003197,0.59813,0.58318,BUY,BUY,SELL,NEUTRAL,43,23
2026-09-01 15:31:04,0.58917,0.5903,0.58621,0.58455,50.36,24.47,0.00411,0.00259,0.003196,0.59813,0.58317,BUY,BUY,SELL,NEUTRAL,43,23
2026-09-01 15:46:58,0.58888,0.59027,0.5862,0.58455,49.88,24.47,0.00411,0.002567,0.003192,0.59813,0.58315,BUY,NEUTRAL,SELL,NEUTRAL,26,23
2026-09-01 16:02:52,0.58881,0.59026,0.5862,0.58455,49.77,24.47,0.00411,0.002561,0.003191,0.59813,0.58314,BUY,NEUTRAL,SELL,NEUTRAL,26,23
2026-09-01 16:18:46,0.5889,0.59027,0.5862,0.58455,49.91,24.47,0.00411,0.002568,0.003192,0.59813,0.58315,BUY,BUY,SELL,NEUTRAL,43,23
2026-09-01 16:34:39,0.58886,0.59027,0.5862,0.58455,49.85,24.47,0.00411,0.002565,0.003191,0.59813,0.58315,BUY,NEUTRAL,SELL,NEUTRAL,26,23
2026-09-01 16:50:33,0.58896,0.59028,0.5862,0.58455,50.01,24.47,0.00411,0.002573,0.003193,0.59813,0.58316,BUY,BUY,SELL,NEUTRAL,43,23
2026-09-01 17:06:27,0.589,0.59028,0.5862,0.58455,50.08,24.47,0.00411,0.002576,0.003194,0.59813,0.58316,BUY,BUY,SELL,NEUTRAL,43,23
2026-09-01 17:22:22,0.58908,0.59029,0.58621,0.58455,50.21,24.47,0.00411,0.002583,0.003195,0.59813,0.58317,BUY,BUY,SELL,NEUTRAL,43,23
2026-09-01 17:38:27,0.58886,0.59027,0.5862,0.58455,49.85,24.47,0.00411,0.002565,0.003191,0.59813,0.58315,BUY,NEUTRAL,SELL,NEUTRAL,26,23
2026-09-01 18:36:17,0.5893,0.5902,0.58633,0.5846,50.59,22.92,0.00384,0.002203,0.002998,0.59813,0.58327,BUY,BUY,SELL,NEUTRAL,43,23
2026-09-01 18:52:11,0.58931,0.5902,0.58633,0.5846,50.61,22.92,0.00384,0.002204,0.002998,0.59813,0.58327,BUY,BUY,SELL,NEUTRAL,43,23
2026-09-01 19:08:05,0.58941,0.59021,0.58634,0.5846,50.78,22.92,0.00384,0.002212,0.002999,0.59813,0.58328,BUY,BUY,SELL,NEUTRAL,43,23
2026-09-01 19:23:59,0.58938,0.59021,0.58634,0.5846,50.73,22.92,0.00384,0.002209,0.002999,0.59813,0.58328,BUY,BUY,SELL,NEUTRAL,43,23
2026-09-01 19:39:53,0.58941,0.59021,0.58634,0.5846,50.78,22.92,0.00384,0.002212,0.002999,0.59813,0.58328,BUY,BUY,SELL,NEUTRAL,43,23
2026-09-01 19:55:47,0.58926,0.5902,0.58633,0.5846,50.52,22.92,0.00384,0.0022,0.002997,0.59813,0.58327,BUY,BUY,SELL,NEUTRAL,43,23
2026-09-01 21:22:50,0.58913,0.59018,0.58633,0.5846,50.29,22.92,0.00387,0.00219,0.002995,0.59813,0.58326,BUY,BUY,SELL,BUY,33,23
2026-09-01 21:38:44,0.5891,0.59018,0.58632,0.5846,50.24,22.87,0.00389,0.002187,0.002994,0.59813,0.58325,BUY,BUY,SELL,BUY,33,23
2026-09-01 21:54:37,0.58906,0.59018,0.58632,0.5846,50.17,22.87,0.00389,0.002184,0.002994,0.59813,0.58325,BUY,BUY,SELL,BUY,33,23
2026-09-01 22:01:21,0.58615,0.5899,0.58621,0.58457,45.46,23.47,0.00409,0.001952,0.002947,0.59821,0.58287,BUY,SELL,STRONG_SELL,BUY,5,40
2026-09-01 22:05:28,0.58545,0.58983,0.58618,0.58456,44.46,23.58,0.00412,0.001896,0.002936,0.59826,0.58275,BUY,SELL,STRONG_SELL,BUY,5,20
2026-09-01 22:21:22,0.58552,0.58984,0.58618,0.58456,44.56,23.61,0.00413,0.001902,0.002937,0.59826,0.58276,BUY,SELL,STRONG_SELL,BUY,5,20
2026-09-01 22:37:16,0.58501,0.58979,0.58616,0.58456,43.85,23.82,0.00419,0.001861,0.002929,0.5983,0.58267,NEUTRAL,SELL,STRONG_SELL,BUY,5,20
2026-09-02 08:24:58,0.58299,0.5896,0.58609,0.58454,41.26,24.7,0.00449,0.001699,0.002897,0.59853,0.58224,SELL,STRONG_SELL,SELL,BUY,5,34
2026-09-02 08:40:52,0.58215,0.58952,0.58605,0.58453,40.27,24.7,0.00449,0.001632,0.002884,0.59865,0.58204,SELL,STRONG_SELL,SELL,BUY,5,34
2026-09-02 08:56:46,0.58214,0.58952,0.58605,0.58453,40.26,24.7,0.00449,0.001632,0.002884,0.59865,0.58204,SELL,STRONG_SELL,SELL,BUY,5,34
2026-09-02 09:12:40,0.58215,0.58952,0.58605,0.58453,40.27,24.7,0.00449,0.001632,0.002884,0.59865,0.58204,SELL,STRONG_SELL,SELL,BUY,5,34
2026-09-02 09:28:35,0.58342,0.58964,0.5861,0.58454,41.79,24.7,0.00449,0.001734,0.002904,0.59848,0.58234,SELL,STRONG_SELL,SELL,NEUTRAL,15,34
2026-09-02 09:44:29,0.58369,0.58967,0.58611,0.58455,42.12,24.7,0.00449,0.001755,0.002909,0.59844,0.5824,SELL,STRONG_SELL,SELL,NEUTRAL,15,34
2026-09-02 10:00:23,0.58426,0.58972,0.58613,0.58455,42.85,24.7,0.00449,0.001801,0.002918,0.59838,0.58252,SELL,SELL,SELL,NEUTRAL,15,34
2026-09-02 10:16:17,0.58387,0.58968,0.58612,0.58455,42.35,24.7,0.00449,0.00177,0.002911,0.59842,0.58244,SELL,STRONG_SELL,SELL,NEUTRAL,15,34
2026-09-02 10:32:11,0.58399,0.5897,0.58612,0.58455,42.5,24.7,0.00449,0.001779,0.002913,0.59841,0.58246,SELL,STRONG_SELL,SELL,NEUTRAL,15,34
2026-09-02 10:48:04,0.58412,0.58971,0.58613,0.58455,42.67,24.7,0.00449,0.001789,0.002915,0.59839,0.58249,SELL,STRONG_SELL,SELL,NEUTRAL,15,34
2026-09-02 11:03:58,0.5848,0.58977,0.58616,0.58456,43.57,24.7,0.00449,0.001844,0.002926,0.59833,0.58263,NEUTRAL,SELL,SELL,NEUTRAL,15,20
2026-09-02 11:19:52,0.58507,0.5898,0.58617,0.58456,43.93,24.7,0.00449,0.001865,0.002931,0.5983,0.58268,NEUTRAL,SELL,SELL,NEUTRAL,15,20
2026-09-02 11:35:46,0.58478,0.58977,0.58616,0.58456,43.54,24.7,0.00449,0.001842,0.002926,0.59833,0.58262,SELL,SELL,SELL,NEUTRAL,15,28
2026-09-02 11:51:40,0.58447,0.58974,0.58614,0.58455,43.15,24.7,0.00449,0.001819,0.002921,0.59836,0.58256,SELL,SELL,SELL,NEUTRAL,15,34
2026-09-02 12:07:34,0.58462,0.58976,0.58615,0.58456,43.33,24.7,0.00449,0.001829,0.002923,0.59834,0.58259,SELL,SELL,SELL,NEUTRAL,15,28
2026-09-02 12:23:29,0.58464,0.58976,0.58615,0.58456,43.35,24.7,0.00449,0.001831,0.002924,0.59834,0.58259,SELL,SELL,SELL,NEUTRAL,15,28
2026-09-02 12:39:23,0.58443,0.58974,0.58614,0.58455,43.07,24.7,0.00449,0.001814,0.00292,0.59836,0.58255,SELL,SELL,SELL,NEUTRAL,15,34
2026-09-02 12:55:16,0.58462,0.58976,0.58615,0.58456,43.33,24.7,0.00449,0.001829,0.002923,0.59834,0.58259,SELL,SELL,SELL,NEUTRAL,15,28
2026-09-02 13:11:10,0.58433,0.58973,0.58614,0.58455,42.94,24.7,0.00449,0.001806,0.002919,0.59837,0.58253,SELL,SELL,SELL,NEUTRAL,15,34
2026-09-02 13:27:04,0.58427,0.58972,0.58614,0.58455,42.86,24.7,0.00449,0.001801,0.002918,0.59838,0.58252,SELL,SELL,SELL,NEUTRAL,15,34
2026-09-02 13:42:58,0.5845,0.58974,0.58614,0.58455,43.17,24.7,0.00449,0.00182,0.002922,0.59836,0.58257,SELL,SELL,SELL,NEUTRAL,15,34
2026-09-02 13:58:52,0.58452,0.58975,0.58615,0.58455,43.19,24.7,0.00449,0.001821,0.002922,0.59835,0.58257,SELL,SELL,SELL,NEUTRAL,15,34
2026-09-02 14:14:46,0.58447,0.58974,0.58614,0.58455,43.13,24.7,0.00449,0.001817,0.002921,0.59836,0.58256,SELL,SELL,SELL,NEUTRAL,15,34
2026-09-02 14:30:39,0.58445,0.58974,0.58614,0.58455,43.1,24.7,0.00449,0.001816,0.002921,0.59836,0.58256,SELL,SELL,SELL,NEUTRAL,15,34
2026-09-02 14:46:33,0.58448,0.58974,0.58614,0.58455,43.14,24.7,0.00449,0.001818,0.002921,0.59836,0.58256,SELL,SELL,SELL,NEUTRAL,15,34
2026-09-02 15:02:27,0.58456,0.58975,0.58615,0.58455,43.25,24.7,0.00449,0.001825,0.002922,0.59835,0.58258,SELL,SELL,SELL,NEUTRAL,15,28
2026-09-02 15:18:21,0.58483,0.58978,0.58616,0.58456,43.61,24.7,0.00449,0.001846,0.002927,0.59832,0.58263,SELL,SELL,SELL,NEUTRAL,15,28
2026-09-02 15:34:15,0.5848,0.58977,0.58616,0.58456,43.57,24.7,0.00449,0.001844,0.002926,0.59833,0.58263,SELL,SELL,SELL,NEUTRAL,15,28
2026-09-02 15:50:08,0.58486,0.58978,0.58616,0.58456,43.65,24.7,0.00449,0.001848,0.002927,0.59832,0.58264,NEUTRAL,SELL,SELL,NEUTRAL,15,20
2026-09-02 16:06:02,0.5853,0.58982,0.58618,0.58456,44.25,24.7,0.00449,0.001884,0.002934,0.59828,0.58272,BUY,SELL,SELL,NEUTRAL,15,20
2026-09-02 16:21:56,0.58524,0.58981,0.58617,0.58456,44.17,24.7,0.00449,0.001879,0.002933,0.59829,0.58271,BUY,SELL,SELL,NEUTRAL,15,20
2026-09-02 16:37:50,0.58517,0.58981,0.58617,0.58456,44.07,24.7,0.00449,0.001873,0.002932,0.59829,0.5827,BUY,SELL,SELL,NEUTRAL,15,20
2026-09-02 16:53:44,0.58514,0.58981,0.58617,0.58456,44.03,24.7,0.00449,0.001871,0.002932,0.59829,0.58269,BUY,SELL,SELL,NEUTRAL,15,20
2026-09-02 17:09:38,0.5842,0.58973,0.58614,0.58455,42.9,24.7,0.00449,0.001804,0.002918,0.59838,0.58253,SELL,SELL,SELL,NEUTRAL,15,34
2026-09-02 17:25:32,0.5837,0.58967,0.58611,0.58455,42.14,24.7,0.00449,0.001756,0.002909,0.59844,0.5824,SELL,STRONG_SELL,SELL,NEUTRAL,15,34
2026-09-02 17:41:27,0.58413,0.58971,0.58613,0.58455,42.68,24.7,0.00449,0.00179,0.002916,0.59839,0.58249,SELL,STRONG_SELL,SELL,NEUTRAL,15,34
2026-09-02 17:57:21,0.58491,0.58978,0.58616,0.58456,43.71,24.7,0.00449,0.001852,0.002928,0.59832,0.58265,SELL,SELL,SELL,NEUTRAL,15,28
2026-09-02 18:13:15,0.58484,0.58931,0.58611,0.58456,43.61,24.92,0.00419,0.00125,0.002593,0.59843,0.58238,NEUTRAL,SELL,SELL,NEUTRAL,15,20
2026-09-02 19:38:48,0.58499,0.58933,0.58612,0.58456,43.85,24.92,0.0042,0.001262,0.002595,0.59841,0.58241,NEUTRAL,NEUTRAL,SELL,SELL,15,0
2026-09-02 19:54:42,0.58505,0.58933,0.58612,0.58456,43.97,24.92,0.0042,0.001267,0.002596,0.59841,0.58242,NEUTRAL,NEUTRAL,SELL,SELL,15,0
2026-09-02 20:10:36,0.58527,0.58936,0.58613,0.58457,44.37,24.92,0.00422,0.001285,0.0026,0.59839,0.58246,BUY,NEUTRAL,SELL,SELL,15,0
2026-09-02 20:26:29,0.58553,0.58938,0.58614,0.58457,44.85,24.92,0.00423,0.001305,0.002604,0.59837,0.5825,BUY,NEUTRAL,SELL,SELL,15,0
2026-09-02 20:42:23,0.58529,0.58936,0.58613,0.58457,44.41,24.92,0.00423,0.001286,0.0026,0.59839,0.58246,BUY,NEUTRAL,SELL,SELL,15,0
2026-09-02 20:58:17,0.58538,0.58937,0.58613,0.58457,44.57,24.92,0.00423,0.001293,0.002601,0.59838,0.58248,BUY,NEUTRAL,SELL,SELL,15,0
2026-09-03 08:08:08,0.58718,0.58954,0.5862,0.58458,47.67,24.92,0.00435,0.001437,0.00263,0.59828,0.58276,BUY,NEUTRAL,SELL,STRONG_SELL,26,3
2026-09-03 08:24:01,0.58649,0.58947,0.58617,0.58458,46.53,24.92,0.00435,0.001382,0.002619,0.59831,0.58266,BUY,NEUTRAL,SELL,STRONG_SELL,26,3
2026-09-03 08:39:55,0.58784,0.5896,0.58623,0.58459,48.72,24.92,0.0044,0.00149,0.002641,0.59826,0.58284,BUY,NEUTRAL,NEUTRAL,STRONG_SELL,26,3
2026-09-03 08:55:49,0.58818,0.58963,0.58624,0.58459,49.25,24.92,0.00443,0.001517,0.002646,0.59826,0.58288,BUY,NEUTRAL,BUY,STRONG_SELL,43,3
2026-09-03 09:11:42,0.58754,0.58957,0.58622,0.58459,48.25,24.92,0.00443,0.001466,0.002636,0.59827,0.58281,BUY,NEUTRAL,SELL,STRONG_SELL,26,3
2026-09-03 09:27:36,0.587,0.58952,0.58619,0.58458,47.38,24.92,0.00443,0.001423,0.002627,0.59829,0.58273,BUY,NEUTRAL,SELL,STRONG_SELL,26,3
2026-09-03 09:43:30,0.58706,0.58953,0.5862,0.58458,47.48,24.92,0.00443,0.001427,0.002628,0.59828,0.58274,BUY,NEUTRAL,SELL,STRONG_SELL,26,3
2026-09-03 09:59:24,0.58762,0.58958,0.58622,0.58459,48.38,24.92,0.00443,0.001472,0.002637,0.59827,0.58282,BUY,NEUTRAL,SELL,STRONG_SELL,26,3
2026-09-03 10:15:18,0.5875,0.58957,0.58621,0.58459,48.19,24.92,0.00443,0.001462,0.002635,0.59827,0.5828,BUY,NEUTRAL,SELL,STRONG_SELL,26,3
2026-09-03 10:31:12,0.58714,0.58953,0.5862,0.58458,47.61,24.92,0.00443,0.001434,0.002629,0.59828,0.58275,BUY,NEUTRAL,SELL,STRONG_SELL,26,3
2026-09-03 10:47:05,0.58677,0.5895,0.58619,0.58458,47.0,24.92,0.00443,0.001404,0.002624,0.5983,0.5827,BUY,NEUTRAL,SELL,STRONG_SELL,26,3
2026-09-03 11:02:59,0.58775,0.58959,0.58622,0.58459,48.58,24.92,0.00443,0.001482,0.002639,0.59826,0.58283,BUY,NEUTRAL,SELL,STRONG_SELL,26,3
2026-09-03 11:18:53,0.58832,0.58965,0.58625,0.5846,49.46,24.92,0.00443,0.001528,0.002648,0.59825,0.5829,BUY,BUY,BUY,STRONG_SELL,51,3
2026-09-03 11:34:47,0.58847,0.58966,0.58625,0.5846,49.69,24.92,0.00446,0.00154,0.002651,0.59825,0.58291,BUY,BUY,BUY,STRONG_SELL,51,3
2026-09-03 11:50:40,0.58816,0.58963,0.58624,0.58459,49.22,24.92,0.00446,0.001515,0.002646,0.59826,0.58288,BUY,NEUTRAL,BUY,STRONG_SELL,43,3
2026-09-03 12:06:34,0.58827,0.58964,0.58624,0.5846,49.39,24.92,0.00446,0.001524,0.002647,0.59826,0.58289,BUY,BUY,BUY,STRONG_SELL,51,3
2026-09-03 12:22:28,0.58888,0.5897,0.58627,0.5846,50.3,24.92,0.00447,0.001573,0.002657,0.59825,0.58296,BUY,BUY,BUY,STRONG_SELL,51,3
2026-09-03 12:38:22,0.58884,0.5897,0.58627,0.5846,50.24,24.92,0.00447,0.001569,0.002657,0.59825,0.58295,BUY,BUY,BUY,STRONG_SELL,51,3
2026-09-03 12:54:16,0.58907,0.58972,0.58628,0.5846,50.57,24.92,0.00449,0.001588,0.00266,0.59826,0.58297,BUY,BUY,BUY,STRONG_SELL,51,3
2026-09-03 13:10:10,0.58863,0.58968,0.58626,0.5846,49.93,24.92,0.00449,0.001553,0.002653,0.59825,0.58293,BUY,BUY,BUY,STRONG_SELL,51,3
2026-09-03 13:26:05,0.58853,0.58967,0.58625,0.5846,49.78,24.92,0.00449,0.001545,0.002652,0.59825,0.58292,BUY,BUY,BUY,STRONG_SELL,51,3
2026-09-03 13:42:00,0.58866,0.58968,0.58626,0.5846,49.97,24.92,0.00449,0.001555,0.002654,0.59825,0.58293,BUY,BUY,BUY,STRONG_SELL,51,3
2026-09-03 13:57:54,0.58839,0.58965,0.58625,0.5846,49.57,24.92,0.00449,0.001533,0.002649,0.59825,0.58291,BUY,BUY,BUY,STRONG_SELL,51,3
2026-09-03 14:13:48,0.58868,0.58968,0.58626,0.5846,50.0,24.92,0.00449,0.001557,0.002654,0.59825,0.58294,BUY,BUY,NEUTRAL,STRONG_SELL,43,3
2026-09-03 14:29:42,0.58861,0.58967,0.58626,0.5846,49.9,24.92,0.00449,0.001551,0.002653,0.59825,0.58293,BUY,BUY,NEUTRAL,STRONG_SELL,43,3
2026-09-03 14:45:36,0.58846,0.58966,0.58625,0.5846,49.67,24.92,0.00449,0.001539,0.002651,0.59825,0.58291,BUY,BUY,NEUTRAL,STRONG_SELL,43,3
2026-09-03 15:01:30,0.58846,0.58966,0.58625,0.5846,49.67,24.92,0.00449,0.001539,0.002651,0.59825,0.58291,BUY,BUY,NEUTRAL,STRONG_SELL,43,3
2026-09-03 15:17:24,0.5881,0.58962,0.58624,0.58459,49.13,24.92,0.00449,0.00151,0.002645,0.59826,0.58287,BUY,NEUTRAL,NEUTRAL,STRONG_SELL,26,3
2026-09-03 15:33:18,0.58795,0.58961,0.58623,0.58459,48.89,24.92,0.00449,0.001498,0.002642,0.59826,0.58286,BUY,NEUTRAL,NEUTRAL,STRONG_SELL,26,3
2026-09-03 15:49:12,0.58824,0.58964,0.58624,0.58459,49.34,24.92,0.00449,0.001521,0.002647,0.59826,0.58289,BUY,BUY,NEUTRAL,STRONG_SELL,43,3
2026-09-03 16:05:05,0.58826,0.58964,0.58624,0.5846,49.37,24.92,0.00449,0.001523,0.002647,0.59826,0.58289,BUY,BUY,NEUTRAL,STRONG_SELL,43,3
2026-09-03 16:21:00,0.58813,0.58963,0.58624,0.58459,49.17,24.92,0.00449,0.001513,0.002645,0.59826,0.58288,BUY,NEUTRAL,NEUTRAL,STRONG_SELL,26,3
2026-09-03 16:36:54,0.58819,0.58963,0.58624,0.58459,49.26,24.92,0.00449,0.001517,0.002646,0.59826,0.58288,BUY,NEUTRAL,NEUTRAL,STRONG_SELL,26,3
2026-09-03 16:52:48,0.5882,0.58963,0.58624,0.58459,49.28,24.92,0.00449,0.001518,0.002646,0.59826,0.58288,BUY,NEUTRAL,NEUTRAL,STRONG_SELL,26,3
2026-09-03 17:08:42,0.58742,0.58956,0.58621,0.58459,48.06,24.92,0.00449,0.001456,0.002634,0.59827,0.58279,BUY,NEUTRAL,SELL,STRONG_SELL,26,3
2026-09-03 17:24:37,0.58763,0.58958,0.58622,0.58459,48.39,24.92,0.00449,0.001473,0.002637,0.59827,0.58282,BUY,NEUTRAL,SELL,STRONG_SELL,26,3
2026-09-03 17:40:41,0.58772,0.58959,0.58622,0.58459,48.5,24.92,0.00449,0.001478,0.002638,0.59826,0.58283,BUY,NEUTRAL,NEUTRAL,STRONG_SELL,26,3
2026-09-03 17:56:37,0.58763,0.58958,0.58622,0.58459,48.39,24.92,0.00449,0.001473,0.002637,0.59827,0.58282,BUY,NEUTRAL,SELL,STRONG_SELL,26,3
2026-09-03 18:04:09,0.588,0.58945,0.5863,0.58462,48.99,25.12,0.0042,0.0012,0.002352,0.59826,0.58272,BUY,NEUTRAL,NEUTRAL,STRONG_SELL,31,8
2026-09-03 18:20:03,0.58825,0.58947,0.58631,0.58463,49.4,25.12,0.00421,0.00122,0.002356,0.59826,0.58274,BUY,NEUTRAL,NEUTRAL,STRONG_SELL,31,8
2026-09-03 18:35:58,0.58818,0.58946,0.5863,0.58463,49.29,25.12,0.00421,0.001214,0.002355,0.59826,0.58274,BUY,NEUTRAL,NEUTRAL,STRONG_SELL,31,8
2026-09-03 18:51:52,0.58811,0.58946,0.5863,0.58463,49.17,25.12,0.00421,0.001209,0.002354,0.59826,0.58273,BUY,NEUTRAL,NEUTRAL,STRONG_SELL,31,8
2026-09-03 19:07:46,0.58824,0.58947,0.58631,0.58463,49.39,25.12,0.00421,0.001219,0.002356,0.59826,0.58274,BUY,NEUTRAL,NEUTRAL,STRONG_SELL,31,8
2026-09-03 19:23:40,0.58825,0.58947,0.58631,0.58463,49.4,25.12,0.00421,0.00122,0.002356,0.59826,0.58274,BUY,NEUTRAL,NEUTRAL,STRONG_SELL,31,8
2026-09-03 20:13:15,0.58841,0.58949,0.58631,0.58463,49.66,25.12,0.00423,0.001232,0.002359,0.59826,0.58276,BUY,NEUTRAL,NEUTRAL,STRONG_SELL,31,8
2026-09-03 20:29:09,0.58848,0.58949,0.58632,0.58463,49.78,25.12,0.00423,0.001238,0.00236,0.59826,0.58277,BUY,NEUTRAL,NEUTRAL,STRONG_SELL,31,8
2026-09-03 20:45:03,0.58865,0.58951,0.58632,0.58463,50.05,25.12,0.00423,0.001252,0.002363,0.59826,0.58278,BUY,NEUTRAL,NEUTRAL,STRONG_SELL,31,8
2026-09-03 20:55:01,0.58917,0.58956,0.58634,0.58464,50.86,25.07,0.00428,0.001293,0.002371,0.59826,0.58283,BUY,NEUTRAL,BUY,STRONG_SELL,48,8
2026-09-03 21:10:55,0.58912,0.58955,0.58634,0.58464,50.79,25.05,0.00428,0.001289,0.00237,0.59826,0.58283,BUY,NEUTRAL,BUY,STRONG_SELL,48,8
2026-09-03 21:26:49,0.58913,0.58956,0.58634,0.58464,50.8,25.0,0.00429,0.00129,0.00237,0.59826,0.58283,BUY,NEUTRAL,BUY,STRONG_SELL,48,8
2026-09-03 21:42:44,0.58955,0.5896,0.58636,0.58464,51.44,24.96,0.0043,0.001323,0.002377,0.59827,0.58286,BUY,NEUTRAL,BUY,STRONG_SELL,43,3
2026-09-03 21:58:38,0.58973,0.58961,0.58636,0.58464,51.71,24.91,0.00431,0.001338,0.00238,0.59827,0.58288,BUY,BUY,BUY,STRONG_SELL,55,3
2026-09-04 08:14:31,0.58831,0.58948,0.58631,0.58463,49.5,24.75,0.00435,0.001224,0.002357,0.59826,0.58275,BUY,NEUTRAL,NEUTRAL,SELL,26,13
2026-09-04 08:30:25,0.58667,0.58932,0.58624,0.58461,46.92,24.75,0.00449,0.001094,0.002331,0.5983,0.58254,BUY,NEUTRAL,STRONG_SELL,SELL,26,13
2026-09-04 08:46:19,0.58602,0.58926,0.58622,0.58461,45.98,24.75,0.00449,0.001042,0.002321,0.59833,0.58244,BUY,NEUTRAL,STRONG_SELL,SELL,15,13
2026-09-04 09:02:13,0.58695,0.58935,0.58626,0.58461,47.34,24.75,0.00449,0.001116,0.002336,0.59829,0.58258,BUY,NEUTRAL,SELL,SELL,26,13
2026-09-04 09:18:07,0.58726,0.58938,0.58627,0.58462,47.81,24.75,0.00449,0.001141,0.002341,0.59828,0.58262,BUY,NEUTRAL,SELL,SELL,26,13
2026-09-04 09:34:01,0.58804,0.58945,0.5863,0.58463,49.06,24.75,0.00449,0.001203,0.002353,0.59826,0.58272,BUY,NEUTRAL,SELL,SELL,26,13
2026-09-04 09:35:43,0.58798,0.58945,0.5863,0.58462,48.96,24.75,0.00449,0.001198,0.002352,0.59826,0.58271,BUY,NEUTRAL,SELL,SELL,26,13
2026-09-04 09:51:37,0.58852,0.5895,0.58632,0.58463,49.84,24.75,0.00449,0.001241,0.002361,0.59826,0.58277,BUY,NEUTRAL,NEUTRAL,SELL,26,13
2026-09-04 10:07:31,0.58822,0.58947,0.58631,0.58463,49.35,24.75,0.00449,0.001217,0.002356,0.59826,0.58274,BUY,NEUTRAL,NEUTRAL,SELL,26,13
2026-09-04 10:23:25,0.58851,0.5895,0.58632,0.58463,49.83,24.75,0.00449,0.00124,0.002361,0.59826,0.58277,BUY,NEUTRAL,NEUTRAL,SELL,26,13
2026-09-04 10:39:19,0.58846,0.58949,0.58632,0.58463,49.78,24.75,0.00449,0.001238,0.00236,0.59826,0.58277,BUY,NEUTRAL,NEUTRAL,SELL,26,13
2026-09-04 10:55:13,0.58848,0.58949,0.58632,0.58463,49.78,24.75,0.00449,0.001238,0.00236,0.59826,0.58277,BUY,NEUTRAL,NEUTRAL,SELL,26,13
2026-09-04 11:11:07,0.58881,0.58952,0.58633,0.58463,50.3,24.75,0.00449,0.001264,0.002365,0.59826,0.5828,BUY,BUY,BUY,SELL,51,13
2026-09-04 11:27:00,0.58895,0.58954,0.58633,0.58463,50.52,24.75,0.00449,0.001276,0.002368,0.59826,0.58281,BUY,BUY,BUY,SELL,51,13
2026-09-04 11:42:54,0.58891,0.58953,0.58633,0.58463,50.46,24.75,0.00449,0.001272,0.002367,0.59826,0.58281,BUY,BUY,BUY,SELL,51,13
2026-09-04 11:58:48,0.58892,0.58954,0.58633,0.58463,50.48,24.75,0.00449,0.001273,0.002367,0.59826,0.58281,BUY,BUY,BUY,SELL,51,13
2026-09-04 12:14:42,0.58904,0.58955,0.58634,0.58464,50.66,24.75,0.00449,0.001283,0.002369,0.59826,0.58282,BUY,BUY,BUY,SELL,51,13
2026-09-04 12:30:36,0.58887,0.58953,0.58633,0.58463,50.4,24.75,0.00449,0.001269,0.002366,0.59826,0.58281,BUY,BUY,BUY,SELL,51,13
2026-09-04 12:46:30,0.58884,0.58953,0.58633,0.58463,50.35,24.75,0.00449,0.001267,0.002366,0.59826,0.5828,BUY,BUY,BUY,SELL,51,13
2026-09-04 13:02:23,0.58868,0.58951,0.58632,0.58463,50.1,24.75,0.00449,0.001254,0.002363,0.59826,0.58279,BUY,BUY,NEUTRAL,SELL,43,13
2026-09-04 13:18:17,0.58864,0.58951,0.58632,0.58463,50.03,24.75,0.00449,0.001251,0.002363,0.59826,0.58278,BUY,BUY,NEUTRAL,SELL,43,13
2026-09-04 13:34:11,0.58844,0.58949,0.58631,0.58463,49.71,24.75,0.00449,0.001235,0.002359,0.59826,0.58276,BUY,NEUTRAL,NEUTRAL,SELL,26,13
2026-09-04 13:50:05,0.58806,0.58945,0.5863,0.58463,49.09,24.75,0.00449,0.001205,0.002353,0.59826,0.58272,BUY,NEUTRAL,SELL,SELL,26,13
2026-09-04 14:05:59,0.58817,0.58946,0.5863,0.58463,49.27,24.75,0.00449,0.001213,0.002355,0.59826,0.58273,BUY,NEUTRAL,NEUTRAL,SELL,26,13
2026-09-04 14:21:53,0.58807,0.58945,0.5863,0.58463,49.11,24.75,0.00449,0.001205,0.002354,0.59826,0.58272,BUY,NEUTRAL,SELL,SELL,26,13
2026-09-04 14:37:47,0.58806,0.58945,0.5863,0.58463,49.09,24.75,0.00449,0.001205,0.002353,0.59826,0.58272,BUY,NEUTRAL,SELL,SELL,26,13
2026-09-04 14:53:41,0.5879,0.58944,0.58629,0.58462,48.82,24.75,0.00449,0.001192,0.002351,0.59826,0.5827,BUY,NEUTRAL,SELL,SELL,26,13
2026-09-04 15:09:35,0.5881,0.58946,0.5863,0.58463,49.16,24.75,0.00449,0.001208,0.002354,0.59826,0.58273,BUY,NEUTRAL,SELL,SELL,26,13
2026-09-04 15:25:29,0.58823,0.58947,0.58631,0.58463,49.37,24.75,0.00449,0.001218,0.002356,0.59826,0.58274,BUY,NEUTRAL,NEUTRAL,SELL,26,13
2026-09-06 17:20:18,0.58756,0.58925,0.58634,0.58465,48.25,24.6,0.0042,0.000912,0.002062,0.59827,0.58264,BUY,NEUTRAL,SELL,SELL,26,13
2026-09-06 18:31:37,0.58795,0.58929,0.58635,0.58466,48.93,24.6,0.00419,0.000943,0.002068,0.59826,0.58269,BUY,NEUTRAL,SELL,SELL,26,13
2026-09-06 18:47:30,0.58795,0.58929,0.58635,0.58466,48.93,24.6,0.00419,0.000943,0.002068,0.59826,0.58269,BUY,NEUTRAL,SELL,SELL,26,13
2026-09-06 19:03:24,0.58803,0.5893,0.58636,0.58466,49.07,24.6,0.00419,0.00095,0.002069,0.59826,0.58269,BUY,NEUTRAL,SELL,SELL,26,13
2026-09-06 19:19:20,0.58814,0.58931,0.58636,0.58466,49.27,24.6,0.00419,0.000958,0.002071,0.59826,0.58271,BUY,NEUTRAL,SELL,SELL,26,13
2026-09-06 19:35:16,0.58829,0.58932,0.58637,0.58466,49.53,24.6,0.0042,0.00097,0.002074,0.59826,0.58272,BUY,BUY,NEUTRAL,SELL,43,13
2026-09-06 19:51:10,0.58815,0.58931,0.58636,0.58466,49.28,24.6,0.0042,0.000959,0.002071,0.59826,0.58271,BUY,NEUTRAL,SELL,SELL,26,13
2026-09-06 20:07:04,0.5881,0.5893,0.58636,0.58466,49.2,24.6,0.00421,0.000955,0.002071,0.59826,0.5827,BUY,NEUTRAL,SELL,SELL,26,13
2026-09-06 20:22:58,0.58802,0.5893,0.58636,0.58466,49.05,24.6,0.00421,0.000949,0.002069,0.59826,0.58269,BUY,NEUTRAL,SELL,SELL,26,13
2026-09-06 20:38:51,0.58805,0.5893,0.58636,0.58466,49.11,24.6,0.00421,0.000951,0.00207,0.59826,0.5827,BUY,NEUTRAL,SELL,SELL,26,13
2026-09-06 20:54:45,0.58802,0.5893,0.58636,0.58466,49.05,24.6,0.00421,0.000949,0.002069,0.59826,0.58269,BUY,NEUTRAL,SELL,SELL,26,13
2026-09-06 21:10:39,0.58746,0.58924,0.58634,0.58465,48.08,24.6,0.00423,0.000904,0.00206,0.59827,0.58263,BUY,NEUTRAL,SELL,SELL,26,13
2026-09-06 21:26:33,0.58744,0.58924,0.58633,0.58465,48.05,24.6,0.00425,0.000903,0.00206,0.59827,0.58262,BUY,NEUTRAL,SELL,SELL,26,13
2026-09-06 21:42:27,0.58704,0.5892,0.58632,0.58465,47.39,24.6,0.00426,0.000871,0.002054,0.59829,0.58257,BUY,NEUTRAL,SELL,SELL,26,13
2026-09-06 21:58:20,0.58682,0.58918,0.58631,0.58464,47.03,24.6,0.00428,0.000853,0.00205,0.5983,0.58254,BUY,NEUTRAL,SELL,SELL,26,13
2026-09-06 22:14:14,0.58669,0.58917,0.5863,0.58464,46.83,24.6,0.00429,0.000843,0.002048,0.5983,0.58252,NEUTRAL,NEUTRAL,SELL,SELL,26,13
2026-09-06 22:30:08,0.58701,0.5892,0.58632,0.58465,47.34,24.6,0.00429,0.000868,0.002053,0.59829,0.58257,BUY,NEUTRAL,SELL,SELL,26,13
2026-09-06 22:46:02,0.58684,0.58918,0.58631,0.58464,47.07,24.6,0.00429,0.000855,0.00205,0.59829,0.58254,BUY,NEUTRAL,SELL,SELL,26,13
2026-09-06 23:01:56,0.58706,0.5892,0.58632,0.58465,47.42,24.6,0.00429,0.000872,0.002054,0.59829,0.58257,BUY,NEUTRAL,SELL,SELL,26,13
2026-09-07 08:08:16,0.58762,0.58926,0.58634,0.58465,48.35,24.6,0.00432,0.000917,0.002063,0.59827,0.58265,BUY,NEUTRAL,SELL,SELL,26,13
2026-09-07 08:24:10,0.58789,0.58928,0.58635,0.58466,48.82,24.6,0.00432,0.000939,0.002067,0.59826,0.58268,BUY,NEUTRAL,SELL,SELL,26,13
2026-09-07 08:40:03,0.58783,0.58928,0.58635,0.58465,48.71,24.6,0.00432,0.000934,0.002066,0.59827,0.58267,BUY,NEUTRAL,SELL,SELL,26,13
2026-09-07 08:55:58,0.5878,0.58927,0.58635,0.58465,48.66,24.6,0.00432,0.000931,0.002066,0.59827,0.58267,BUY,NEUTRAL,SELL,SELL,26,13
2026-09-07 09:11:51,0.58782,0.58928,0.58635,0.58465,48.69,24.6,0.00432,0.000933,0.002066,0.59827,0.58267,BUY,NEUTRAL,SELL,SELL,26,13
2026-09-07 09:27:45,0.58799,0.58929,0.58636,0.58466,49.0,24.6,0.00432,0.000947,0.002069,0.59826,0.58269,BUY,NEUTRAL,NEUTRAL,SELL,26,13
2026-09-07 09:43:39,0.58791,0.58928,0.58635,0.58466,48.86,24.6,0.00432,0.00094,0.002068,0.59826,0.58268,BUY,NEUTRAL,NEUTRAL,SELL,26,13
2026-09-07 09:59:33,0.58821,0.58931,0.58636,0.58466,49.39,24.6,0.00432,0.000964,0.002072,0.59826,0.58271,BUY,BUY,BUY,SELL,51,13
2026-09-07 10:15:26,0.58826,0.58932,0.58637,0.58466,49.48,24.6,0.00432,0.000968,0.002073,0.59826,0.58272,BUY,BUY,NEUTRAL,SELL,43,13
2026-09-07 10:31:21,0.58802,0.5893,0.58636,0.58466,49.05,24.6,0.00432,0.000949,0.002069,0.59826,0.58269,BUY,NEUTRAL,SELL,SELL,26,13
2026-09-07 10:47:14,0.588,0.58929,0.58636,0.58466,49.02,24.6,0.00432,0.000947,0.002069,0.59826,0.58269,BUY,NEUTRAL,SELL,SELL,26,13
2026-09-07 11:03:08,0.58804,0.5893,0.58636,0.58466,49.09,24.6,0.00432,0.000951,0.00207,0.59826,0.5827,BUY,NEUTRAL,NEUTRAL,SELL,26,13
2026-09-07 11:19:02,0.58773,0.58927,0.58635,0.58465,48.54,24.6,0.00432,0.000926,0.002065,0.59827,0.58266,BUY,NEUTRAL,SELL,SELL,26,13
2026-09-07 11:34:56,0.58781,0.58928,0.58635,0.58465,48.68,24.6,0.00432,0.000932,0.002066,0.59827,0.58267,BUY,NEUTRAL,SELL,SELL,26,13
2026-09-07 11:50:49,0.5878,0.58927,0.58635,0.58465,48.66,24.6,0.00432,0.000931,0.002066,0.59827,0.58267,BUY,NEUTRAL,SELL,SELL,26,13
2026-09-07 12:06:44,0.58768,0.58926,0.58634,0.58465,48.45,24.6,0.00432,0.000922,0.002064,0.59827,0.58265,BUY,NEUTRAL,SELL,SELL,26,13
2026-09-07 12:22:38,0.58773,0.58927,0.58635,0.58465,48.54,24.6,0.00432,0.000926,0.002065,0.59827,0.58266,BUY,NEUTRAL,SELL,SELL,26,13
2026-09-07 12:38:32,0.5879,0.58928,0.58635,0.58466,48.84,24.6,0.00432,0.000939,0.002067,0.59826,0.58268,BUY,NEUTRAL,SELL,SELL,26,13
2026-09-07 12:54:26,0.58789,0.58928,0.58635,0.58466,48.82,24.6,0.00432,0.000939,0.002067,0.59826,0.58268,BUY,NEUTRAL,SELL,SELL,26,13
2026-09-07 13:10:20,0.58774,0.58927,0.58635,0.58465,48.56,24.6,0.00432,0.000927,0.002065,0.59827,0.58266,BUY,NEUTRAL,SELL,SELL,26,13
2026-09-07 13:26:13,0.5878,0.58927,0.58635,0.58465,48.66,24.6,0.00432,0.000931,0.002066,0.59827,0.58267,BUY,NEUTRAL,SELL,SELL,26,13
2026-09-07 13:42:07,0.58775,0.58927,0.58635,0.58465,48.57,24.6,0.00432,0.000927,0.002065,0.59827,0.58266,BUY,NEUTRAL,SELL,SELL,26,13
2026-09-07 13:58:01,0.58777,0.58927,0.58635,0.58465,48.61,24.6,0.00432,0.000929,0.002065,0.59827,0.58266,BUY,NEUTRAL,SELL,SELL,26,13
2026-09-07 14:13:55,0.58775,0.58927,0.58635,0.58465,48.57,24.6,0.00432,0.000927,0.002065,0.59827,0.58266,BUY,NEUTRAL,SELL,SELL,26,13
2026-09-07 14:29:49,0.58767,0.58926,0.58634,0.58465,48.44,24.6,0.00432,0.000921,0.002064,0.59827,0.58265,BUY,NEUTRAL,SELL,SELL,26,13
2026-09-07 14:45:43,0.58774,0.58927,0.58635,0.58465,48.56,24.6,0.00432,0.000927,0.002065,0.59827,0.58266,BUY,NEUTRAL,SELL,SELL,26,13
2026-09-07 15:01:37,0.58765,0.58926,0.58634,0.58465,48.4,24.6,0.00432,0.000919,0.002063,0.59827,0.58265,BUY,NEUTRAL,SELL,SELL,26,13
2026-09-07 15:17:31,0.58765,0.58926,0.58634,0.58465,48.4,24.6,0.00432,0.000919,0.002063,0.59827,0.58265,BUY,NEUTRAL,SELL,SELL,26,13
2026-09-07 15:33:25,0.58757,0.58925,0.58634,0.58465,48.27,24.6,0.00432,0.000913,0.002062,0.59827,0.58264,BUY,NEUTRAL,SELL,SELL,26,13
2026-09-07 15:49:19,0.5876,0.58926,0.58634,0.58465,48.32,24.6,0.00432,0.000915,0.002063,0.59827,0.58264,BUY,NEUTRAL,SELL,SELL,26,13
2026-09-07 16:05:13,0.5877,0.58926,0.58634,0.58465,48.49,24.6,0.00432,0.000923,0.002064,0.59827,0.58266,BUY,NEUTRAL,SELL,SELL,26,13
2026-09-07 16:21:07,0.58767,0.58926,0.58634,0.58465,48.44,24.6,0.00432,0.000921,0.002064,0.59827,0.58265,BUY,NEUTRAL,SELL,SELL,26,13
2026-09-07 16:37:01,0.58768,0.58926,0.58634,0.58465,48.45,24.6,0.00432,0.000922,0.002064,0.59827,0.58265,BUY,NEUTRAL,SELL,SELL,26,13
2026-09-07 16:52:55,0.5878,0.58927,0.58635,0.58465,48.66,24.6,0.00432,0.000931,0.002066,0.59827,0.58267,BUY,NEUTRAL,SELL,SELL,26,13
2026-09-07 17:07:18,0.58693,0.58919,0.58631,0.58465,47.21,24.6,0.00432,0.000862,0.002052,0.59829,0.58256,BUY,NEUTRAL,STRONG_SELL,SELL,26,13
2026-09-07 17:23:12,0.58725,0.58922,0.58633,0.58465,47.73,24.6,0.00432,0.000887,0.002057,0.59828,0.5826,BUY,NEUTRAL,STRONG_SELL,SELL,26,13
2026-09-07 17:39:06,0.5878,0.58927,0.58635,0.58465,48.66,24.6,0.00432,0.000931,0.002066,0.59827,0.58267,BUY,NEUTRAL,SELL,SELL,26,13
2026-09-07 17:55:00,0.58765,0.58926,0.58634,0.58465,48.4,24.6,0.00432,0.000919,0.002063,0.59827,0.58265,BUY,NEUTRAL,SELL,SELL,26,13
2026-09-07 18:10:54,0.58779,0.58912,0.5864,0.58468,48.68,24.46,0.00404,0.000711,0.001793,0.59827,0.58263,BUY,NEUTRAL,SELL,SELL,26,13
2026-09-07 18:26:48,0.5878,0.58912,0.5864,0.58468,48.7,24.46,0.00404,0.000712,0.001793,0.59827,0.58263,BUY,NEUTRAL,SELL,SELL,26,13
2026-09-07 18:42:42,0.58785,0.58912,0.5864,0.58468,48.79,24.46,0.00404,0.000716,0.001794,0.59827,0.58263,BUY,NEUTRAL,SELL,SELL,26,13
2026-09-07 18:58:36,0.5879,0.58913,0.5864,0.58469,48.89,24.46,0.00405,0.00072,0.001794,0.59827,0.58264,BUY,NEUTRAL,SELL,SELL,26,13
2026-09-07 19:14:30,0.58801,0.58914,0.58641,0.58469,49.1,24.46,0.00405,0.000729,0.001796,0.59827,0.58265,BUY,NEUTRAL,NEUTRAL,SELL,26,13
2026-09-07 19:30:24,0.58805,0.58914,0.58641,0.58469,49.17,24.46,0.00406,0.000732,0.001797,0.59827,0.58266,BUY,NEUTRAL,BUY,SELL,43,13
2026-09-07 19:46:18,0.58831,0.58917,0.58642,0.58469,49.66,24.46,0.00407,0.000753,0.001801,0.59827,0.58268,BUY,NEUTRAL,BUY,SELL,43,13
2026-09-07 20:02:12,0.58845,0.58918,0.58642,0.58469,49.92,24.46,0.00408,0.000764,0.001803,0.59827,0.5827,BUY,NEUTRAL,BUY,STRONG_SELL,43,3
2026-09-07 20:18:06,0.588,0.58914,0.58641,0.58469,49.08,24.46,0.00408,0.000728,0.001796,0.59827,0.58265,BUY,NEUTRAL,BUY,SELL,43,13
2026-09-07 20:34:00,0.58796,0.58913,0.58641,0.58469,49.0,24.46,0.00408,0.000725,0.001795,0.59827,0.58265,BUY,NEUTRAL,BUY,STRONG_SELL,43,3
2026-09-07 20:49:53,0.588,0.58914,0.58641,0.58469,49.08,24.46,0.00408,0.000728,0.001796,0.59827,0.58265,BUY,NEUTRAL,BUY,SELL,43,13
2026-09-07 21:05:47,0.58759,0.5891,0.58639,0.58468,48.3,24.46,0.00409,0.000695,0.001789,0.59828,0.5826,BUY,NEUTRAL,SELL,SELL,26,13
2026-09-07 21:21:41,0.58771,0.58911,0.5864,0.58468,48.52,24.46,0.0041,0.000705,0.001791,0.59827,0.58262,BUY,NEUTRAL,SELL,STRONG_SELL,26,3
2026-09-07 21:37:35,0.58791,0.58913,0.5864,0.58469,48.91,24.46,0.0041,0.000721,0.001795,0.59827,0.58264,BUY,NEUTRAL,NEUTRAL,STRONG_SELL,26,3
2026-09-07 22:04:22,0.58719,0.58906,0.58637,0.58468,47.58,24.46,0.00411,0.000663,0.001783,0.59829,0.58255,BUY,NEUTRAL,STRONG_SELL,STRONG_SELL,26,3
2026-09-07 22:07:35,0.58734,0.58908,0.58638,0.58468,47.85,24.46,0.00411,0.000675,0.001786,0.59828,0.58257,BUY,NEUTRAL,STRONG_SELL,STRONG_SELL,26,3
2026-09-07 22:10:23,0.58731,0.58907,0.58638,0.58468,47.79,24.46,0.00411,0.000673,0.001785,0.59828,0.58257,BUY,NEUTRAL,STRONG_SELL,STRONG_SELL,26,3
2026-09-07 22:14:41,0.58708,0.58905,0.58637,0.58468,47.39,24.46,0.00412,0.000654,0.001781,0.59829,0.58254,BUY,NEUTRAL,STRONG_SELL,STRONG_SELL,26,3
2026-09-08 08:03:25,0.58407,0.58876,0.58625,0.58465,42.64,25.11,0.00437,0.000414,0.001733,0.5985,0.58203,SELL,STRONG_SELL,STRONG_SELL,SELL,20,29
2026-09-08 08:19:19,0.58401,0.58876,0.58625,0.58465,42.56,25.11,0.00437,0.00041,0.001732,0.5985,0.58202,SELL,STRONG_SELL,STRONG_SELL,SELL,20,29
2026-09-08 08:35:14,0.58461,0.58882,0.58627,0.58465,43.42,25.11,0.00437,0.000457,0.001742,0.59845,0.58214,SELL,SELL,SELL,SELL,20,29
2026-09-08 08:51:07,0.58517,0.58887,0.5863,0.58466,44.26,25.11,0.00437,0.000502,0.001751,0.5984,0.58224,NEUTRAL,SELL,SELL,SELL,20,15
2026-09-08 09:07:01,0.58551,0.5889,0.58631,0.58466,44.79,25.11,0.00437,0.000529,0.001756,0.59837,0.5823,NEUTRAL,SELL,SELL,SELL,20,15
2026-09-08 09:22:55,0.58575,0.58892,0.58632,0.58466,45.17,25.11,0.00437,0.000549,0.00176,0.59836,0.58234,NEUTRAL,SELL,SELL,STRONG_SELL,20,25
2026-09-08 09:38:49,0.58558,0.58891,0.58631,0.58466,44.9,25.11,0.00437,0.000535,0.001757,0.59837,0.58231,NEUTRAL,SELL,SELL,SELL,20,15
2026-09-08 09:54:43,0.58547,0.5889,0.58631,0.58466,44.72,25.11,0.00437,0.000526,0.001756,0.59838,0.58229,NEUTRAL,SELL,SELL,SELL,20,15
2026-09-08 10:10:37,0.58554,0.5889,0.58631,0.58466,44.83,25.11,0.00437,0.000532,0.001757,0.59837,0.5823,NEUTRAL,SELL,SELL,SELL,20,15
2026-09-08 10:26:31,0.58583,0.58893,0.58632,0.58466,45.29,25.11,0.00437,0.000555,0.001761,0.59835,0.58235,NEUTRAL,SELL,SELL,SELL,20,35
2026-09-08 10:42:25,0.58609,0.58896,0.58633,0.58467,45.71,25.11,0.00437,0.000575,0.001766,0.59834,0.58239,NEUTRAL,SELL,SELL,STRONG_SELL,20,25
2026-09-08 10:58:20,0.586,0.58895,0.58633,0.58467,45.57,25.11,0.00437,0.000568,0.001764,0.59834,0.58238,NEUTRAL,SELL,SELL,STRONG_SELL,20,25
2026-09-08 11:14:14,0.58588,0.58894,0.58632,0.58467,45.37,25.11,0.00437,0.000559,0.001762,0.59835,0.58236,NEUTRAL,SELL,SELL,STRONG_SELL,20,25
2026-09-08 11:30:08,0.58567,0.58892,0.58632,0.58466,45.04,25.11,0.00437,0.000542,0.001759,0.59836,0.58232,NEUTRAL,SELL,SELL,SELL,20,35
2026-09-08 11:46:02,0.58533,0.58888,0.5863,0.58466,44.51,25.11,0.00437,0.000515,0.001753,0.59839,0.58227,NEUTRAL,SELL,SELL,SELL,20,15
2026-09-08 12:01:56,0.58526,0.58888,0.5863,0.58466,44.4,25.11,0.00437,0.000509,0.001752,0.59839,0.58225,NEUTRAL,SELL,SELL,SELL,20,15
2026-09-08 12:17:50,0.58506,0.58886,0.58629,0.58466,44.09,25.11,0.00437,0.000493,0.001749,0.59841,0.58222,NEUTRAL,SELL,SELL,SELL,20,15
2026-09-08 14:31:45,0.58584,0.58893,0.58632,0.58466,45.31,25.11,0.00437,0.000556,0.001762,0.59835,0.58235,NEUTRAL,SELL,SELL,SELL,20,35
2026-09-08 14:47:39,0.58607,0.58895,0.58633,0.58467,45.68,25.11,0.00437,0.000574,0.001765,0.59834,0.58239,NEUTRAL,SELL,SELL,STRONG_SELL,20,25
2026-09-08 15:03:33,0.58588,0.58894,0.58632,0.58467,45.37,25.11,0.00437,0.000559,0.001762,0.59835,0.58236,NEUTRAL,SELL,SELL,STRONG_SELL,20,25
2026-09-08 15:19:26,0.58565,0.58891,0.58631,0.58466,45.01,25.11,0.00437,0.00054,0.001759,0.59836,0.58232,NEUTRAL,SELL,SELL,SELL,20,35
2026-09-08 15:35:20,0.58542,0.58889,0.58631,0.58466,44.65,25.11,0.00437,0.000522,0.001755,0.59838,0.58228,NEUTRAL,SELL,SELL,SELL,20,15
2026-09-08 15:51:14,0.58538,0.58889,0.5863,0.58466,44.58,25.11,0.00437,0.000519,0.001754,0.59838,0.58227,NEUTRAL,SELL,SELL,SELL,20,15
2026-09-08 16:07:07,0.58539,0.58889,0.5863,0.58466,44.6,25.11,0.00437,0.00052,0.001754,0.59838,0.58228,NEUTRAL,SELL,SELL,SELL,20,15
2026-09-08 16:23:01,0.58563,0.58891,0.58631,0.58466,44.98,25.11,0.00437,0.000539,0.001758,0.59837,0.58232,NEUTRAL,SELL,SELL,SELL,20,15
2026-09-08 16:38:55,0.5854,0.58889,0.5863,0.58466,44.62,25.11,0.00437,0.00052,0.001755,0.59838,0.58228,NEUTRAL,SELL,SELL,SELL,20,15
2026-09-08 16:54:49,0.58528,0.58888,0.5863,0.58466,44.43,25.11,0.00437,0.000511,0.001753,0.59839,0.58226,NEUTRAL,SELL,SELL,SELL,20,15
2026-09-08 17:10:43,0.58528,0.58888,0.5863,0.58466,44.43,25.11,0.00437,0.000511,0.001753,0.59839,0.58226,NEUTRAL,SELL,SELL,SELL,20,15
2026-09-08 17:26:36,0.58543,0.58889,0.58631,0.58466,44.66,25.11,0.00437,0.000523,0.001755,0.59838,0.58228,NEUTRAL,SELL,SELL,SELL,20,15
2026-09-08 17:42:30,0.58505,0.58886,0.58629,0.58466,44.08,25.11,0.00437,0.000492,0.001749,0.59841,0.58222,NEUTRAL,SELL,STRONG_SELL,SELL,20,15
2026-09-08 17:58:24,0.5851,0.58886,0.58629,0.58466,44.15,25.11,0.00437,0.000496,0.00175,0.5984,0.58223,NEUTRAL,SELL,STRONG_SELL,SELL,20,15
2026-09-08 18:38:14,0.58556,0.58856,0.58627,0.58467,44.99,25.59,0.0041,0.00021,0.001444,0.59839,0.58227,NEUTRAL,SELL,SELL,SELL,20,15
2026-09-08 18:54:08,0.58555,0.58856,0.58627,0.58467,44.97,25.59,0.0041,0.000209,0.001444,0.59839,0.58226,NEUTRAL,SELL,SELL,SELL,20,15
2026-09-08 19:10:01,0.58566,0.58857,0.58628,0.58467,45.2,25.59,0.0041,0.000218,0.001446,0.59838,0.58228,NEUTRAL,SELL,SELL,SELL,20,35
2026-09-08 20:22:21,0.58601,0.58861,0.58629,0.58467,45.9,25.59,0.00414,0.000246,0.001452,0.59836,0.58234,NEUTRAL,NEUTRAL,SELL,STRONG_SELL,20,8
2026-09-08 20:38:14,0.58598,0.5886,0.58629,0.58467,45.84,25.59,0.00414,0.000243,0.001451,0.59836,0.58233,NEUTRAL,NEUTRAL,SELL,STRONG_SELL,20,8
2026-09-08 20:54:08,0.58604,0.58861,0.58629,0.58467,45.95,25.59,0.00414,0.000248,0.001452,0.59836,0.58234,NEUTRAL,NEUTRAL,SELL,STRONG_SELL,20,8
2026-09-08 21:10:02,0.58614,0.58862,0.58629,0.58467,46.15,25.59,0.00414,0.000256,0.001454,0.59835,0.58236,NEUTRAL,NEUTRAL,SELL,STRONG_SELL,20,8
2026-09-08 21:25:55,0.58595,0.5886,0.58629,0.58467,45.78,25.59,0.00414,0.000241,0.001451,0.59836,0.58233,NEUTRAL,NEUTRAL,SELL,SELL,20,18
2026-09-08 21:41:49,0.58566,0.58857,0.58628,0.58467,45.2,25.59,0.00414,0.000218,0.001446,0.59838,0.58228,NEUTRAL,SELL,SELL,STRONG_SELL,20,25
2026-09-08 21:57:43,0.58601,0.58861,0.58629,0.58467,45.9,25.59,0.00414,0.000246,0.001452,0.59836,0.58234,NEUTRAL,NEUTRAL,SELL,STRONG_SELL,20,8
2026-09-08 22:13:37,0.58574,0.58858,0.58628,0.58467,45.36,25.59,0.00414,0.000224,0.001447,0.59837,0.5823,NEUTRAL,NEUTRAL,STRONG_SELL,STRONG_SELL,20,8
2026-09-08 22:29:30,0.58569,0.58858,0.58628,0.58467,45.26,25.59,0.00414,0.00022,0.001446,0.59838,0.58229,NEUTRAL,SELL,STRONG_SELL,STRONG_SELL,20,25
2026-09-08 22:45:24,0.58574,0.58858,0.58628,0.58467,45.36,25.59,0.00414,0.000224,0.001447,0.59837,0.5823,NEUTRAL,NEUTRAL,STRONG_SELL,STRONG_SELL,20,8
2026-09-08 23:01:17,0.58588,0.5886,0.58628,0.58467,45.64,25.59,0.00414,0.000235,0.001449,0.59837,0.58232,NEUTRAL,NEUTRAL,STRONG_SELL,STRONG_SELL,20,8
2026-09-08 23:17:10,0.58556,0.58856,0.58627,0.58467,44.99,25.59,0.00414,0.00021,0.001444,0.59839,0.58227,NEUTRAL,SELL,STRONG_SELL,STRONG_SELL,20,5
2026-09-08 23:33:04,0.5855,0.58856,0.58627,0.58467,44.87,25.59,0.00414,0.000205,0.001443,0.59839,0.58226,NEUTRAL,SELL,STRONG_SELL,STRONG_SELL,20,5
2026-09-09 08:04:36,0.58511,0.58852,0.58625,0.58466,44.14,25.71,0.0043,0.000174,0.001437,0.59842,0.58219,NEUTRAL,SELL,SELL,STRONG_SELL,20,5
2026-09-09 08:20:30,0.58556,0.58857,0.58627,0.58467,44.99,25.71,0.0043,0.00021,0.001445,0.59839,0.58227,NEUTRAL,SELL,SELL,STRONG_SELL,20,5
2026-09-09 08:36:23,0.58549,0.58856,0.58627,0.58467,44.85,25.71,0.0043,0.000204,0.001443,0.59839,0.58226,NEUTRAL,SELL,SELL,STRONG_SELL,20,5
2026-09-09 08:52:17,0.58519,0.58853,0.58626,0.58466,44.27,25.71,0.0043,0.00018,0.001439,0.59841,0.5822,NEUTRAL,SELL,SELL,STRONG_SELL,20,5
2026-09-09 09:08:11,0.58542,0.58855,0.58627,0.58467,44.7,25.71,0.0043,0.000199,0.001442,0.5984,0.58224,NEUTRAL,SELL,SELL,STRONG_SELL,20,5
2026-09-09 09:24:04,0.58537,0.58855,0.58626,0.58467,44.6,25.71,0.0043,0.000195,0.001442,0.5984,0.58224,NEUTRAL,SELL,SELL,STRONG_SELL,20,5
2026-09-09 09:39:58,0.58552,0.58856,0.58627,0.58467,44.91,25.71,0.0043,0.000207,0.001444,0.59839,0.58226,NEUTRAL,SELL,SELL,STRONG_SELL,20,5
2026-09-09 09:55:52,0.58548,0.58856,0.58627,0.58467,44.83,25.71,0.0043,0.000204,0.001443,0.59839,0.58225,NEUTRAL,SELL,SELL,STRONG_SELL,20,5
2026-09-09 10:11:45,0.58545,0.58855,0.58627,0.58467,44.77,25.71,0.0043,0.000201,0.001443,0.59839,0.58225,NEUTRAL,SELL,SELL,STRONG_SELL,20,5
2026-09-09 10:27:39,0.5849,0.5885,0.58625,0.58466,43.8,25.71,0.0043,0.000157,0.001434,0.59844,0.58215,SELL,SELL,STRONG_SELL,STRONG_SELL,20,13
2026-09-09 10:43:33,0.5848,0.58849,0.58624,0.58466,43.64,25.71,0.0043,0.000149,0.001432,0.59844,0.58213,SELL,SELL,STRONG_SELL,STRONG_SELL,20,13
2026-09-09 10:59:26,0.58535,0.58855,0.58626,0.58467,44.56,25.71,0.0043,0.000193,0.001441,0.5984,0.58223,NEUTRAL,SELL,STRONG_SELL,STRONG_SELL,20,5
2026-09-09 12:05:08,0.5844,0.58845,0.58623,0.58466,43.01,25.71,0.0043,0.000117,0.001426,0.59848,0.58206,SELL,SELL,STRONG_SELL,STRONG_SELL,20,19
2026-09-09 12:21:02,0.58371,0.58839,0.5862,0.58465,41.96,25.71,0.0043,6.2e-05,0.001415,0.59855,0.58192,SELL,STRONG_SELL,STRONG_SELL,SELL,20,29
2026-09-09 12:36:55,0.58388,0.58841,0.58621,0.58465,42.22,25.71,0.0043,7.6e-05,0.001418,0.59853,0.58196,SELL,STRONG_SELL,STRONG_SELL,STRONG_SELL,20,19
2026-09-09 12:52:49,0.58424,0.58844,0.58622,0.58466,42.76,25.71,0.0043,0.000105,0.001424,0.59849,0.58203,SELL,SELL,STRONG_SELL,STRONG_SELL,20,19
2026-09-09 13:08:43,0.58425,0.58844,0.58622,0.58466,42.78,25.71,0.0043,0.000105,0.001424,0.59849,0.58203,SELL,SELL,STRONG_SELL,STRONG_SELL,20,19
2026-09-09 13:24:36,0.58424,0.58844,0.58622,0.58466,42.76,25.71,0.0043,0.000105,0.001424,0.59849,0.58203,SELL,SELL,STRONG_SELL,STRONG_SELL,20,19
2026-09-09 13:40:31,0.58413,0.58843,0.58622,0.58465,42.59,25.71,0.0043,9.6e-05,0.001422,0.59851,0.58201,SELL,SELL,STRONG_SELL,STRONG_SELL,20,19
2026-09-09 13:56:25,0.58427,0.58844,0.58622,0.58466,42.81,25.71,0.0043,0.000107,0.001424,0.59849,0.58203,SELL,SELL,STRONG_SELL,STRONG_SELL,20,19
2026-09-09 14:12:19,0.58424,0.58844,0.58622,0.58466,42.76,25.71,0.0043,0.000105,0.001424,0.59849,0.58203,SELL,SELL,STRONG_SELL,STRONG_SELL,20,19
2026-09-09 14:28:13,0.5841,0.58843,0.58621,0.58465,42.55,25.71,0.0043,9.3e-05,0.001421,0.59851,0.582,SELL,SELL,STRONG_SELL,STRONG_SELL,20,19
2026-09-09 14:44:07,0.58387,0.5884,0.58621,0.58465,42.2,25.71,0.0043,7.5e-05,0.001418,0.59853,0.58195,SELL,STRONG_SELL,STRONG_SELL,STRONG_SELL,20,19
2026-09-09 15:00:01,0.58372,0.58839,0.5862,0.58465,41.98,25.71,0.0043,6.3e-05,0.001415,0.59855,0.58192,SELL,STRONG_SELL,STRONG_SELL,SELL,20,29
2026-09-09 15:15:55,0.5837,0.58839,0.5862,0.58465,41.95,25.71,0.0043,6.2e-05,0.001415,0.59855,0.58192,SELL,STRONG_SELL,STRONG_SELL,SELL,20,29
2026-09-09 15:31:48,0.58373,0.58839,0.5862,0.58465,41.99,25.71,0.0043,6.4e-05,0.001415,0.59855,0.58192,SELL,STRONG_SELL,STRONG_SELL,SELL,20,29
2026-09-09 15:47:42,0.58383,0.5884,0.5862,0.58465,42.14,25.71,0.0043,7.2e-05,0.001417,0.59854,0.58194,SELL,STRONG_SELL,STRONG_SELL,STRONG_SELL,20,19
2026-09-09 16:03:36,0.58364,0.58838,0.5862,0.58465,41.86,25.71,0.0043,5.7e-05,0.001414,0.59856,0.58191,SELL,STRONG_SELL,STRONG_SELL,SELL,20,29
2026-09-09 16:19:29,0.58351,0.58837,0.58619,0.58465,41.67,25.71,0.0043,4.6e-05,0.001412,0.59857,0.58188,SELL,STRONG_SELL,STRONG_SELL,SELL,20,29
2026-09-09 16:35:23,0.58363,0.58838,0.5862,0.58465,41.85,25.71,0.0043,5.6e-05,0.001414,0.59856,0.5819,SELL,STRONG_SELL,STRONG_SELL,STRONG_SELL,20,19
2026-09-09 16:51:17,0.58383,0.5884,0.5862,0.58465,42.14,25.71,0.0043,7.2e-05,0.001417,0.59854,0.58194,SELL,STRONG_SELL,STRONG_SELL,STRONG_SELL,20,19
2026-09-09 18:49:56,0.58416,0.58798,0.58612,0.58464,42.97,26.26,0.00404,-0.000258,0.00108,0.59859,0.58183,SELL,SELL,SELL,STRONG_SELL,20,26
2026-09-09 19:05:49,0.5842,0.58799,0.58612,0.58464,43.06,26.26,0.00404,-0.000255,0.00108,0.59859,0.58184,SELL,SELL,SELL,STRONG_SELL,20,26
2026-09-09 19:21:43,0.5843,0.588,0.58612,0.58465,43.27,26.26,0.00404,-0.000247,0.001082,0.59858,0.58186,SELL,SELL,SELL,STRONG_SELL,20,26
2026-09-09 19:37:37,0.58441,0.58801,0.58613,0.58465,43.5,26.26,0.00406,-0.000238,0.001084,0.59857,0.58188,SELL,SELL,SELL,STRONG_SELL,20,26
2026-09-09 19:53:32,0.58457,0.58802,0.58613,0.58465,43.83,26.26,0.00407,-0.000226,0.001086,0.59855,0.58191,SELL,SELL,SELL,STRONG_SELL,20,26
2026-09-09 20:09:27,0.58409,0.58798,0.58611,0.58464,42.82,26.26,0.00407,-0.000264,0.001079,0.5986,0.58182,SELL,SELL,SELL,SELL,20,36
2026-09-09 20:25:22,0.58462,0.58803,0.58614,0.58465,43.93,26.26,0.00407,-0.000222,0.001087,0.59855,0.58192,SELL,SELL,SELL,SELL,20,36
2026-09-09 20:41:17,0.58459,0.58802,0.58613,0.58465,43.87,26.26,0.00407,-0.000224,0.001087,0.59855,0.58191,SELL,SELL,SELL,SELL,20,36
2026-09-09 20:57:12,0.58451,0.58802,0.58613,0.58465,43.7,26.26,0.00407,-0.00023,0.001085,0.59856,0.5819,SELL,SELL,SELL,SELL,20,36
2026-09-09 21:13:08,0.58475,0.58804,0.58614,0.58465,44.2,26.26,0.00409,-0.000211,0.001089,0.59854,0.58194,SELL,SELL,SELL,SELL,20,30
2026-09-09 21:29:02,0.5844,0.588,0.58613,0.58465,43.48,26.26,0.00409,-0.000239,0.001084,0.59857,0.58188,SELL,SELL,SELL,SELL,20,36
2026-09-09 21:44:56,0.58469,0.58803,0.58614,0.58465,44.07,26.26,0.00409,-0.000216,0.001088,0.59854,0.58193,SELL,SELL,SELL,SELL,20,30
2026-09-09 22:00:50,0.58527,0.58809,0.58616,0.58466,45.23,26.26,0.00412,-0.00017,0.001097,0.5985,0.58204,NEUTRAL,NEUTRAL,SELL,STRONG_SELL,20,15
2026-09-09 22:16:43,0.58491,0.58805,0.58615,0.58465,44.5,26.26,0.00412,-0.000199,0.001092,0.59853,0.58197,SELL,SELL,STRONG_SELL,STRONG_SELL,20,20
2026-09-10 08:10:43,0.5826,0.58783,0.58606,0.58463,40.27,26.36,0.00422,-0.000383,0.001055,0.59876,0.5815,SELL,STRONG_SELL,STRONG_SELL,SELL,20,36
2026-09-10 08:26:37,0.58176,0.58775,0.58602,0.58462,39.07,26.53,0.00428,-0.00045,0.001041,0.59887,0.58131,STRONG_SELL,STRONG_SELL,STRONG_SELL,SELL,20,36
2026-09-10 08:39:11,0.57996,0.58758,0.58595,0.5846,36.74,26.84,0.0044,-0.000593,0.001013,0.59915,0.58085,STRONG_SELL,STRONG_SELL,STRONG_SELL,SELL,20,36
2026-09-10 08:55:05,0.5804,0.58762,0.58597,0.58461,37.28,26.83,0.0044,-0.000558,0.00102,0.59908,0.58097,STRONG_SELL,STRONG_SELL,STRONG_SELL,SELL,20,36
2026-09-10 09:10:59,0.58011,0.5876,0.58596,0.5846,36.92,26.83,0.0044,-0.000581,0.001015,0.59913,0.58089,STRONG_SELL,STRONG_SELL,STRONG_SELL,SELL,20,36
2026-09-10 09:26:52,0.57987,0.58757,0.58595,0.5846,36.63,26.86,0.00441,-0.000601,0.001011,0.59917,0.58083,STRONG_SELL,STRONG_SELL,STRONG_SELL,SELL,20,36
2026-09-10 11:04:56,0.58082,0.58766,0.58599,0.58461,37.82,26.87,0.00441,-0.000525,0.001026,0.59901,0.58108,STRONG_SELL,STRONG_SELL,STRONG_SELL,SELL,20,36
2026-09-10 11:20:50,0.58083,0.58766,0.58599,0.58461,37.83,26.87,0.00441,-0.000524,0.001027,0.59901,0.58108,STRONG_SELL,STRONG_SELL,STRONG_SELL,SELL,20,36
2026-09-10 11:36:43,0.58081,0.58766,0.58599,0.58461,37.8,26.87,0.00441,-0.000526,0.001026,0.59901,0.58107,STRONG_SELL,STRONG_SELL,STRONG_SELL,SELL,20,36
2026-09-10 11:52:37,0.58068,0.58765,0.58598,0.58461,37.64,26.87,0.00441,-0.000536,0.001024,0.59903,0.58104,STRONG_SELL,STRONG_SELL,STRONG_SELL,SELL,20,36
2026-09-10 12:08:31,0.58034,0.58762,0.58597,0.58461,37.21,26.87,0.00441,-0.000563,0.001019,0.59909,0.58095,STRONG_SELL,STRONG_SELL,STRONG_SELL,SELL,20,36
2026-09-10 12:24:24,0.58057,0.58764,0.58598,0.58461,37.5,26.87,0.00441,-0.000545,0.001022,0.59905,0.58101,STRONG_SELL,STRONG_SELL,STRONG_SELL,SELL,20,36
2026-09-10 12:40:18,0.58034,0.58762,0.58597,0.58461,37.21,26.87,0.00441,-0.000563,0.001019,0.59909,0.58095,STRONG_SELL,STRONG_SELL,STRONG_SELL,SELL,20,36
2026-09-10 12:56:11,0.58039,0.58762,0.58597,0.58461,37.27,26.87,0.00441,-0.000559,0.00102,0.59908,0.58097,STRONG_SELL,STRONG_SELL,STRONG_SELL,SELL,20,36
2026-09-10 13:12:05,0.58063,0.58765,0.58598,0.58461,37.57,26.87,0.00441,-0.00054,0.001023,0.59904,0.58103,STRONG_SELL,STRONG_SELL,STRONG_SELL,SELL,20,36
2026-09-10 13:27:59,0.58056,0.58764,0.58598,0.58461,37.48,26.87,0.00441,-0.000546,0.001022,0.59905,0.58101,STRONG_SELL,STRONG_SELL,STRONG_SELL,SELL,20,36
2026-09-10 13:43:53,0.58033,0.58762,0.58597,0.58461,37.19,26.87,0.00441,-0.000564,0.001019,0.59909,0.58095,STRONG_SELL,STRONG_SELL,STRONG_SELL,SELL,20,36
2026-09-10 13:59:47,0.58023,0.58761,0.58596,0.58461,37.07,26.87,0.00441,-0.000572,0.001017,0.59911,0.58092,STRONG_SELL,STRONG_SELL,SELL,SELL,20,36
2026-09-10 14:15:40,0.57955,0.58754,0.58594,0.5846,36.24,26.91,0.00443,-0.000626,0.001006,0.59922,0.58074,STRONG_SELL,STRONG_SELL,STRONG_SELL,SELL,20,36
2026-09-10 14:31:34,0.57961,0.58755,0.58594,0.5846,36.31,26.91,0.00443,-0.000621,0.001007,0.59921,0.58076,STRONG_SELL,STRONG_SELL,STRONG_SELL,SELL,20,36
2026-09-10 14:47:28,0.57961,0.58755,0.58594,0.5846,36.31,26.91,0.00443,-0.000621,0.001007,0.59921,0.58076,STRONG_SELL,STRONG_SELL,STRONG_SELL,SELL,20,36
2026-09-10 15:03:21,0.57945,0.58753,0.58593,0.5846,36.12,26.92,0.00444,-0.000634,0.001005,0.59924,0.58071,STRONG_SELL,STRONG_SELL,STRONG_SELL,SELL,20,36
2026-09-10 15:19:15,0.57936,0.58752,0.58593,0.5846,36.02,26.93,0.00444,-0.000641,0.001003,0.59926,0.58069,STRONG_SELL,STRONG_SELL,STRONG_SELL,SELL,20,36
2026-09-10 15:35:09,0.57968,0.58756,0.58594,0.5846,36.4,26.93,0.00444,-0.000616,0.001008,0.5992,0.58077,STRONG_SELL,STRONG_SELL,STRONG_SELL,SELL,20,36
2026-09-10 15:51:03,0.57966,0.58755,0.58594,0.5846,36.37,26.93,0.00444,-0.000617,0.001008,0.5992,0.58077,STRONG_SELL,STRONG_SELL,STRONG_SELL,SELL,20,36
2026-09-10 16:06:57,0.57958,0.58755,0.58594,0.5846,36.28,26.93,0.00444,-0.000624,0.001007,0.59922,0.58075,STRONG_SELL,STRONG_SELL,STRONG_SELL,SELL,20,36
2026-09-10 16:22:51,0.57944,0.58753,0.58593,0.5846,36.11,26.93,0.00444,-0.000635,0.001004,0.59924,0.58071,STRONG_SELL,STRONG_SELL,STRONG_SELL,SELL,20,36
2026-09-10 16:38:44,0.57953,0.58754,0.58594,0.5846,36.22,26.93,0.00444,-0.000628,0.001006,0.59923,0.58073,STRONG_SELL,STRONG_SELL,STRONG_SELL,SELL,20,36
2026-09-11 08:37:54,0.58145,0.58694,0.58575,0.58456,40.47,28.1,0.00444,-0.001022,0.000597,0.59961,0.57957,STRONG_SELL,SELL,SELL,SELL,20,36
2026-09-11 08:53:47,0.58243,0.58703,0.58579,0.58457,42.31,28.1,0.00444,-0.000944,0.000612,0.59951,0.57977,SELL,SELL,SELL,SELL,20,36
2026-09-11 09:09:41,0.58219,0.58701,0.58578,0.58457,41.87,28.1,0.00444,-0.000963,0.000608,0.59953,0.57973,STRONG_SELL,SELL,STRONG_SELL,SELL,20,36
2026-09-11 13:18:59,0.58161,0.58695,0.58576,0.58457,40.78,28.1,0.00444,-0.001009,0.000599,0.5996,0.57961,STRONG_SELL,SELL,STRONG_SELL,SELL,20,36
2026-09-11 13:34:54,0.58181,0.58697,0.58576,0.58457,41.16,28.1,0.00444,-0.000993,0.000602,0.59957,0.57965,STRONG_SELL,SELL,SELL,SELL,20,36
2026-09-11 13:50:48,0.58166,0.58696,0.58576,0.58457,40.87,28.1,0.00444,-0.001005,0.0006,0.59959,0.57962,STRONG_SELL,SELL,STRONG_SELL,SELL,20,36
2026-09-11 15:28:29,0.5815,0.58694,0.58575,0.58456,40.57,28.1,0.00444,-0.001018,0.000597,0.59961,0.57958,STRONG_SELL,SELL,SELL,SELL,20,36
2026-09-11 15:44:23,0.58132,0.58692,0.58574,0.58456,40.22,28.1,0.00444,-0.001033,0.000595,0.59963,0.57955,STRONG_SELL,SELL,STRONG_SELL,SELL,20,36
2026-09-11 16:00:17,0.5814,0.58693,0.58575,0.58456,40.37,28.1,0.00444,-0.001026,0.000596,0.59962,0.57956,STRONG_SELL,SELL,SELL,SELL,20,36
2026-09-11 16:16:11,0.58125,0.58692,0.58574,0.58456,40.08,28.1,0.00444,-0.001038,0.000593,0.59964,0.57953,STRONG_SELL,SELL,STRONG_SELL,SELL,20,36
2026-09-11 16:32:04,0.58124,0.58692,0.58574,0.58456,40.06,28.1,0.00444,-0.001039,0.000593,0.59964,0.57953,STRONG_SELL,SELL,STRONG_SELL,SELL,20,36
2026-09-11 16:47:58,0.58121,0.58691,0.58574,0.58456,40.0,28.1,0.00444,-0.001041,0.000593,0.59964,0.57952,STRONG_SELL,SELL,STRONG_SELL,SELL,20,36
2026-09-13 18:14:36,0.58069,0.58634,0.58555,0.58453,39.39,29.17,0.00418,-0.001366,0.000204,0.5999,0.57839,SELL,SELL,STRONG_SELL,SELL,20,36
2026-09-13 18:30:30,0.58068,0.58634,0.58555,0.58453,39.38,29.17,0.0042,-0.001367,0.000203,0.5999,0.57839,SELL,SELL,STRONG_SELL,NEUTRAL,20,46
2026-09-13 18:46:24,0.58092,0.58636,0.58556,0.58453,39.71,29.17,0.0042,-0.001347,0.000207,0.59987,0.57844,SELL,SELL,STRONG_SELL,NEUTRAL,20,46
2026-09-13 19:02:18,0.58124,0.58639,0.58557,0.58453,40.15,29.17,0.0042,-0.001322,0.000212,0.59984,0.5785,SELL,SELL,SELL,NEUTRAL,20,46
2026-09-13 19:18:11,0.58149,0.58641,0.58558,0.58453,40.56,29.17,0.00423,-0.001302,0.000216,0.59982,0.57855,SELL,SELL,SELL,NEUTRAL,20,46
2026-09-13 19:34:05,0.58138,0.5864,0.58558,0.58453,40.34,29.17,0.00423,-0.001311,0.000215,0.59983,0.57853,SELL,SELL,SELL,NEUTRAL,20,46
2026-09-13 19:49:59,0.58107,0.58637,0.58556,0.58453,39.91,29.17,0.00423,-0.001335,0.00021,0.59986,0.57847,SELL,SELL,SELL,SELL,20,36
2026-09-13 20:05:52,0.58062,0.58633,0.58555,0.58452,39.3,29.17,0.00423,-0.001371,0.000202,0.5999,0.57838,SELL,SELL,SELL,SELL,20,36
2026-09-13 20:21:46,0.57994,0.58627,0.58552,0.58452,38.41,29.17,0.00426,-0.001426,0.000192,0.59998,0.57823,SELL,SELL,STRONG_SELL,NEUTRAL,20,46
2026-09-13 20:37:40,0.57972,0.58625,0.58551,0.58452,38.13,29.17,0.00428,-0.001443,0.000188,0.60001,0.57818,SELL,SELL,STRONG_SELL,NEUTRAL,20,46
2026-09-13 20:53:34,0.57975,0.58625,0.58551,0.58452,38.17,29.17,0.00428,-0.001441,0.000189,0.6,0.57819,SELL,SELL,STRONG_SELL,NEUTRAL,20,46
2026-09-13 21:09:28,0.57971,0.58624,0.58551,0.58452,38.12,29.17,0.00428,-0.001444,0.000188,0.60001,0.57818,SELL,SELL,STRONG_SELL,NEUTRAL,20,46
2026-09-13 21:25:21,0.57948,0.58622,0.5855,0.58451,37.83,29.17,0.00429,-0.001462,0.000184,0.60004,0.57813,SELL,SELL,STRONG_SELL,NEUTRAL,20,46
2026-09-13 21:41:15,0.57956,0.58623,0.58551,0.58451,37.93,29.17,0.0043,-0.001456,0.000186,0.60003,0.57815,SELL,SELL,STRONG_SELL,NEUTRAL,20,46
2026-09-13 21:57:11,0.57962,0.58624,0.58551,0.58451,38.0,29.17,0.0043,-0.001451,0.000186,0.60002,0.57816,SELL,SELL,STRONG_SELL,NEUTRAL,20,46
2026-09-13 22:13:06,0.57932,0.5862,0.58549,0.58451,37.59,29.17,0.00431,-0.001477,0.000181,0.60006,0.57809,SELL,SELL,STRONG_SELL,NEUTRAL,20,46
2026-09-14 06:20:39,0.57707,0.58599,0.58541,0.58449,35.05,29.58,0.00449,-0.001655,0.000146,0.60038,0.57755,STRONG_SELL,STRONG_SELL,SELL,BUY,10,46
2026-09-14 19:08:46,0.57785,0.58526,0.58513,0.58443,36.16,31.23,0.00428,-0.002033,-0.000283,0.60082,0.57624,STRONG_SELL,SELL,SELL,BUY,10,46
2026-09-14 19:24:40,0.57789,0.58527,0.58513,0.58443,36.24,31.23,0.00428,-0.00203,-0.000283,0.60082,0.57625,STRONG_SELL,SELL,SELL,BUY,10,46
2026-09-14 19:40:34,0.57783,0.58526,0.58513,0.58443,36.12,31.23,0.00428,-0.002035,-0.000284,0.60083,0.57624,STRONG_SELL,SELL,SELL,BUY,10,46
2026-09-14 19:56:28,0.57773,0.58525,0.58513,0.58443,35.91,31.23,0.00428,-0.002043,-0.000285,0.60084,0.57622,STRONG_SELL,SELL,SELL,NEUTRAL,20,46
2026-09-14 20:12:22,0.5778,0.58526,0.58513,0.58443,36.05,31.23,0.00428,-0.002037,-0.000284,0.60083,0.57623,STRONG_SELL,SELL,SELL,NEUTRAL,20,46
2026-09-14 21:04:01,0.5775,0.58523,0.58512,0.58443,35.51,31.23,0.00428,-0.002061,-0.000289,0.60087,0.57616,STRONG_SELL,SELL,SELL,BUY,10,46
2026-09-14 21:19:54,0.57696,0.58518,0.5851,0.58442,34.89,31.23,0.00432,-0.002104,-0.000297,0.60094,0.57604,STRONG_SELL,SELL,SELL,BUY,0,46
2026-09-14 21:35:49,0.57655,0.58514,0.58508,0.58442,34.43,31.23,0.00435,-0.002137,-0.000304,0.60099,0.57594,STRONG_SELL,SELL,STRONG_SELL,BUY,0,46
2026-09-14 22:29:48,0.57614,0.5851,0.58506,0.58441,33.98,31.23,0.00438,-0.00217,-0.000311,0.60105,0.57584,STRONG_SELL,STRONG_SELL,STRONG_SELL,BUY,0,46
2026-09-15 02:50:15,0.57607,0.58509,0.58506,0.58441,33.9,31.23,0.0044,-0.002175,-0.000312,0.60106,0.57582,STRONG_SELL,STRONG_SELL,STRONG_SELL,BUY,0,46
2026-09-15 03:08:25,0.57573,0.58506,0.58505,0.58441,33.54,31.23,0.00441,-0.002202,-0.000317,0.60111,0.57574,STRONG_SELL,STRONG_SELL,STRONG_SELL,BUY,0,46
2026-09-15 03:14:34,0.57573,0.58506,0.58505,0.58441,33.54,31.23,0.00441,-0.002202,-0.000317,0.60111,0.57574,STRONG_SELL,STRONG_SELL,STRONG_SELL,BUY,0,46
2026-09-15 08:24:07,0.57683,0.58517,0.58509,0.58442,34.74,31.3,0.00444,-0.002115,-0.0003,0.60096,0.57601,STRONG_SELL,SELL,SELL,BUY,0,46
2026-09-15 13:46:48,0.57587,0.58507,0.58505,0.58441,33.69,31.32,0.00445,-0.002191,-0.000315,0.60109,0.57577,STRONG_SELL,STRONG_SELL,STRONG_SELL,BUY,0,46
2026-09-15 17:56:16,0.57573,0.58506,0.58505,0.58441,33.54,31.32,0.00445,-0.002202,-0.000317,0.60111,0.57574,STRONG_SELL,STRONG_SELL,STRONG_SELL,BUY,0,46
2026-09-15 20:55:08,0.57578,0.58507,0.58505,0.58441,33.59,31.32,0.00445,-0.002198,-0.000316,0.60111,0.57575,STRONG_SELL,STRONG_SELL,SELL,BUY,0,46
2026-09-15 23:24:39,0.57558,0.58415,0.58467,0.58432,33.38,32.8,0.00418,-0.002658,-0.000787,0.6013,0.57385,STRONG_SELL,SELL,SELL,BUY,0,46
2026-09-16 01:32:36,0.57426,0.58402,0.58462,0.58431,31.96,32.95,0.00428,-0.002763,-0.000808,0.60148,0.57354,STRONG_SELL,STRONG_SELL,STRONG_SELL,BUY,0,46
2026-09-16 06:47:18,0.57536,0.58413,0.58466,0.58432,33.14,33.0,0.00431,-0.002676,-0.00079,0.60133,0.5738,STRONG_SELL,SELL,STRONG_SELL,BUY,0,46
2026-09-16 12:25:55,0.57607,0.58417,0.58468,0.58432,34.75,32.98,0.00433,-0.002642,-0.000788,0.60129,0.57388,STRONG_SELL,SELL,SELL,BUY,0,46
2026-09-16 17:13:09,0.57547,0.58411,0.58466,0.58431,33.46,32.98,0.00433,-0.00269,-0.000797,0.60137,0.57375,STRONG_SELL,SELL,SELL,BUY,0,46
2026-09-16 20:10:29,0.57133,0.58372,0.58449,0.58427,29.21,33.36,0.00458,-0.00302,-0.000863,0.60198,0.57272,STRONG_SELL,STRONG_SELL,STRONG_SELL,STRONG_BUY,0,46
2026-09-16 22:56:30,0.57224,0.58257,0.58399,0.58415,31.87,35.27,0.0044,-0.003559,-0.00141,0.60202,0.57044,STRONG_SELL,SELL,STRONG_SELL,STRONG_BUY,0,55
2026-09-17 01:06:46,0.57137,0.58249,0.58396,0.58414,30.06,35.27,0.0044,-0.003628,-0.001424,0.60213,0.57024,STRONG_SELL,SELL,STRONG_SELL,STRONG_BUY,0,55
2026-09-17 06:09:13,0.57309,0.58265,0.58403,0.58416,33.56,35.27,0.00442,-0.003491,-0.001396,0.60191,0.57063,STRONG_SELL,SELL,SELL,BUY,0,55
2026-09-17 11:41:30,0.5732,0.58266,0.58403,0.58416,33.77,35.27,0.0045,-0.003482,-0.001394,0.6019,0.57065,STRONG_SELL,SELL,SELL,STRONG_BUY,0,55
2026-09-17 15:40:15,0.57316,0.58266,0.58403,0.58416,33.69,35.27,0.00456,-0.003486,-0.001395,0.60191,0.57065,STRONG_SELL,SELL,SELL,BUY,0,55
2026-09-17 19:17:17,0.57306,0.58265,0.58402,0.58416,33.5,35.27,0.00456,-0.003494,-0.001397,0.60192,0.57062,STRONG_SELL,SELL,SELL,BUY,0,55
2026-09-17 22:20:54,0.57313,0.58171,0.58358,0.58404,33.7,37.05,0.00427,-0.003806,-0.001883,0.60082,0.56923,STRONG_SELL,SELL,SELL,BUY,0,55
2026-09-18 00:37:40,0.57238,0.58164,0.58355,0.58404,32.46,37.05,0.0043,-0.003866,-0.001895,0.6009,0.56908,STRONG_SELL,SELL,SELL,BUY,0,55
2026-09-18 05:14:08,0.57276,0.58168,0.58357,0.58404,32.92,37.05,0.00441,-0.003836,-0.001889,0.60086,0.56916,STRONG_SELL,SELL,SELL,BUY,0,55
2026-09-18 09:50:17,0.57162,0.58157,0.58352,0.58403,31.7,37.05,0.00441,-0.003927,-0.001907,0.60099,0.56892,STRONG_SELL,SELL,STRONG_SELL,BUY,0,55
2026-09-18 14:06:50,0.571,0.58151,0.5835,0.58402,31.11,37.07,0.00448,-0.003976,-0.001917,0.60106,0.56878,STRONG_SELL,SELL,SELL,BUY,0,55
2026-09-18 17:41:30,0.57242,0.58164,0.58356,0.58404,32.5,37.07,0.00448,-0.003863,-0.001895,0.6009,0.56909,STRONG_SELL,SELL,SELL,BUY,0,55
2026-09-18 19:58:40,0.57244,0.58165,0.58356,0.58404,32.52,37.07,0.00448,-0.003861,-0.001894,0.6009,0.56909,STRONG_SELL,SELL,SELL,BUY,0,55
2026-09-20 23:08:54,0.57187,0.58069,0.58308,0.58391,31.93,38.74,0.00421,-0.004149,-0.00235,0.59995,0.56764,STRONG_SELL,SELL,SELL,BUY,0,55
2026-09-21 01:05:31,0.57174,0.58067,0.58308,0.58391,31.79,38.74,0.00422,-0.004159,-0.002352,0.59996,0.56761,STRONG_SELL,SELL,SELL,BUY,0,55
2026-09-21 06:21:01,0.57156,0.58066,0.58307,0.58391,31.6,38.74,0.00424,-0.004174,-0.002354,0.59998,0.56757,STRONG_SELL,SELL,SELL,BUY,0,55
2026-09-21 13:09:28,0.57306,0.5808,0.58313,0.58392,34.26,38.75,0.00433,-0.004051,-0.002328,0.59983,0.56788,STRONG_SELL,SELL,NEUTRAL,BUY,0,47
2026-09-21 18:42:39,0.57136,0.58064,0.58307,0.58391,31.36,38.75,0.00433,-0.004187,-0.002356,0.59999,0.56755,STRONG_SELL,SELL,SELL,BUY,0,55
2026-09-21 22:16:50,0.57165,0.5798,0.58262,0.58379,31.87,40.32,0.00407,-0.004344,-0.002751,0.59837,0.56667,STRONG_SELL,SELL,SELL,BUY,0,55
2026-09-22 01:00:51,0.57082,0.57972,0.58259,0.58378,30.76,40.38,0.0041,-0.00441,-0.002765,0.59844,0.56651,STRONG_SELL,SELL,SELL,BUY,0,55
2026-09-22 06:02:56,0.574,0.58002,0.58272,0.58381,37.07,40.53,0.00439,-0.004157,-0.002714,0.59819,0.56708,STRONG_SELL,SELL,NEUTRAL,BUY,10,47
2026-09-22 11:38:16,0.57316,0.57994,0.58268,0.5838,35.31,40.53,0.00441,-0.004224,-0.002727,0.59825,0.56694,STRONG_SELL,SELL,SELL,BUY,10,55
2026-09-22 15:43:43,0.57126,0.57976,0.58261,0.58378,31.24,40.53,0.00441,-0.004375,-0.002758,0.5984,0.56659,STRONG_SELL,SELL,STRONG_SELL,STRONG_BUY,0,55
2026-09-22 19:15:29,0.57245,0.57987,0.58266,0.58379,33.73,40.53,0.00441,-0.00428,-0.002739,0.5983,0.56681,STRONG_SELL,SELL,SELL,BUY,0,55
2026-09-22 22:16:22,0.57307,0.57927,0.5823,0.58369,35.14,42.19,0.00412,-0.004235,-0.003032,0.59675,0.56628,STRONG_SELL,SELL,NEUTRAL,BUY,10,47
2026-09-23 00:50:06,0.5718,0.57915,0.58225,0.58368,33.42,42.19,0.0042,-0.004336,-0.003052,0.59684,0.56607,STRONG_SELL,SELL,SELL,BUY,0,55
2026-09-23 05:30:20,0.57045,0.57902,0.5822,0.58367,31.92,42.19,0.00432,-0.004444,-0.003074,0.59695,0.56582,STRONG_SELL,STRONG_SELL,STRONG_SELL,BUY,0,55
2026-09-23 10:15:13,0.57011,0.57899,0.58218,0.58366,31.56,42.19,0.00435,-0.004471,-0.003079,0.59698,0.56576,STRONG_SELL,STRONG_SELL,SELL,STRONG_BUY,0,55
