timestamp,par,score_b,score_s,precio
2026-08-02 17:29:28,AUD/USD,58,5,0.70388
2026-08-02 17:29:39,GBP/USD,50,5,1.34860
2026-08-02 17:29:49,EUR/USD,30,5,1.15438
2026-08-02 17:29:59,NZD/USD,50,0,0.58936
2026-08-02 17:45:09,AUD/USD,58,5,0.70410
2026-08-02 17:45:19,GBP/USD,50,5,1.34860
2026-08-02 17:45:29,EUR/USD,30,5,1.15464
2026-08-02 17:45:40,NZD/USD,50,0,0.58930
2026-08-02 17:53:58,AUD/USD,58,5,0.70410
2026-08-02 17:54:08,GBP/USD,50,5,1.34830
2026-08-02 17:54:18,EUR/USD,30,5,1.15453
2026-08-02 17:54:28,NZD/USD,50,0,0.58927
2026-08-02 18:46:02,AUD/USD,58,5,0.70467
2026-08-02 18:46:12,GBP/USD,50,5,1.34950
2026-08-02 18:46:22,EUR/USD,30,5,1.15482
2026-08-02 18:46:32,NZD/USD,50,0,0.58986
2026-08-02 19:01:43,AUD/USD,58,5,0.70466
2026-08-02 19:01:53,GBP/USD,50,5,1.34960
2026-08-02 19:02:03,EUR/USD,30,5,1.15484
2026-08-02 19:02:13,NZD/USD,50,0,0.58984
2026-08-02 19:17:23,AUD/USD,58,5,0.70428
2026-08-02 19:17:34,GBP/USD,50,5,1.34910
2026-08-02 19:17:44,EUR/USD,30,5,1.15444
2026-08-02 19:17:54,NZD/USD,50,0,0.58961
2026-08-02 19:33:05,AUD/USD,58,5,0.70433
2026-08-02 19:33:15,GBP/USD,50,5,1.34920
2026-08-02 19:33:25,EUR/USD,30,5,1.15434
2026-08-02 19:33:35,NZD/USD,50,0,0.58969
2026-08-02 19:48:45,AUD/USD,58,5,0.70428
2026-08-02 19:48:55,GBP/USD,50,5,1.34910
2026-08-02 19:49:05,EUR/USD,30,5,1.15423
2026-08-02 19:49:15,NZD/USD,50,0,0.58977
2026-08-02 20:13:06,AUD/USD,58,5,0.70404
2026-08-02 20:13:16,GBP/USD,50,5,1.34850
2026-08-02 20:13:26,EUR/USD,30,5,1.15355
2026-08-02 20:13:36,NZD/USD,50,0,0.58946
2026-08-02 20:18:06,AUD/USD,58,5,0.70409
2026-08-02 20:18:16,GBP/USD,50,5,1.34850
2026-08-02 20:18:26,EUR/USD,30,5,1.15369
2026-08-02 20:24:22,AUD/USD,58,5,0.70409
2026-08-02 20:24:33,GBP/USD,50,5,1.34860
2026-08-02 20:24:43,EUR/USD,30,5,1.15390
2026-08-02 20:24:53,NZD/USD,50,0,0.58966
2026-08-02 20:44:03,AUD/USD,58,0,0.70482
2026-08-02 20:44:13,GBP/USD,50,0,1.34990
2026-08-02 20:44:23,EUR/USD,30,0,1.15526
2026-08-02 20:51:49,AUD/USD,58,0,0.70448
2026-08-02 20:51:58,GBP/USD,50,0,1.34940
2026-08-02 20:52:08,EUR/USD,30,0,1.15480
2026-08-02 20:52:18,NZD/USD,50,0,0.59003
2026-08-02 21:07:29,AUD/USD,58,5,0.70394
2026-08-02 21:07:39,GBP/USD,50,5,1.34810
2026-08-02 21:07:49,EUR/USD,30,5,1.15398
2026-08-02 21:07:59,NZD/USD,50,0,0.58956
2026-08-02 21:38:10,AUD/USD,58,5,0.70340
2026-08-02 21:38:20,GBP/USD,50,5,1.34720
2026-08-02 21:38:30,EUR/USD,30,5,1.15311
2026-08-02 21:38:40,NZD/USD,50,0,0.58895
2026-08-02 22:08:50,AUD/USD,58,5,0.70314
2026-08-02 22:09:01,GBP/USD,50,5,1.34740
2026-08-02 22:09:11,EUR/USD,30,5,1.15321
2026-08-02 22:09:21,NZD/USD,50,0,0.58902
2026-08-03 18:28:46,AUD/USD,30,5,0.69977
2026-08-03 18:28:56,GBP/USD,70,5,1.34280
2026-08-03 18:29:06,EUR/USD,45,10,1.15066
2026-08-03 18:29:16,NZD/USD,50,5,0.58687
2026-08-03 18:44:26,AUD/USD,30,5,0.69991
2026-08-03 18:44:36,GBP/USD,50,5,1.34300
2026-08-03 18:44:46,EUR/USD,45,10,1.15078
2026-08-03 18:44:56,NZD/USD,50,5,0.58690
2026-08-03 19:00:07,AUD/USD,30,5,0.69990
2026-08-03 19:00:17,GBP/USD,50,5,1.34300
2026-08-03 19:00:27,EUR/USD,45,10,1.15085
2026-08-03 19:00:37,NZD/USD,50,5,0.58691
2026-08-03 19:15:47,AUD/USD,30,5,0.69986
2026-08-03 19:15:58,GBP/USD,50,5,1.34310
2026-08-03 19:16:08,EUR/USD,45,10,1.15097
2026-08-03 19:16:18,NZD/USD,50,5,0.58693
2026-08-03 19:31:28,AUD/USD,30,5,0.69980
2026-08-03 19:31:39,GBP/USD,70,5,1.34280
2026-08-03 19:31:49,EUR/USD,45,10,1.15090
2026-08-03 19:31:59,NZD/USD,50,5,0.58674
2026-08-03 19:47:09,AUD/USD,30,5,0.69968
2026-08-03 19:47:19,GBP/USD,70,5,1.34260
2026-08-03 19:47:29,EUR/USD,45,10,1.15072
2026-08-03 19:47:39,NZD/USD,50,5,0.58675
2026-08-03 20:30:33,AUD/USD,78,5,0.70031
2026-08-03 20:30:43,GBP/USD,70,5,1.34270
2026-08-03 20:30:53,EUR/USD,45,10,1.15114
2026-08-03 20:31:03,NZD/USD,50,5,0.58684
2026-08-03 20:46:13,AUD/USD,78,5,0.70051
2026-08-03 20:46:23,GBP/USD,50,5,1.34310
2026-08-03 20:46:33,EUR/USD,45,10,1.15120
2026-08-03 20:46:43,NZD/USD,50,5,0.58699
2026-08-04 18:48:23,AUD/USD,58,5,0.70472
2026-08-04 18:48:32,GBP/USD,50,5,1.34500
2026-08-04 18:48:43,EUR/USD,15,20,1.15312
2026-08-04 18:48:53,NZD/USD,50,5,0.58846
2026-08-04 19:04:03,AUD/USD,58,5,0.70467
2026-08-04 19:04:13,GBP/USD,50,5,1.34490
2026-08-04 19:04:23,EUR/USD,15,20,1.15300
2026-08-04 19:04:33,NZD/USD,50,5,0.58832
2026-08-04 19:19:50,AUD/USD,58,5,0.70481
2026-08-04 19:20:01,GBP/USD,50,5,1.34490
2026-08-04 19:20:11,EUR/USD,15,20,1.15305
2026-08-04 19:20:21,NZD/USD,50,5,0.58770
2026-08-04 20:47:18,AUD/USD,58,5,0.70448
2026-08-04 20:47:28,GBP/USD,50,5,1.34510
2026-08-04 20:47:38,EUR/USD,15,20,1.15304
2026-08-04 20:47:48,NZD/USD,50,5,0.58753
2026-08-04 20:56:21,AUD/USD,58,5,0.70436
2026-08-04 20:56:31,GBP/USD,50,5,1.34510
2026-08-04 20:56:41,EUR/USD,15,20,1.15324
2026-08-04 20:56:51,NZD/USD,50,5,0.58791
2026-08-04 21:12:02,AUD/USD,58,5,0.70452
2026-08-04 21:12:12,GBP/USD,50,5,1.34500
2026-08-04 21:12:22,EUR/USD,15,20,1.15306
2026-08-04 21:12:31,NZD/USD,50,5,0.58770
2026-08-05 18:18:06,AUD/USD,58,5,0.70567
2026-08-05 18:18:16,GBP/USD,65,5,1.34660
2026-08-05 18:18:26,EUR/USD,55,10,1.15543
2026-08-05 18:18:36,NZD/USD,65,10,0.58851
2026-08-05 18:33:47,AUD/USD,58,5,0.70573
2026-08-05 18:33:57,GBP/USD,65,5,1.34670
2026-08-05 18:34:07,EUR/USD,55,10,1.15537
2026-08-05 18:34:17,NZD/USD,65,10,0.58850
2026-08-05 18:49:28,AUD/USD,58,5,0.70576
2026-08-05 18:49:38,GBP/USD,65,5,1.34670
2026-08-05 18:49:48,EUR/USD,55,10,1.15546
2026-08-05 18:49:58,NZD/USD,65,10,0.58856
2026-08-05 19:05:09,AUD/USD,58,5,0.70570
2026-08-05 19:05:19,GBP/USD,65,5,1.34670
2026-08-05 19:05:30,EUR/USD,55,10,1.15541
2026-08-05 19:05:40,NZD/USD,65,10,0.58860
2026-08-05 19:20:51,AUD/USD,58,5,0.70570
2026-08-05 19:21:01,GBP/USD,65,5,1.34680
2026-08-05 19:21:11,EUR/USD,55,10,1.15549
2026-08-05 19:21:21,NZD/USD,65,10,0.58860
2026-08-05 19:36:32,AUD/USD,58,5,0.70567
2026-08-05 19:36:42,GBP/USD,65,5,1.34680
2026-08-05 19:36:52,EUR/USD,55,10,1.15551
2026-08-05 19:37:02,NZD/USD,65,10,0.58842
2026-08-05 19:52:13,AUD/USD,58,5,0.70577
2026-08-05 19:52:23,GBP/USD,65,5,1.34700
2026-08-05 19:52:34,EUR/USD,55,10,1.15569
2026-08-05 19:52:44,NZD/USD,65,10,0.58871
2026-08-05 20:50:42,AUD/USD,58,5,0.70585
2026-08-05 20:50:52,GBP/USD,65,5,1.34690
2026-08-05 20:51:02,EUR/USD,55,10,1.15569
2026-08-05 20:51:12,NZD/USD,65,10,0.58834
2026-08-05 22:00:04,AUD/USD,58,5,0.70564
2026-08-05 22:00:14,GBP/USD,65,5,1.34690
2026-08-05 22:00:24,EUR/USD,55,10,1.15546
2026-08-05 22:00:34,NZD/USD,65,10,0.58923
2026-08-05 22:15:45,AUD/USD,58,5,0.70557
2026-08-05 22:15:55,GBP/USD,65,5,1.34680
2026-08-05 22:16:05,EUR/USD,55,10,1.15555
2026-08-05 22:16:15,NZD/USD,65,10,0.58910
2026-08-05 22:24:30,AUD/USD,58,5,0.70574
2026-08-05 22:24:40,GBP/USD,65,5,1.34700
2026-08-05 22:24:50,EUR/USD,55,10,1.15570
2026-08-05 22:25:00,NZD/USD,65,10,0.58923
2026-08-05 22:32:15,AUD/USD,58,5,0.70559
2026-08-05 22:32:25,GBP/USD,65,5,1.34700
2026-08-05 22:32:35,EUR/USD,55,10,1.15556
2026-08-05 22:32:45,NZD/USD,65,10,0.58920
2026-08-05 22:41:41,AUD/USD,58,5,0.70576
2026-08-05 22:41:51,GBP/USD,65,5,1.34700
2026-08-05 22:42:01,EUR/USD,55,10,1.15567
2026-08-05 22:42:11,NZD/USD,65,10,0.58930
2026-08-06 18:17:08,AUD/USD,58,5,0.70309
2026-08-06 18:17:18,GBP/USD,55,5,1.34520
2026-08-06 18:17:28,EUR/USD,15,20,1.15215
2026-08-06 18:17:38,NZD/USD,55,10,0.58675
2026-08-06 18:32:49,AUD/USD,58,5,0.70304
2026-08-06 18:32:59,GBP/USD,55,5,1.34500
2026-08-06 18:33:09,EUR/USD,15,20,1.15218
2026-08-06 18:33:19,NZD/USD,55,10,0.58674
2026-08-06 18:48:30,AUD/USD,58,5,0.70304
2026-08-06 18:48:40,GBP/USD,55,5,1.34510
2026-08-06 18:48:50,EUR/USD,15,20,1.15220
2026-08-06 18:49:00,NZD/USD,55,10,0.58676
2026-08-06 19:04:10,AUD/USD,58,5,0.70301
2026-08-06 19:04:20,GBP/USD,55,5,1.34510
2026-08-06 19:04:30,EUR/USD,15,20,1.15217
2026-08-06 19:04:40,NZD/USD,55,10,0.58671
2026-08-06 19:19:51,AUD/USD,58,5,0.70306
2026-08-06 19:20:01,GBP/USD,65,5,1.34530
2026-08-06 19:20:11,EUR/USD,15,20,1.15229
2026-08-06 19:20:21,NZD/USD,55,10,0.58671
2026-08-06 19:25:28,AUD/USD,58,15,0.70307
2026-08-06 19:25:38,GBP/USD,65,15,1.34540
2026-08-06 19:25:48,EUR/USD,15,30,1.15228
2026-08-06 19:25:58,NZD/USD,55,20,0.58678
2026-08-06 19:41:09,AUD/USD,58,5,0.70310
2026-08-06 19:41:19,GBP/USD,65,5,1.34540
2026-08-06 19:41:29,EUR/USD,15,20,1.15225
2026-08-06 19:41:39,NZD/USD,55,10,0.58653
2026-08-06 19:56:49,AUD/USD,58,5,0.70328
2026-08-06 19:56:59,GBP/USD,65,5,1.34540
2026-08-06 19:57:10,EUR/USD,15,20,1.15232
2026-08-06 19:57:20,NZD/USD,55,10,0.58672
2026-08-06 20:12:31,AUD/USD,58,5,0.70305
2026-08-06 20:12:41,GBP/USD,55,5,1.34520
2026-08-06 20:12:51,EUR/USD,15,20,1.15208
2026-08-06 20:13:01,NZD/USD,55,10,0.58661
2026-08-06 20:28:11,AUD/USD,58,5,0.70285
2026-08-06 20:28:22,GBP/USD,55,5,1.34520
2026-08-06 20:28:32,EUR/USD,15,20,1.15221
2026-08-06 20:28:42,NZD/USD,55,10,0.58650
2026-08-06 21:45:04,AUD/USD,58,5,0.70291
2026-08-06 21:45:14,GBP/USD,65,5,1.34560
2026-08-06 21:45:24,EUR/USD,45,10,1.15246
2026-08-06 21:45:34,NZD/USD,55,10,0.58692
2026-08-06 21:50:12,AUD/USD,58,5,0.70291
2026-08-06 21:50:22,GBP/USD,65,5,1.34540
2026-08-06 21:50:32,EUR/USD,15,20,1.15223
2026-08-06 21:50:42,NZD/USD,55,10,0.58677
2026-08-06 21:56:12,GBP/USD,65,15,1.34520
2026-08-06 21:56:22,EUR/USD,15,30,1.15212
2026-08-06 22:03:22,AUD/USD,48,5,0.70293
2026-08-06 22:03:32,GBP/USD,65,5,1.34530
2026-08-06 22:03:42,EUR/USD,15,20,1.15222
2026-08-06 22:03:52,NZD/USD,55,10,0.58674
2026-08-09 17:07:00,AUD/USD,46,5,0.70610
2026-08-09 17:07:10,GBP/USD,50,5,1.34950
2026-08-09 17:07:20,EUR/USD,46,10,1.15637
2026-08-09 17:07:30,NZD/USD,46,10,0.58964
2026-08-09 17:12:31,AUD/USD,46,15,0.70584
2026-08-09 17:12:41,GBP/USD,50,15,1.34940
2026-08-09 17:12:51,EUR/USD,46,20,1.15645
2026-08-09 17:13:01,NZD/USD,46,20,0.58964
2026-08-09 17:28:11,AUD/USD,46,5,0.70574
2026-08-09 17:28:21,GBP/USD,50,5,1.34940
2026-08-09 17:28:31,EUR/USD,46,10,1.15627
2026-08-09 17:28:42,NZD/USD,46,10,0.58964
2026-08-09 17:43:52,AUD/USD,46,5,0.70611
2026-08-09 17:44:02,GBP/USD,50,5,1.34880
2026-08-09 17:44:12,EUR/USD,46,10,1.15589
2026-08-09 17:44:22,NZD/USD,46,10,0.58850
2026-08-09 17:59:32,AUD/USD,46,5,0.70662
2026-08-09 17:59:42,GBP/USD,50,5,1.34910
2026-08-09 17:59:52,EUR/USD,46,10,1.15602
2026-08-09 18:00:02,NZD/USD,46,10,0.58914
2026-08-09 19:20:10,AUD/USD,46,5,0.70664
2026-08-09 19:20:20,GBP/USD,50,5,1.34920
2026-08-09 19:20:30,EUR/USD,40,10,1.15568
2026-08-09 19:20:40,NZD/USD,46,10,0.58910
2026-08-09 19:35:50,AUD/USD,46,5,0.70651
2026-08-09 19:36:00,GBP/USD,50,5,1.34900
2026-08-09 19:36:10,EUR/USD,32,10,1.15552
2026-08-09 19:36:20,NZD/USD,46,10,0.58890
2026-08-09 19:51:31,AUD/USD,46,5,0.70642
2026-08-09 19:51:41,GBP/USD,50,5,1.34920
2026-08-09 19:51:51,EUR/USD,40,10,1.15573
2026-08-09 19:52:01,NZD/USD,46,10,0.58881
2026-08-09 20:07:12,AUD/USD,46,5,0.70664
2026-08-09 20:07:22,GBP/USD,50,5,1.34920
2026-08-09 20:07:32,EUR/USD,40,10,1.15572
2026-08-09 20:07:42,NZD/USD,46,10,0.58873
2026-08-09 20:22:52,AUD/USD,46,5,0.70661
2026-08-09 20:23:02,GBP/USD,50,5,1.34890
2026-08-09 20:23:12,EUR/USD,32,10,1.15559
2026-08-09 20:23:22,NZD/USD,46,10,0.58857
2026-08-09 20:38:33,AUD/USD,46,5,0.70632
2026-08-09 20:38:43,GBP/USD,50,5,1.34890
2026-08-09 20:38:53,EUR/USD,32,10,1.15545
2026-08-09 20:39:03,NZD/USD,46,10,0.58843
2026-08-09 20:54:14,AUD/USD,46,5,0.70635
2026-08-09 20:54:23,GBP/USD,50,5,1.34920
2026-08-09 20:54:33,EUR/USD,40,10,1.15574
2026-08-09 20:54:43,NZD/USD,46,10,0.58845
2026-08-09 21:03:43,AUD/USD,46,5,0.70607
2026-08-09 21:03:54,GBP/USD,50,5,1.34860
2026-08-09 21:04:04,EUR/USD,32,10,1.15548
2026-08-09 21:04:14,NZD/USD,46,10,0.58831
2026-08-09 21:19:25,AUD/USD,46,5,0.70614
2026-08-09 21:19:35,GBP/USD,50,5,1.34870
2026-08-09 21:19:45,EUR/USD,32,10,1.15553
2026-08-09 21:19:55,NZD/USD,46,10,0.58855
2026-08-09 21:35:06,AUD/USD,46,5,0.70615
2026-08-09 21:35:16,GBP/USD,50,5,1.34850
2026-08-09 21:35:27,EUR/USD,32,10,1.15530
2026-08-09 21:35:37,NZD/USD,46,10,0.58832
2026-08-09 21:50:47,AUD/USD,46,5,0.70634
2026-08-09 21:50:57,GBP/USD,50,5,1.34890
2026-08-09 21:51:07,EUR/USD,32,10,1.15543
2026-08-09 21:51:17,NZD/USD,46,10,0.58851
2026-08-09 22:04:07,AUD/USD,46,5,0.70642
2026-08-09 22:04:17,GBP/USD,50,5,1.34890
2026-08-09 22:04:27,EUR/USD,32,10,1.15545
2026-08-09 22:04:37,NZD/USD,46,10,0.58841
2026-08-09 22:19:47,AUD/USD,46,5,0.70636
2026-08-09 22:19:57,GBP/USD,50,5,1.34880
2026-08-09 22:20:07,EUR/USD,32,10,1.15545
2026-08-09 22:20:18,NZD/USD,46,10,0.58830
2026-08-09 22:35:28,AUD/USD,46,5,0.70637
2026-08-09 22:35:38,GBP/USD,50,5,1.34880
2026-08-09 22:35:48,EUR/USD,32,10,1.15539
2026-08-09 22:35:58,NZD/USD,46,10,0.58828
2026-08-09 22:51:09,AUD/USD,46,5,0.70618
2026-08-09 22:51:19,GBP/USD,50,5,1.34870
2026-08-09 22:51:29,EUR/USD,32,10,1.15523
2026-08-09 22:51:39,NZD/USD,46,10,0.58818
2026-08-09 23:06:49,AUD/USD,46,5,0.70584
2026-08-09 23:06:59,GBP/USD,50,5,1.34850
2026-08-09 23:07:09,EUR/USD,32,10,1.15500
2026-08-09 23:07:20,NZD/USD,46,10,0.58784
2026-08-10 08:02:44,AUD/USD,46,5,0.70627
2026-08-10 08:02:54,GBP/USD,50,5,1.35010
2026-08-10 08:03:04,EUR/USD,32,10,1.15519
2026-08-10 08:03:14,NZD/USD,46,10,0.58892
2026-08-10 08:18:25,AUD/USD,46,5,0.70595
2026-08-10 08:18:35,GBP/USD,50,5,1.34990
2026-08-10 08:18:45,EUR/USD,32,10,1.15508
2026-08-10 08:18:55,NZD/USD,46,10,0.58872
2026-08-10 08:34:05,AUD/USD,46,15,0.70589
2026-08-10 08:34:15,GBP/USD,50,15,1.34930
2026-08-10 08:34:25,EUR/USD,32,20,1.15490
2026-08-10 08:34:35,NZD/USD,46,20,0.58856
2026-08-10 08:45:45,AUD/USD,46,15,0.70570
2026-08-10 08:45:55,GBP/USD,50,15,1.34930
2026-08-10 08:46:05,EUR/USD,32,20,1.15465
2026-08-10 08:46:15,NZD/USD,46,20,0.58832
2026-08-10 09:01:26,AUD/USD,46,15,0.70572
2026-08-10 09:01:36,GBP/USD,50,15,1.34960
2026-08-10 09:01:46,EUR/USD,32,20,1.15473
2026-08-10 09:01:56,NZD/USD,46,20,0.58843
2026-08-10 09:17:07,AUD/USD,46,5,0.70582
2026-08-10 09:17:16,GBP/USD,50,5,1.35050
2026-08-10 09:17:26,EUR/USD,32,10,1.15522
2026-08-10 09:17:36,NZD/USD,46,10,0.58861
2026-08-10 09:32:47,AUD/USD,46,15,0.70574
2026-08-10 09:32:57,GBP/USD,50,15,1.35030
2026-08-10 09:33:07,EUR/USD,32,20,1.15508
2026-08-10 09:33:17,NZD/USD,46,20,0.58847
2026-08-10 10:29:01,AUD/USD,46,5,0.70640
2026-08-10 10:29:11,GBP/USD,50,5,1.35170
2026-08-10 10:29:21,EUR/USD,32,10,1.15521
2026-08-10 10:29:31,NZD/USD,46,10,0.58909
2026-08-10 10:44:41,AUD/USD,46,5,0.70647
2026-08-10 10:44:51,GBP/USD,50,5,1.35240
2026-08-10 10:45:01,EUR/USD,32,10,1.15537
2026-08-10 10:45:11,NZD/USD,46,10,0.58905
2026-08-10 11:00:22,AUD/USD,46,5,0.70624
2026-08-10 11:00:32,GBP/USD,50,5,1.35200
2026-08-10 11:00:42,EUR/USD,32,10,1.15512
2026-08-10 11:00:52,NZD/USD,46,10,0.58872
2026-08-10 11:16:02,AUD/USD,46,5,0.70645
2026-08-10 11:16:12,GBP/USD,50,5,1.35230
2026-08-10 11:16:22,EUR/USD,32,10,1.15522
2026-08-10 11:16:32,NZD/USD,46,10,0.58897
2026-08-10 13:59:16,AUD/USD,46,15,0.70545
2026-08-10 13:59:26,GBP/USD,50,15,1.35050
2026-08-10 13:59:36,EUR/USD,15,20,1.15426
2026-08-10 13:59:46,NZD/USD,46,20,0.58820
2026-08-10 14:14:57,AUD/USD,46,15,0.70554
2026-08-10 14:15:07,GBP/USD,50,15,1.35080
2026-08-10 14:15:17,EUR/USD,32,20,1.15437
2026-08-10 14:15:27,NZD/USD,46,20,0.58827
2026-08-10 14:30:37,AUD/USD,46,15,0.70550
2026-08-10 14:30:47,GBP/USD,50,15,1.35070
2026-08-10 14:30:57,EUR/USD,15,20,1.15413
2026-08-10 14:31:07,NZD/USD,46,20,0.58808
2026-08-10 14:46:18,AUD/USD,46,15,0.70576
2026-08-10 14:46:28,GBP/USD,50,15,1.35100
2026-08-10 14:46:38,EUR/USD,32,20,1.15438
2026-08-10 14:46:48,NZD/USD,46,20,0.58827
2026-08-10 15:01:58,AUD/USD,46,15,0.70553
2026-08-10 15:02:08,GBP/USD,50,15,1.35070
2026-08-10 15:02:18,EUR/USD,15,20,1.15409
2026-08-10 15:02:28,NZD/USD,46,20,0.58812
2026-08-10 15:17:39,AUD/USD,46,15,0.70559
2026-08-10 15:17:49,GBP/USD,50,15,1.35080
2026-08-10 15:17:59,EUR/USD,15,20,1.15410
2026-08-10 15:18:09,NZD/USD,46,20,0.58818
2026-08-10 15:33:19,AUD/USD,46,15,0.70551
2026-08-10 15:33:29,GBP/USD,50,15,1.35070
2026-08-10 15:33:39,EUR/USD,15,20,1.15411
2026-08-10 15:33:49,NZD/USD,46,20,0.58810
2026-08-10 15:49:00,AUD/USD,46,15,0.70567
2026-08-10 15:49:10,GBP/USD,50,15,1.35090
2026-08-10 15:49:20,EUR/USD,15,20,1.15423
2026-08-10 15:49:30,NZD/USD,46,20,0.58830
2026-08-10 16:04:41,AUD/USD,46,15,0.70548
2026-08-10 16:04:51,GBP/USD,50,15,1.35090
2026-08-10 16:05:01,EUR/USD,15,20,1.15419
2026-08-10 16:05:11,NZD/USD,46,20,0.58822
2026-08-10 16:20:22,AUD/USD,46,15,0.70533
2026-08-10 16:20:32,GBP/USD,50,15,1.35070
2026-08-10 16:20:42,EUR/USD,15,20,1.15423
2026-08-10 16:20:52,NZD/USD,46,20,0.58807
2026-08-10 16:36:02,AUD/USD,46,15,0.70530
2026-08-10 16:36:12,GBP/USD,50,15,1.35070
2026-08-10 16:36:22,EUR/USD,15,20,1.15420
2026-08-10 18:04:35,AUD/USD,50,15,0.70542
2026-08-10 18:04:45,GBP/USD,50,15,1.35080
2026-08-10 18:04:55,EUR/USD,40,20,1.15431
2026-08-10 18:05:05,NZD/USD,46,20,0.58821
2026-08-10 19:06:28,AUD/USD,50,15,0.70558
2026-08-10 19:06:38,GBP/USD,50,15,1.35090
2026-08-10 19:06:48,EUR/USD,40,20,1.15432
2026-08-10 19:06:58,NZD/USD,46,20,0.58833
2026-08-10 19:22:09,AUD/USD,50,15,0.70562
2026-08-10 19:22:19,GBP/USD,50,15,1.35090
2026-08-10 19:22:29,EUR/USD,40,20,1.15430
2026-08-10 19:22:39,NZD/USD,46,20,0.58824
2026-08-10 19:37:50,AUD/USD,50,5,0.70549
2026-08-10 19:38:00,GBP/USD,50,5,1.35080
2026-08-10 19:38:10,EUR/USD,40,10,1.15430
2026-08-10 19:38:20,NZD/USD,46,10,0.58828
2026-08-10 19:53:31,AUD/USD,50,5,0.70540
2026-08-10 19:53:41,GBP/USD,50,5,1.35090
2026-08-10 19:53:51,EUR/USD,40,10,1.15439
2026-08-10 19:54:01,NZD/USD,46,10,0.58830
2026-08-10 20:09:12,AUD/USD,50,5,0.70551
2026-08-10 20:09:22,GBP/USD,50,5,1.35110
2026-08-10 20:09:32,EUR/USD,40,10,1.15461
2026-08-10 20:09:42,NZD/USD,46,10,0.58869
2026-08-10 20:48:26,AUD/USD,50,5,0.70564
2026-08-10 20:48:36,GBP/USD,50,5,1.35140
2026-08-10 20:48:46,EUR/USD,40,10,1.15479
2026-08-10 20:48:56,NZD/USD,46,10,0.58854
2026-08-10 20:57:15,AUD/USD,50,5,0.70556
2026-08-10 20:57:25,GBP/USD,50,5,1.35120
2026-08-10 20:57:35,EUR/USD,40,10,1.15463
2026-08-10 20:57:45,NZD/USD,46,10,0.58854
2026-08-10 21:33:30,AUD/USD,50,5,0.70616
2026-08-10 21:33:40,GBP/USD,50,5,1.35130
2026-08-10 21:33:50,EUR/USD,40,10,1.15493
2026-08-10 21:34:00,NZD/USD,46,10,0.58887
2026-08-10 21:40:38,AUD/USD,50,5,0.70604
2026-08-10 21:40:48,GBP/USD,50,5,1.35120
2026-08-10 21:40:59,EUR/USD,40,10,1.15483
2026-08-10 21:41:09,NZD/USD,46,10,0.58867
2026-08-10 21:52:16,AUD/USD,50,5,0.70593
2026-08-10 21:52:26,GBP/USD,50,5,1.35120
2026-08-10 21:52:37,EUR/USD,40,10,1.15475
2026-08-10 21:52:47,NZD/USD,46,10,0.58864
2026-08-11 08:09:05,AUD/USD,50,5,0.70635
2026-08-11 08:09:15,GBP/USD,50,5,1.34990
2026-08-11 08:09:25,EUR/USD,32,10,1.15400
2026-08-11 08:09:35,NZD/USD,38,10,0.58786
2026-08-11 08:24:45,AUD/USD,50,5,0.70604
2026-08-11 08:24:55,GBP/USD,50,5,1.34950
2026-08-11 08:25:06,EUR/USD,15,10,1.15355
2026-08-11 08:25:16,NZD/USD,38,10,0.58768
2026-08-11 08:40:26,AUD/USD,50,5,0.70630
2026-08-11 08:40:36,GBP/USD,50,5,1.34960
2026-08-11 08:40:46,EUR/USD,32,10,1.15382
2026-08-11 08:40:56,NZD/USD,38,10,0.58796
2026-08-11 08:56:07,AUD/USD,50,5,0.70638
2026-08-11 08:56:17,GBP/USD,50,5,1.34980
2026-08-11 08:56:27,EUR/USD,32,10,1.15407
2026-08-11 08:56:37,NZD/USD,46,10,0.58825
2026-08-11 09:11:47,AUD/USD,50,5,0.70663
2026-08-11 09:11:57,GBP/USD,50,5,1.35030
2026-08-11 09:12:07,EUR/USD,40,10,1.15437
2026-08-11 09:12:18,NZD/USD,46,10,0.58860
2026-08-11 09:27:28,AUD/USD,50,5,0.70663
2026-08-11 09:27:38,GBP/USD,50,5,1.34990
2026-08-11 09:27:48,EUR/USD,40,10,1.15423
2026-08-11 09:27:58,NZD/USD,46,10,0.58868
2026-08-11 09:43:09,AUD/USD,50,5,0.70671
2026-08-11 09:43:19,GBP/USD,50,5,1.35010
2026-08-11 09:43:29,EUR/USD,40,10,1.15438
2026-08-11 09:43:39,NZD/USD,46,10,0.58855
2026-08-11 09:58:50,AUD/USD,50,5,0.70668
2026-08-11 09:59:00,GBP/USD,50,5,1.35030
2026-08-11 09:59:10,EUR/USD,40,10,1.15437
2026-08-11 09:59:20,NZD/USD,46,10,0.58847
2026-08-11 10:14:31,AUD/USD,50,5,0.70656
2026-08-11 10:14:41,GBP/USD,50,5,1.35000
2026-08-11 10:14:51,EUR/USD,40,10,1.15411
2026-08-11 10:15:01,NZD/USD,46,10,0.58824
2026-08-11 10:30:11,AUD/USD,50,5,0.70673
2026-08-11 10:30:21,GBP/USD,50,5,1.35010
2026-08-11 10:30:32,EUR/USD,15,10,1.15391
2026-08-11 10:30:42,NZD/USD,46,10,0.58822
2026-08-11 10:45:52,AUD/USD,50,5,0.70678
2026-08-11 10:46:02,GBP/USD,50,5,1.35090
2026-08-11 10:46:12,EUR/USD,40,10,1.15424
2026-08-11 10:46:22,NZD/USD,46,10,0.58832
2026-08-11 11:01:33,AUD/USD,50,5,0.70641
2026-08-11 11:01:43,GBP/USD,50,5,1.35080
2026-08-11 11:01:53,EUR/USD,40,10,1.15427
2026-08-11 11:02:03,NZD/USD,46,10,0.58818
2026-08-11 11:17:13,AUD/USD,50,5,0.70578
2026-08-11 11:17:24,GBP/USD,50,5,1.35030
2026-08-11 11:17:34,EUR/USD,15,10,1.15376
2026-08-11 11:17:44,NZD/USD,38,10,0.58775
2026-08-11 11:32:54,AUD/USD,50,5,0.70595
2026-08-11 11:33:04,GBP/USD,50,5,1.35100
2026-08-11 11:33:14,EUR/USD,15,10,1.15403
2026-08-11 11:33:24,NZD/USD,38,10,0.58801
2026-08-11 14:07:34,AUD/USD,50,5,0.70573
2026-08-11 14:07:44,GBP/USD,50,5,1.34990
2026-08-11 14:07:54,EUR/USD,15,10,1.15366
2026-08-11 14:08:04,NZD/USD,38,10,0.58798
2026-08-11 14:23:14,AUD/USD,50,5,0.70562
2026-08-11 14:23:24,GBP/USD,50,5,1.34980
2026-08-11 14:23:34,EUR/USD,15,10,1.15359
2026-08-11 14:23:45,NZD/USD,38,10,0.58774
2026-08-11 14:38:55,AUD/USD,50,5,0.70570
2026-08-11 14:39:05,GBP/USD,50,5,1.35010
2026-08-11 14:39:15,EUR/USD,15,10,1.15402
2026-08-11 14:39:25,NZD/USD,38,10,0.58792
2026-08-11 14:54:36,AUD/USD,50,5,0.70572
2026-08-11 14:54:46,GBP/USD,50,5,1.35000
2026-08-11 14:54:56,EUR/USD,15,10,1.15397
2026-08-11 14:55:06,NZD/USD,38,10,0.58782
2026-08-11 15:10:16,AUD/USD,50,5,0.70587
2026-08-11 15:10:26,GBP/USD,50,5,1.35030
2026-08-11 15:10:36,EUR/USD,40,10,1.15420
2026-08-11 15:10:46,NZD/USD,38,10,0.58784
2026-08-11 15:25:57,AUD/USD,50,5,0.70596
2026-08-11 15:26:07,GBP/USD,50,5,1.35050
2026-08-11 15:26:17,EUR/USD,40,10,1.15418
2026-08-11 15:26:27,NZD/USD,38,10,0.58788
2026-08-11 15:41:38,AUD/USD,50,5,0.70612
2026-08-11 15:41:48,GBP/USD,50,5,1.35070
2026-08-11 15:41:58,EUR/USD,40,10,1.15425
2026-08-11 15:42:08,NZD/USD,38,10,0.58804
2026-08-11 15:57:18,AUD/USD,50,5,0.70608
2026-08-11 15:57:29,GBP/USD,50,5,1.35070
2026-08-11 15:57:39,EUR/USD,40,10,1.15423
2026-08-11 15:57:49,NZD/USD,46,10,0.58803
2026-08-11 16:12:59,AUD/USD,50,5,0.70619
2026-08-11 16:13:09,GBP/USD,50,5,1.35070
2026-08-11 16:13:19,EUR/USD,40,10,1.15424
2026-08-11 16:13:29,NZD/USD,46,10,0.58810
2026-08-11 23:51:05,AUD/USD,50,5,0.70570
2026-08-11 23:51:14,GBP/USD,50,5,1.35060
2026-08-11 23:51:24,EUR/USD,15,10,1.15359
2026-08-11 23:51:34,NZD/USD,38,10,0.58661
2026-08-12 00:06:45,AUD/USD,50,5,0.70570
2026-08-12 00:06:55,GBP/USD,50,5,1.35060
2026-08-12 00:07:05,EUR/USD,15,10,1.15358
2026-08-12 00:07:15,NZD/USD,38,10,0.58666
2026-08-12 00:22:26,AUD/USD,50,5,0.70560
2026-08-12 00:22:36,GBP/USD,50,5,1.35050
2026-08-12 00:22:46,EUR/USD,15,10,1.15339
2026-08-12 00:22:56,NZD/USD,38,10,0.58670
2026-08-12 08:02:12,AUD/USD,50,5,0.70695
2026-08-12 08:02:22,GBP/USD,50,5,1.35260
2026-08-12 08:02:32,EUR/USD,40,10,1.15429
2026-08-12 08:02:42,NZD/USD,38,10,0.58663
2026-08-12 08:17:52,AUD/USD,50,5,0.70709
2026-08-12 08:18:02,GBP/USD,50,5,1.35220
2026-08-12 08:18:12,EUR/USD,40,10,1.15432
2026-08-12 08:18:22,NZD/USD,38,10,0.58658
2026-08-12 08:33:33,AUD/USD,50,5,0.70762
2026-08-12 08:33:43,GBP/USD,50,5,1.35250
2026-08-12 08:33:53,EUR/USD,40,10,1.15463
2026-08-12 08:34:03,NZD/USD,38,10,0.58737
2026-08-12 08:49:13,AUD/USD,50,5,0.70846
2026-08-12 08:49:23,GBP/USD,50,5,1.35350
2026-08-12 08:49:33,EUR/USD,40,10,1.15558
2026-08-12 08:49:43,NZD/USD,46,10,0.58773
2026-08-12 09:04:54,AUD/USD,50,5,0.70873
2026-08-12 09:05:04,GBP/USD,50,5,1.35340
2026-08-12 09:05:14,EUR/USD,40,10,1.15576
2026-08-12 09:05:24,NZD/USD,46,10,0.58822
2026-08-12 09:20:34,AUD/USD,50,5,0.70826
2026-08-12 09:20:45,GBP/USD,50,5,1.35280
2026-08-12 09:20:55,EUR/USD,40,10,1.15529
2026-08-12 09:21:05,NZD/USD,46,10,0.58794
2026-08-12 09:36:15,AUD/USD,50,5,0.70845
2026-08-12 09:36:25,GBP/USD,50,5,1.35290
2026-08-12 09:36:35,EUR/USD,40,10,1.15543
2026-08-12 09:36:45,NZD/USD,46,10,0.58818
2026-08-12 10:56:02,AUD/USD,50,5,0.70708
2026-08-12 10:56:12,GBP/USD,50,5,1.35080
2026-08-12 10:56:22,EUR/USD,40,10,1.15419
2026-08-12 10:56:32,NZD/USD,38,10,0.58664
2026-08-12 11:11:43,AUD/USD,50,5,0.70713
2026-08-12 11:11:53,GBP/USD,50,5,1.35070
2026-08-12 11:12:03,EUR/USD,40,10,1.15414
2026-08-12 11:12:13,NZD/USD,38,10,0.58676
2026-08-12 11:27:23,AUD/USD,50,5,0.70749
2026-08-12 11:27:34,GBP/USD,50,5,1.35070
2026-08-12 11:27:44,EUR/USD,40,10,1.15412
2026-08-12 11:27:54,NZD/USD,38,10,0.58687
2026-08-12 11:43:04,AUD/USD,50,5,0.70688
2026-08-12 11:43:14,GBP/USD,50,5,1.35050
2026-08-12 11:43:24,EUR/USD,15,10,1.15380
2026-08-12 11:43:34,NZD/USD,38,10,0.58645
2026-08-12 11:58:45,AUD/USD,50,15,0.70691
2026-08-12 11:58:55,GBP/USD,50,15,1.35090
2026-08-12 11:59:05,EUR/USD,15,20,1.15391
2026-08-12 11:59:15,NZD/USD,38,20,0.58647
2026-08-12 12:14:26,AUD/USD,50,5,0.70676
2026-08-12 12:14:36,GBP/USD,50,5,1.35090
2026-08-12 12:14:46,EUR/USD,15,10,1.15365
2026-08-12 12:14:56,NZD/USD,38,10,0.58623
2026-08-12 12:30:07,AUD/USD,50,5,0.70659
2026-08-12 12:30:17,GBP/USD,50,5,1.35030
2026-08-12 12:30:27,EUR/USD,15,10,1.15318
2026-08-12 12:30:37,NZD/USD,38,10,0.58598
2026-08-12 12:45:47,AUD/USD,50,15,0.70651
2026-08-12 12:45:57,GBP/USD,42,15,1.35000
2026-08-12 12:46:07,EUR/USD,15,20,1.15297
2026-08-12 12:46:17,NZD/USD,38,20,0.58576
2026-08-12 13:01:28,AUD/USD,50,15,0.70650
2026-08-12 13:01:38,GBP/USD,42,15,1.35010
2026-08-12 13:01:48,EUR/USD,15,20,1.15303
2026-08-12 13:01:58,NZD/USD,38,20,0.58585
2026-08-12 13:17:09,AUD/USD,50,15,0.70631
2026-08-12 13:17:19,GBP/USD,42,15,1.34950
2026-08-12 13:17:29,EUR/USD,15,20,1.15274
2026-08-12 13:17:39,NZD/USD,38,20,0.58572
2026-08-12 13:32:50,AUD/USD,50,15,0.70634
2026-08-12 13:33:00,GBP/USD,42,15,1.34950
2026-08-12 13:33:10,EUR/USD,15,20,1.15274
2026-08-12 13:33:20,NZD/USD,38,20,0.58570
2026-08-12 13:48:31,AUD/USD,50,15,0.70626
2026-08-12 13:48:41,GBP/USD,42,15,1.34920
2026-08-12 13:48:51,EUR/USD,15,20,1.15238
2026-08-12 13:49:01,NZD/USD,38,20,0.58558
2026-08-12 14:04:11,AUD/USD,50,15,0.70617
2026-08-12 14:04:21,GBP/USD,42,15,1.34910
2026-08-12 14:04:31,EUR/USD,15,20,1.15214
2026-08-12 14:04:41,NZD/USD,38,20,0.58552
2026-08-12 14:19:52,AUD/USD,50,15,0.70627
2026-08-12 14:20:02,GBP/USD,50,15,1.34930
2026-08-12 14:20:12,EUR/USD,15,20,1.15241
2026-08-12 14:20:22,NZD/USD,38,20,0.58578
2026-08-12 14:35:32,AUD/USD,50,15,0.70638
2026-08-12 14:35:43,GBP/USD,50,15,1.34950
2026-08-12 14:35:53,EUR/USD,15,20,1.15245
2026-08-12 14:36:03,NZD/USD,38,20,0.58577
2026-08-12 14:44:12,AUD/USD,50,15,0.70628
2026-08-12 14:44:22,GBP/USD,42,15,1.34910
2026-08-12 14:44:32,EUR/USD,15,20,1.15234
2026-08-12 14:44:42,NZD/USD,38,20,0.58566
2026-08-12 14:52:45,AUD/USD,50,15,0.70630
2026-08-12 14:52:55,GBP/USD,42,15,1.34900
2026-08-12 14:53:05,EUR/USD,15,20,1.15226
2026-08-12 14:53:15,NZD/USD,38,20,0.58571
2026-08-12 15:19:15,AUD/USD,50,15,0.70623
2026-08-12 15:19:25,GBP/USD,42,15,1.34920
2026-08-12 15:19:35,EUR/USD,15,20,1.15231
2026-08-12 15:19:45,NZD/USD,38,20,0.58577
2026-08-12 15:32:08,AUD/USD,50,15,0.70621
2026-08-12 15:32:18,GBP/USD,42,15,1.34910
2026-08-12 15:32:28,EUR/USD,15,20,1.15213
2026-08-12 15:32:39,NZD/USD,38,20,0.58580
2026-08-12 15:37:08,AUD/USD,50,15,0.70610
2026-08-12 15:37:18,GBP/USD,42,15,1.34900
2026-08-12 15:37:28,EUR/USD,15,20,1.15218
2026-08-12 15:37:38,NZD/USD,38,20,0.58566
2026-08-12 15:52:48,AUD/USD,50,15,0.70602
2026-08-12 15:52:58,GBP/USD,42,15,1.34910
2026-08-12 15:53:08,EUR/USD,15,20,1.15213
2026-08-12 15:53:18,NZD/USD,38,20,0.58562
2026-08-12 16:08:29,AUD/USD,50,15,0.70630
2026-08-12 16:08:39,GBP/USD,42,15,1.34910
2026-08-12 16:08:49,EUR/USD,15,20,1.15228
2026-08-12 16:08:59,NZD/USD,38,20,0.58573
2026-08-12 16:24:09,AUD/USD,50,15,0.70610
2026-08-12 16:24:20,GBP/USD,42,15,1.34910
2026-08-12 16:24:30,EUR/USD,15,20,1.15223
2026-08-12 16:24:40,NZD/USD,38,20,0.58578
2026-08-12 17:18:20,AUD/USD,50,15,0.70581
2026-08-12 17:18:30,GBP/USD,42,15,1.34900
2026-08-12 17:18:40,EUR/USD,15,20,1.15207
2026-08-12 17:18:50,NZD/USD,38,20,0.58585
2026-08-12 18:17:13,AUD/USD,50,15,0.70607
2026-08-12 18:17:23,GBP/USD,55,20,1.34930
2026-08-12 18:17:33,EUR/USD,15,20,1.15244
2026-08-12 18:17:43,NZD/USD,23,28,0.58570
2026-08-12 18:18:54,AUD/USD,50,15,0.70603
2026-08-12 18:19:04,GBP/USD,55,20,1.34920
2026-08-12 18:19:14,EUR/USD,15,20,1.15245
2026-08-12 18:19:24,NZD/USD,23,28,0.58558
2026-08-12 18:34:35,AUD/USD,50,15,0.70617
2026-08-12 18:34:45,GBP/USD,55,20,1.34930
2026-08-12 18:34:55,EUR/USD,15,20,1.15250
2026-08-12 18:35:05,NZD/USD,23,28,0.58571
2026-08-12 18:50:15,AUD/USD,50,15,0.70612
2026-08-12 18:50:25,GBP/USD,55,20,1.34950
2026-08-12 18:50:35,EUR/USD,15,20,1.15254
2026-08-12 18:50:45,NZD/USD,23,28,0.58581
2026-08-12 19:05:56,AUD/USD,50,15,0.70628
2026-08-12 19:06:06,GBP/USD,55,20,1.34960
2026-08-12 19:06:16,EUR/USD,15,20,1.15268
2026-08-12 19:06:26,NZD/USD,23,28,0.58599
2026-08-12 19:21:36,AUD/USD,50,15,0.70630
2026-08-12 19:21:46,GBP/USD,55,20,1.34960
2026-08-12 19:21:56,EUR/USD,15,20,1.15266
2026-08-12 19:22:06,NZD/USD,23,28,0.58593
2026-08-12 19:37:17,AUD/USD,50,15,0.70628
2026-08-12 19:37:27,GBP/USD,55,20,1.34970
2026-08-12 19:37:37,EUR/USD,15,20,1.15264
2026-08-12 19:37:47,NZD/USD,23,28,0.58584
2026-08-12 20:25:48,AUD/USD,50,15,0.70649
2026-08-12 20:25:58,GBP/USD,55,20,1.34990
2026-08-12 20:26:09,EUR/USD,15,20,1.15300
2026-08-12 20:26:19,NZD/USD,23,28,0.58605
2026-08-12 20:41:29,AUD/USD,50,15,0.70636
2026-08-12 20:41:40,GBP/USD,55,20,1.34990
2026-08-12 20:41:50,EUR/USD,15,20,1.15304
2026-08-12 20:42:00,NZD/USD,38,20,0.58615
2026-08-12 20:57:10,AUD/USD,50,15,0.70598
2026-08-12 20:57:21,GBP/USD,55,20,1.34940
2026-08-12 20:57:31,EUR/USD,15,20,1.15271
2026-08-12 20:57:41,NZD/USD,23,28,0.58580
2026-08-12 21:12:51,AUD/USD,50,15,0.70606
2026-08-12 21:13:01,GBP/USD,55,20,1.34970
2026-08-12 21:13:11,EUR/USD,15,20,1.15288
2026-08-12 21:13:22,NZD/USD,23,28,0.58597
2026-08-12 21:28:32,AUD/USD,42,15,0.70581
2026-08-12 21:28:43,GBP/USD,55,20,1.34970
2026-08-12 21:28:53,EUR/USD,15,20,1.15293
2026-08-12 21:29:03,NZD/USD,23,28,0.58580
2026-08-12 21:44:14,AUD/USD,50,15,0.70587
2026-08-12 21:44:24,GBP/USD,55,20,1.34960
2026-08-12 21:44:34,EUR/USD,15,20,1.15281
2026-08-12 21:44:45,NZD/USD,23,28,0.58565
2026-08-12 21:59:56,AUD/USD,42,15,0.70562
2026-08-12 22:00:06,GBP/USD,55,20,1.34920
2026-08-12 22:00:17,EUR/USD,15,20,1.15247
2026-08-12 22:00:27,NZD/USD,23,28,0.58549
2026-08-13 08:04:07,AUD/USD,42,15,0.70513
2026-08-13 08:04:17,GBP/USD,55,20,1.34910
2026-08-13 08:04:28,EUR/USD,15,20,1.15325
2026-08-13 08:04:38,NZD/USD,43,28,0.58418
2026-08-13 08:19:48,AUD/USD,42,15,0.70489
2026-08-13 08:19:58,GBP/USD,55,20,1.34900
2026-08-13 08:20:08,EUR/USD,15,20,1.15308
2026-08-13 08:20:18,NZD/USD,43,28,0.58414
2026-08-13 08:26:10,AUD/USD,42,15,0.70490
2026-08-13 08:26:20,GBP/USD,55,20,1.34900
2026-08-13 08:26:30,EUR/USD,15,20,1.15306
2026-08-13 08:26:40,NZD/USD,43,28,0.58420
2026-08-13 08:41:50,AUD/USD,50,15,0.70568
2026-08-13 08:42:00,GBP/USD,55,20,1.34960
2026-08-13 08:42:10,EUR/USD,15,20,1.15319
2026-08-13 08:42:20,NZD/USD,43,28,0.58468
2026-08-13 08:57:31,AUD/USD,50,5,0.70597
2026-08-13 08:57:41,GBP/USD,55,10,1.35030
2026-08-13 08:57:51,EUR/USD,40,10,1.15394
2026-08-13 08:58:01,NZD/USD,43,18,0.58524
2026-08-13 09:13:12,AUD/USD,50,5,0.70633
2026-08-13 09:13:22,GBP/USD,55,10,1.35040
2026-08-13 09:13:32,EUR/USD,40,10,1.15391
2026-08-13 09:13:43,NZD/USD,43,18,0.58513
2026-08-13 09:28:53,AUD/USD,50,5,0.70599
2026-08-13 09:29:03,GBP/USD,55,10,1.35010
2026-08-13 09:29:13,EUR/USD,32,10,1.15355
2026-08-13 09:29:23,NZD/USD,43,18,0.58480
2026-08-13 09:44:34,AUD/USD,50,5,0.70593
2026-08-13 09:44:44,GBP/USD,55,10,1.35010
2026-08-13 09:44:54,EUR/USD,15,10,1.15339
2026-08-13 09:45:04,NZD/USD,43,18,0.58470
2026-08-13 10:00:15,AUD/USD,50,5,0.70577
2026-08-13 10:00:25,GBP/USD,55,10,1.34990
2026-08-13 10:00:35,EUR/USD,32,10,1.15359
2026-08-13 10:00:45,NZD/USD,43,18,0.58475
2026-08-13 10:15:56,AUD/USD,50,5,0.70648
2026-08-13 10:16:06,GBP/USD,55,10,1.35100
2026-08-13 10:16:16,EUR/USD,40,10,1.15436
2026-08-13 10:16:26,NZD/USD,43,18,0.58526
2026-08-13 10:31:36,AUD/USD,50,5,0.70619
2026-08-13 10:31:46,GBP/USD,55,10,1.35030
2026-08-13 10:31:57,EUR/USD,40,10,1.15407
2026-08-13 10:32:07,NZD/USD,43,18,0.58524
2026-08-13 10:47:17,AUD/USD,50,5,0.70641
2026-08-13 10:47:27,GBP/USD,55,10,1.35010
2026-08-13 10:47:37,EUR/USD,40,10,1.15417
2026-08-13 10:47:47,NZD/USD,43,18,0.58534
2026-08-13 11:02:58,AUD/USD,50,5,0.70653
2026-08-13 11:03:08,GBP/USD,55,10,1.35080
2026-08-13 11:03:18,EUR/USD,40,10,1.15433
2026-08-13 11:03:29,NZD/USD,23,18,0.58547
2026-08-13 11:18:39,AUD/USD,50,5,0.70587
2026-08-13 11:18:49,GBP/USD,55,10,1.34990
2026-08-13 11:18:59,EUR/USD,32,10,1.15356
2026-08-13 11:19:09,NZD/USD,43,18,0.58483
2026-08-13 11:34:20,AUD/USD,50,5,0.70571
2026-08-13 11:34:30,GBP/USD,55,10,1.34980
2026-08-13 11:34:40,EUR/USD,15,10,1.15334
2026-08-13 11:34:50,NZD/USD,43,18,0.58479
2026-08-13 11:50:01,AUD/USD,50,5,0.70580
2026-08-13 11:50:11,GBP/USD,55,10,1.34970
2026-08-13 11:50:21,EUR/USD,32,10,1.15336
2026-08-13 11:50:31,NZD/USD,43,18,0.58482
2026-08-13 12:05:42,AUD/USD,50,15,0.70577
2026-08-13 12:05:52,GBP/USD,55,20,1.34940
2026-08-13 12:06:02,EUR/USD,15,20,1.15309
2026-08-13 12:06:12,NZD/USD,43,28,0.58473
2026-08-13 14:14:36,AUD/USD,50,15,0.70585
2026-08-13 14:14:46,GBP/USD,47,20,1.34860
2026-08-13 14:14:56,EUR/USD,15,20,1.15312
2026-08-13 14:15:06,NZD/USD,43,28,0.58496
2026-08-13 14:30:17,AUD/USD,42,15,0.70574
2026-08-13 14:30:27,GBP/USD,47,20,1.34860
2026-08-13 14:30:37,EUR/USD,15,20,1.15291
2026-08-13 14:30:47,NZD/USD,43,28,0.58480
2026-08-13 14:45:57,AUD/USD,50,15,0.70575
2026-08-13 14:46:07,GBP/USD,47,20,1.34860
2026-08-13 14:46:17,EUR/USD,15,20,1.15293
2026-08-13 14:46:27,NZD/USD,43,28,0.58493
2026-08-13 15:01:38,AUD/USD,42,15,0.70573
2026-08-13 15:01:48,GBP/USD,47,20,1.34840
2026-08-13 15:01:58,EUR/USD,15,20,1.15292
2026-08-13 15:02:08,NZD/USD,43,28,0.58486
2026-08-13 15:17:19,AUD/USD,50,15,0.70588
2026-08-13 15:17:29,GBP/USD,47,20,1.34850
2026-08-13 15:17:39,EUR/USD,15,20,1.15300
2026-08-13 15:17:49,NZD/USD,43,28,0.58502
2026-08-13 15:32:59,AUD/USD,50,15,0.70598
2026-08-13 15:33:10,GBP/USD,47,20,1.34870
2026-08-13 15:33:20,EUR/USD,15,20,1.15300
2026-08-13 15:33:30,NZD/USD,43,28,0.58507
2026-08-13 15:48:40,AUD/USD,50,15,0.70588
2026-08-13 15:48:50,GBP/USD,47,20,1.34850
2026-08-13 15:49:01,EUR/USD,15,20,1.15283
2026-08-13 15:49:11,NZD/USD,43,28,0.58492
2026-08-13 16:04:21,AUD/USD,50,15,0.70603
2026-08-13 16:04:31,GBP/USD,47,20,1.34870
2026-08-13 16:04:41,EUR/USD,15,20,1.15289
2026-08-13 16:04:51,NZD/USD,43,28,0.58510
2026-08-13 16:20:02,AUD/USD,50,15,0.70580
2026-08-13 16:20:12,GBP/USD,47,20,1.34850
2026-08-13 16:20:22,EUR/USD,15,20,1.15266
2026-08-13 16:20:32,NZD/USD,43,28,0.58497
2026-08-13 16:35:42,AUD/USD,50,15,0.70588
2026-08-13 16:35:52,GBP/USD,47,20,1.34860
2026-08-13 16:36:03,EUR/USD,15,20,1.15276
2026-08-13 16:36:13,NZD/USD,43,28,0.58490
2026-08-13 21:14:16,AUD/USD,50,5,0.70563
2026-08-13 21:14:26,GBP/USD,47,10,1.34910
2026-08-13 21:14:36,EUR/USD,32,10,1.15335
2026-08-13 21:14:46,NZD/USD,38,13,0.58543
2026-08-13 21:29:57,AUD/USD,50,5,0.70601
2026-08-13 21:30:07,GBP/USD,47,10,1.34910
2026-08-13 21:30:17,EUR/USD,32,10,1.15339
2026-08-13 21:30:27,NZD/USD,38,13,0.58549
2026-08-13 21:45:37,AUD/USD,50,5,0.70590
2026-08-13 21:45:48,GBP/USD,55,10,1.34940
2026-08-13 21:45:58,EUR/USD,43,10,1.15366
2026-08-13 21:46:08,NZD/USD,18,13,0.58578
2026-08-13 22:01:18,AUD/USD,50,5,0.70584
2026-08-13 22:01:28,GBP/USD,47,10,1.34900
2026-08-13 22:01:38,EUR/USD,35,10,1.15346
2026-08-13 22:01:49,NZD/USD,18,13,0.58562
2026-08-13 22:16:59,AUD/USD,50,5,0.70582
2026-08-13 22:17:09,GBP/USD,47,10,1.34910
2026-08-13 22:17:19,EUR/USD,35,10,1.15362
2026-08-13 22:17:29,NZD/USD,18,13,0.58588
2026-08-13 22:32:40,AUD/USD,50,5,0.70574
2026-08-13 22:32:50,GBP/USD,47,10,1.34930
2026-08-13 22:33:00,EUR/USD,43,10,1.15364
2026-08-13 22:33:10,NZD/USD,18,13,0.58597
2026-08-13 22:48:21,AUD/USD,50,5,0.70571
2026-08-13 22:48:31,GBP/USD,47,10,1.34910
2026-08-13 22:48:41,EUR/USD,35,10,1.15357
2026-08-13 22:48:51,NZD/USD,18,13,0.58607
2026-08-13 22:49:18,AUD/USD,50,5,0.70574
2026-08-13 22:49:28,GBP/USD,47,10,1.34910
2026-08-13 22:49:38,EUR/USD,35,10,1.15354
2026-08-13 22:49:48,NZD/USD,18,13,0.58610
2026-08-13 23:04:59,AUD/USD,42,5,0.70561
2026-08-13 23:05:09,GBP/USD,47,10,1.34910
2026-08-13 23:05:19,EUR/USD,35,10,1.15353
2026-08-13 23:05:29,NZD/USD,18,13,0.58616
2026-08-13 23:20:40,AUD/USD,50,5,0.70582
2026-08-13 23:20:50,GBP/USD,55,10,1.34940
2026-08-13 23:21:00,EUR/USD,35,10,1.15361
2026-08-13 23:21:10,NZD/USD,26,13,0.58641
2026-08-13 23:36:21,AUD/USD,50,5,0.70607
2026-08-13 23:36:31,GBP/USD,55,10,1.34970
2026-08-13 23:36:41,EUR/USD,43,10,1.15376
2026-08-13 23:36:51,NZD/USD,26,13,0.58651
2026-08-14 07:49:35,AUD/USD,50,0,0.70800
2026-08-14 07:49:45,GBP/USD,55,0,1.35390
2026-08-14 07:49:55,EUR/USD,46,0,1.15689
2026-08-14 07:50:05,NZD/USD,31,8,0.58871
2026-08-14 07:52:03,AUD/USD,50,0,0.70814
2026-08-14 07:52:13,GBP/USD,55,0,1.35400
2026-08-14 07:52:23,EUR/USD,46,0,1.15695
2026-08-14 07:52:33,NZD/USD,31,8,0.58882
2026-08-14 08:07:44,AUD/USD,50,0,0.70818
2026-08-14 08:07:54,GBP/USD,55,0,1.35380
2026-08-14 08:08:04,EUR/USD,46,0,1.15685
2026-08-14 08:08:14,NZD/USD,31,8,0.58891
2026-08-14 08:23:24,AUD/USD,50,0,0.70825
2026-08-14 08:23:34,GBP/USD,55,0,1.35420
2026-08-14 08:23:44,EUR/USD,46,0,1.15693
2026-08-14 08:23:54,NZD/USD,31,8,0.58905
2026-08-14 08:39:05,AUD/USD,50,0,0.70818
2026-08-14 08:39:15,GBP/USD,55,0,1.35370
2026-08-14 08:39:25,EUR/USD,46,0,1.15678
2026-08-14 08:39:35,NZD/USD,31,8,0.58901
2026-08-14 08:54:46,AUD/USD,50,0,0.70816
2026-08-14 08:54:56,GBP/USD,55,0,1.35380
2026-08-14 08:55:06,EUR/USD,46,0,1.15676
2026-08-14 08:55:16,NZD/USD,31,8,0.58904
2026-08-14 09:10:26,AUD/USD,50,0,0.70803
2026-08-14 09:10:36,GBP/USD,55,0,1.35380
2026-08-14 09:10:46,EUR/USD,46,0,1.15648
2026-08-14 09:10:57,NZD/USD,31,8,0.58873
2026-08-14 09:26:07,AUD/USD,50,0,0.70839
2026-08-14 09:26:17,GBP/USD,55,0,1.35420
2026-08-14 09:26:27,EUR/USD,46,0,1.15683
2026-08-14 09:26:37,NZD/USD,31,8,0.58880
2026-08-14 09:41:48,AUD/USD,50,0,0.70901
2026-08-14 09:41:58,GBP/USD,55,0,1.35530
2026-08-14 09:42:08,EUR/USD,46,0,1.15785
2026-08-14 09:42:18,NZD/USD,46,0,0.58936
2026-08-14 09:57:29,AUD/USD,50,0,0.70879
2026-08-14 09:57:39,GBP/USD,55,0,1.35550
2026-08-14 09:57:49,EUR/USD,46,0,1.15785
2026-08-14 09:57:59,NZD/USD,46,0,0.58930
2026-08-14 10:13:10,AUD/USD,50,0,0.70907
2026-08-14 10:13:20,GBP/USD,55,0,1.35540
2026-08-14 10:13:30,EUR/USD,46,0,1.15808
2026-08-14 10:13:40,NZD/USD,46,0,0.58943
2026-08-14 10:28:50,AUD/USD,50,0,0.70918
2026-08-14 10:29:01,GBP/USD,55,0,1.35590
2026-08-14 10:29:11,EUR/USD,46,0,1.15841
2026-08-14 10:29:21,NZD/USD,46,0,0.58952
2026-08-14 10:44:31,AUD/USD,50,0,0.70871
2026-08-14 10:44:41,GBP/USD,55,0,1.35500
2026-08-14 10:44:51,EUR/USD,46,0,1.15808
2026-08-14 10:45:01,NZD/USD,46,0,0.58921
2026-08-14 11:00:12,AUD/USD,50,0,0.70912
2026-08-14 11:00:22,GBP/USD,55,0,1.35480
2026-08-14 11:00:32,EUR/USD,46,0,1.15806
2026-08-14 11:00:42,NZD/USD,46,0,0.58917
2026-08-14 11:15:52,AUD/USD,50,0,0.70919
2026-08-14 11:16:02,GBP/USD,55,0,1.35460
2026-08-14 11:16:12,EUR/USD,46,0,1.15802
2026-08-14 11:16:22,NZD/USD,46,0,0.58938
2026-08-14 11:31:33,AUD/USD,50,0,0.70920
2026-08-14 11:31:43,GBP/USD,55,0,1.35530
2026-08-14 11:31:53,EUR/USD,46,0,1.15837
2026-08-14 11:32:03,NZD/USD,46,0,0.58960
2026-08-14 11:47:13,AUD/USD,50,0,0.70922
2026-08-14 11:47:24,GBP/USD,55,0,1.35540
2026-08-14 11:47:33,EUR/USD,46,0,1.15835
2026-08-14 11:47:43,NZD/USD,46,0,0.58970
2026-08-14 12:02:54,AUD/USD,50,0,0.70907
2026-08-14 12:03:04,GBP/USD,55,0,1.35550
2026-08-14 12:03:14,EUR/USD,46,0,1.15812
2026-08-14 12:03:24,NZD/USD,46,0,0.58961
2026-08-14 12:18:34,AUD/USD,50,0,0.70896
2026-08-14 12:18:44,GBP/USD,55,0,1.35530
2026-08-14 12:18:55,EUR/USD,46,0,1.15793
2026-08-14 12:19:05,NZD/USD,46,0,0.58950
2026-08-14 12:34:15,AUD/USD,50,0,0.70865
2026-08-14 12:34:25,GBP/USD,55,0,1.35490
2026-08-14 12:34:35,EUR/USD,46,0,1.15752
2026-08-14 12:34:45,NZD/USD,46,0,0.58924
2026-08-14 12:49:56,AUD/USD,50,0,0.70853
2026-08-14 12:50:06,GBP/USD,55,0,1.35450
2026-08-14 12:50:16,EUR/USD,46,0,1.15735
2026-08-14 12:50:26,NZD/USD,31,8,0.58902
2026-08-14 13:05:37,AUD/USD,50,5,0.70830
2026-08-14 13:05:47,GBP/USD,55,10,1.35370
2026-08-14 13:05:57,EUR/USD,46,10,1.15688
2026-08-14 13:06:07,NZD/USD,31,18,0.58890
2026-08-14 13:21:17,AUD/USD,50,5,0.70802
2026-08-14 13:21:27,GBP/USD,55,10,1.35270
2026-08-14 13:21:37,EUR/USD,46,10,1.15644
2026-08-14 13:21:47,NZD/USD,31,18,0.58852
2026-08-14 13:36:58,AUD/USD,50,5,0.70814
2026-08-14 13:37:08,GBP/USD,55,10,1.35310
2026-08-14 13:37:18,EUR/USD,46,10,1.15652
2026-08-14 13:37:28,NZD/USD,31,18,0.58862
2026-08-14 13:52:38,AUD/USD,50,5,0.70798
2026-08-14 13:52:49,GBP/USD,55,10,1.35290
2026-08-14 13:52:59,EUR/USD,46,10,1.15639
2026-08-14 13:53:09,NZD/USD,31,18,0.58852
2026-08-14 14:08:19,AUD/USD,50,5,0.70799
2026-08-14 14:08:29,GBP/USD,55,10,1.35320
2026-08-14 14:08:39,EUR/USD,46,10,1.15652
2026-08-14 14:08:49,NZD/USD,31,18,0.58853
2026-08-14 14:24:00,AUD/USD,50,5,0.70799
2026-08-14 14:24:10,GBP/USD,55,10,1.35320
2026-08-14 14:24:20,EUR/USD,46,10,1.15638
2026-08-14 14:24:30,NZD/USD,31,18,0.58856
2026-08-14 14:39:40,AUD/USD,50,5,0.70812
2026-08-14 14:39:50,GBP/USD,55,10,1.35340
2026-08-14 14:40:00,EUR/USD,46,10,1.15652
2026-08-14 14:40:10,NZD/USD,31,18,0.58867
2026-08-14 14:55:21,AUD/USD,50,5,0.70821
2026-08-14 14:55:31,GBP/USD,55,10,1.35350
2026-08-14 14:55:41,EUR/USD,46,10,1.15662
2026-08-14 14:55:51,NZD/USD,31,18,0.58880
2026-08-14 15:11:02,AUD/USD,50,5,0.70829
2026-08-14 15:11:12,GBP/USD,55,10,1.35340
2026-08-14 15:11:21,EUR/USD,46,10,1.15670
2026-08-14 15:11:32,NZD/USD,31,18,0.58895
2026-08-14 15:26:42,AUD/USD,50,5,0.70838
2026-08-14 15:26:52,GBP/USD,55,10,1.35370
2026-08-14 15:27:02,EUR/USD,46,10,1.15681
2026-08-14 15:27:12,NZD/USD,31,18,0.58895
2026-08-14 15:42:22,AUD/USD,50,5,0.70835
2026-08-14 15:42:32,GBP/USD,55,10,1.35340
2026-08-14 15:42:42,EUR/USD,46,10,1.15670
2026-08-14 15:42:53,NZD/USD,31,18,0.58871
2026-08-14 15:58:03,AUD/USD,50,5,0.70836
2026-08-14 15:58:13,GBP/USD,55,10,1.35340
2026-08-14 15:58:23,EUR/USD,46,10,1.15678
2026-08-14 15:58:33,NZD/USD,31,18,0.58888
2026-08-14 16:13:44,AUD/USD,50,5,0.70835
2026-08-14 16:13:54,GBP/USD,55,10,1.35340
2026-08-14 16:14:04,EUR/USD,46,10,1.15678
2026-08-14 16:14:14,NZD/USD,31,18,0.58885
2026-08-14 16:29:24,AUD/USD,50,5,0.70832
2026-08-14 16:29:34,GBP/USD,55,10,1.35370
2026-08-14 16:29:44,EUR/USD,46,10,1.15687
2026-08-14 16:29:54,NZD/USD,31,18,0.58887
2026-08-14 16:45:05,AUD/USD,50,5,0.70824
2026-08-14 16:45:15,GBP/USD,55,10,1.35340
2026-08-14 16:45:25,EUR/USD,46,10,1.15681
2026-08-14 16:45:35,NZD/USD,31,18,0.58894
2026-08-16 17:18:59,AUD/USD,50,0,0.70812
2026-08-16 17:19:09,GBP/USD,55,0,1.35350
2026-08-16 17:19:19,EUR/USD,46,0,1.15630
2026-08-16 17:19:29,NZD/USD,26,3,0.58860
2026-08-16 17:34:39,AUD/USD,50,0,0.70782
2026-08-16 17:34:49,GBP/USD,55,0,1.35350
2026-08-16 17:34:59,EUR/USD,46,0,1.15640
2026-08-16 17:35:09,NZD/USD,41,0,0.58868
2026-08-16 17:50:19,AUD/USD,50,0,0.70810
2026-08-16 17:50:29,GBP/USD,55,0,1.35330
2026-08-16 17:50:39,EUR/USD,46,0,1.15635
2026-08-16 17:50:50,NZD/USD,41,0,0.58892
2026-08-16 18:00:35,AUD/USD,50,5,0.70811
2026-08-16 18:00:45,GBP/USD,55,10,1.35290
2026-08-16 18:00:55,EUR/USD,46,10,1.15650
2026-08-16 18:01:05,NZD/USD,41,5,0.58891
2026-08-16 18:16:16,AUD/USD,50,5,0.70836
2026-08-16 18:16:27,GBP/USD,55,10,1.35330
2026-08-16 18:16:37,EUR/USD,46,10,1.15662
2026-08-16 18:16:48,NZD/USD,41,5,0.58884
2026-08-16 18:31:59,AUD/USD,50,5,0.70850
2026-08-16 18:32:09,GBP/USD,55,10,1.35390
2026-08-16 18:32:20,EUR/USD,46,10,1.15696
2026-08-16 18:32:30,NZD/USD,41,5,0.58896
2026-08-16 18:47:41,AUD/USD,50,0,0.70859
2026-08-16 18:47:52,GBP/USD,55,0,1.35400
2026-08-16 18:48:03,EUR/USD,46,0,1.15711
2026-08-16 18:48:13,NZD/USD,41,0,0.58910
2026-08-16 19:03:24,AUD/USD,50,0,0.70886
2026-08-16 19:03:34,GBP/USD,55,0,1.35440
2026-08-16 19:03:44,EUR/USD,46,0,1.15750
2026-08-16 19:03:54,NZD/USD,41,0,0.58929
2026-08-16 19:19:04,AUD/USD,50,0,0.70879
2026-08-16 19:19:14,GBP/USD,55,0,1.35430
2026-08-16 19:19:25,EUR/USD,46,0,1.15744
2026-08-16 19:19:35,NZD/USD,41,0,0.58924
2026-08-16 19:34:45,AUD/USD,50,0,0.70869
2026-08-16 19:34:55,GBP/USD,55,0,1.35420
2026-08-16 19:35:05,EUR/USD,46,0,1.15741
2026-08-16 19:35:15,NZD/USD,41,0,0.58909
2026-08-16 19:50:26,AUD/USD,50,0,0.70874
2026-08-16 19:50:36,GBP/USD,55,0,1.35460
2026-08-16 19:50:46,EUR/USD,46,0,1.15741
2026-08-16 19:50:56,NZD/USD,41,0,0.58912
2026-08-16 20:06:06,AUD/USD,50,0,0.70893
2026-08-16 20:06:16,GBP/USD,55,0,1.35510
2026-08-16 20:06:26,EUR/USD,46,0,1.15779
2026-08-16 20:06:36,NZD/USD,41,0,0.58958
2026-08-16 20:22:02,AUD/USD,50,0,0.70915
2026-08-16 20:22:12,GBP/USD,55,0,1.35520
2026-08-16 20:22:22,EUR/USD,46,0,1.15780
2026-08-16 20:22:32,NZD/USD,46,0,0.59004
2026-08-16 20:37:42,AUD/USD,50,0,0.70940
2026-08-16 20:37:52,GBP/USD,55,0,1.35520
2026-08-16 20:38:02,EUR/USD,46,0,1.15785
2026-08-16 20:38:12,NZD/USD,46,0,0.59054
2026-08-16 20:49:04,AUD/USD,50,0,0.70918
2026-08-16 20:49:14,GBP/USD,55,0,1.35530
2026-08-16 20:49:24,EUR/USD,46,0,1.15790
2026-08-16 20:49:34,NZD/USD,46,0,0.59067
2026-08-16 21:00:39,AUD/USD,50,0,0.70926
2026-08-16 21:00:49,GBP/USD,55,0,1.35550
2026-08-16 21:00:59,EUR/USD,46,0,1.15803
2026-08-16 21:01:09,NZD/USD,46,0,0.59090
2026-08-16 21:18:45,AUD/USD,50,0,0.70908
2026-08-16 21:18:55,GBP/USD,55,0,1.35520
2026-08-16 21:19:05,EUR/USD,46,0,1.15790
2026-08-16 21:19:15,NZD/USD,46,0,0.59044
2026-08-16 21:34:25,AUD/USD,50,0,0.70917
2026-08-16 21:34:35,GBP/USD,55,0,1.35510
2026-08-16 21:34:45,EUR/USD,46,0,1.15785
2026-08-16 21:34:55,NZD/USD,46,0,0.59034
2026-08-17 07:58:05,AUD/USD,50,0,0.71248
2026-08-17 07:58:15,GBP/USD,55,0,1.35570
2026-08-17 07:58:25,EUR/USD,46,0,1.15920
2026-08-17 07:58:35,NZD/USD,46,0,0.59164
2026-08-17 08:03:59,AUD/USD,50,0,0.71263
2026-08-17 08:04:09,GBP/USD,55,0,1.35590
2026-08-17 08:04:19,EUR/USD,46,0,1.15943
2026-08-17 08:04:29,NZD/USD,46,0,0.59179
2026-08-17 08:19:40,AUD/USD,50,0,0.71223
2026-08-17 08:19:50,GBP/USD,55,0,1.35580
2026-08-17 08:20:00,EUR/USD,46,0,1.15908
2026-08-17 08:20:10,NZD/USD,46,0,0.59150
2026-08-17 08:35:20,AUD/USD,50,0,0.71188
2026-08-17 08:35:30,GBP/USD,55,0,1.35550
2026-08-17 08:35:40,EUR/USD,46,0,1.15908
2026-08-17 08:35:50,NZD/USD,46,0,0.59139
2026-08-17 08:51:01,AUD/USD,50,0,0.71175
2026-08-17 08:51:11,GBP/USD,55,0,1.35550
2026-08-17 08:51:21,EUR/USD,46,0,1.15916
2026-08-17 08:51:31,NZD/USD,46,0,0.59122
2026-08-17 09:06:41,AUD/USD,50,0,0.71191
2026-08-17 09:06:51,GBP/USD,55,0,1.35610
2026-08-17 09:07:02,EUR/USD,46,0,1.15973
2026-08-17 09:07:12,NZD/USD,46,0,0.59169
2026-08-17 09:22:22,AUD/USD,50,0,0.71190
2026-08-17 09:22:32,GBP/USD,55,0,1.35660
2026-08-17 09:22:42,EUR/USD,46,0,1.15979
2026-08-17 09:22:52,NZD/USD,46,0,0.59184
2026-08-17 09:38:03,AUD/USD,50,0,0.71133
2026-08-17 09:38:13,GBP/USD,55,0,1.35590
2026-08-17 09:38:23,EUR/USD,46,0,1.15948
2026-08-17 09:38:33,NZD/USD,46,0,0.59144
2026-08-17 09:53:43,AUD/USD,50,0,0.71155
2026-08-17 09:53:53,GBP/USD,55,0,1.35580
2026-08-17 09:54:03,EUR/USD,46,0,1.15938
2026-08-17 09:54:13,NZD/USD,46,0,0.59149
2026-08-17 10:09:24,AUD/USD,50,0,0.71163
2026-08-17 10:09:34,GBP/USD,55,0,1.35640
2026-08-17 10:09:44,EUR/USD,46,0,1.15959
2026-08-17 10:09:54,NZD/USD,46,0,0.59167
2026-08-17 10:25:04,AUD/USD,50,0,0.71217
2026-08-17 10:25:15,GBP/USD,55,0,1.35660
2026-08-17 10:25:25,EUR/USD,46,0,1.15974
2026-08-17 10:25:35,NZD/USD,46,0,0.59184
2026-08-17 10:40:45,AUD/USD,50,0,0.71183
2026-08-17 10:40:55,GBP/USD,55,0,1.35580
2026-08-17 10:41:05,EUR/USD,46,0,1.15894
2026-08-17 10:41:15,NZD/USD,46,0,0.59148
2026-08-17 10:56:26,AUD/USD,50,0,0.71129
2026-08-17 10:56:36,GBP/USD,55,0,1.35520
2026-08-17 10:56:46,EUR/USD,46,0,1.15864
2026-08-17 10:56:56,NZD/USD,46,0,0.59091
2026-08-17 11:12:07,AUD/USD,50,0,0.71119
2026-08-17 11:12:17,GBP/USD,55,0,1.35550
2026-08-17 11:12:27,EUR/USD,46,0,1.15850
2026-08-17 11:12:37,NZD/USD,46,0,0.59090
2026-08-17 11:27:47,AUD/USD,50,0,0.71106
2026-08-17 11:27:57,GBP/USD,55,10,1.35550
2026-08-17 11:28:07,EUR/USD,46,10,1.15835
2026-08-17 11:28:17,NZD/USD,46,10,0.59079
2026-08-17 11:43:28,AUD/USD,50,0,0.71087
2026-08-17 11:43:38,GBP/USD,55,10,1.35540
2026-08-17 11:43:48,EUR/USD,46,10,1.15829
2026-08-17 11:43:58,NZD/USD,46,10,0.59069
2026-08-17 11:59:09,AUD/USD,50,0,0.71113
2026-08-17 11:59:19,GBP/USD,55,0,1.35610
2026-08-17 11:59:29,EUR/USD,46,0,1.15886
2026-08-17 11:59:39,NZD/USD,46,0,0.59082
2026-08-17 12:14:49,AUD/USD,50,0,0.71121
2026-08-17 12:14:59,GBP/USD,55,0,1.35590
2026-08-17 12:15:09,EUR/USD,46,0,1.15877
2026-08-17 12:15:19,NZD/USD,46,0,0.59082
2026-08-17 12:30:30,AUD/USD,50,0,0.71133
2026-08-17 12:30:40,GBP/USD,55,0,1.35620
2026-08-17 12:30:50,EUR/USD,46,0,1.15884
2026-08-17 12:31:00,NZD/USD,46,0,0.59088
2026-08-17 12:46:10,AUD/USD,50,0,0.71130
2026-08-17 12:46:20,GBP/USD,55,0,1.35600
2026-08-17 12:46:30,EUR/USD,46,0,1.15895
2026-08-17 12:46:40,NZD/USD,46,0,0.59088
2026-08-17 13:01:51,AUD/USD,50,0,0.71122
2026-08-17 13:02:01,GBP/USD,55,0,1.35600
2026-08-17 13:02:11,EUR/USD,46,0,1.15890
2026-08-17 13:02:21,NZD/USD,46,0,0.59079
2026-08-17 13:17:32,AUD/USD,50,0,0.71102
2026-08-17 13:17:42,GBP/USD,55,10,1.35560
2026-08-17 13:17:52,EUR/USD,46,10,1.15849
2026-08-17 13:18:02,NZD/USD,46,10,0.59054
2026-08-17 13:33:13,AUD/USD,50,0,0.71075
2026-08-17 13:33:23,GBP/USD,55,10,1.35530
2026-08-17 13:33:33,EUR/USD,46,10,1.15831
2026-08-17 13:33:43,NZD/USD,46,10,0.59023
2026-08-17 13:48:54,AUD/USD,50,0,0.71053
2026-08-17 13:49:04,GBP/USD,55,10,1.35460
2026-08-17 13:49:14,EUR/USD,46,10,1.15790
2026-08-17 13:49:24,NZD/USD,46,10,0.59014
2026-08-17 14:04:35,AUD/USD,50,0,0.71049
2026-08-17 14:04:45,GBP/USD,55,10,1.35430
2026-08-17 14:04:55,EUR/USD,46,10,1.15769
2026-08-17 14:05:05,NZD/USD,46,10,0.59002
2026-08-17 14:20:16,AUD/USD,50,0,0.71049
2026-08-17 14:20:26,GBP/USD,55,10,1.35440
2026-08-17 14:20:36,EUR/USD,46,10,1.15765
2026-08-17 14:20:46,NZD/USD,46,10,0.59010
2026-08-17 17:25:16,AUD/USD,50,0,0.71038
2026-08-17 17:25:27,GBP/USD,55,10,1.35410
2026-08-17 17:25:37,EUR/USD,46,10,1.15759
2026-08-17 17:25:47,NZD/USD,46,10,0.58964
2026-08-17 18:32:28,AUD/USD,50,0,0.71052
2026-08-17 18:32:38,GBP/USD,55,10,1.35430
2026-08-17 18:32:48,EUR/USD,46,10,1.15790
2026-08-17 18:32:59,NZD/USD,46,10,0.59014
2026-08-17 18:48:09,AUD/USD,50,0,0.71056
2026-08-17 18:48:19,GBP/USD,55,10,1.35440
2026-08-17 18:48:29,EUR/USD,46,10,1.15791
2026-08-17 18:48:39,NZD/USD,46,10,0.59030
2026-08-17 18:54:46,AUD/USD,50,0,0.71048
2026-08-17 18:54:57,GBP/USD,55,10,1.35430
2026-08-17 18:55:07,EUR/USD,46,10,1.15785
2026-08-17 18:55:17,NZD/USD,46,10,0.59020
2026-08-17 19:10:27,AUD/USD,50,0,0.71066
2026-08-17 19:10:37,GBP/USD,55,10,1.35460
2026-08-17 19:10:48,EUR/USD,46,10,1.15799
2026-08-17 19:10:58,NZD/USD,46,10,0.59037
2026-08-17 19:26:08,AUD/USD,50,0,0.71066
2026-08-17 19:26:18,GBP/USD,55,10,1.35460
2026-08-17 19:26:29,EUR/USD,46,10,1.15810
2026-08-17 19:26:39,NZD/USD,46,10,0.59053
2026-08-17 19:41:49,AUD/USD,50,0,0.71070
2026-08-17 19:42:00,GBP/USD,55,10,1.35490
2026-08-17 19:42:10,EUR/USD,46,10,1.15811
2026-08-17 19:42:20,NZD/USD,46,10,0.59039
2026-08-17 19:57:30,AUD/USD,50,0,0.71073
2026-08-17 19:57:40,GBP/USD,55,10,1.35490
2026-08-17 19:57:50,EUR/USD,46,10,1.15822
2026-08-17 19:58:01,NZD/USD,46,10,0.59044
2026-08-17 20:13:11,AUD/USD,50,0,0.71082
2026-08-17 20:13:21,GBP/USD,55,10,1.35510
2026-08-17 20:13:31,EUR/USD,46,10,1.15819
2026-08-17 20:13:41,NZD/USD,46,10,0.59051
2026-08-17 21:52:30,AUD/USD,50,0,0.71083
2026-08-17 21:52:40,GBP/USD,55,10,1.35470
2026-08-17 21:52:50,EUR/USD,46,10,1.15809
2026-08-17 21:53:00,NZD/USD,46,10,0.58969
2026-08-17 22:08:11,AUD/USD,50,0,0.71072
2026-08-17 22:08:21,GBP/USD,55,10,1.35470
2026-08-17 22:08:31,EUR/USD,46,10,1.15785
2026-08-17 22:08:42,NZD/USD,46,10,0.58962
2026-08-17 22:23:52,AUD/USD,50,0,0.71059
2026-08-17 22:24:02,GBP/USD,55,10,1.35430
2026-08-17 22:24:12,EUR/USD,46,10,1.15760
2026-08-17 22:24:23,NZD/USD,46,10,0.58952
2026-08-17 22:39:33,AUD/USD,50,0,0.71081
2026-08-17 22:39:43,GBP/USD,55,10,1.35420
2026-08-17 22:39:53,EUR/USD,46,10,1.15760
2026-08-17 22:40:03,NZD/USD,46,10,0.58947
2026-08-17 22:55:14,AUD/USD,50,0,0.71110
2026-08-17 22:55:24,GBP/USD,55,10,1.35460
2026-08-17 22:55:34,EUR/USD,46,10,1.15795
2026-08-17 22:55:44,NZD/USD,46,10,0.58961
2026-08-18 08:02:10,AUD/USD,50,0,0.71099
2026-08-18 08:02:20,GBP/USD,47,10,1.35250
2026-08-18 08:02:30,EUR/USD,46,10,1.15755
2026-08-18 08:02:40,NZD/USD,23,18,0.58816
2026-08-18 08:17:50,AUD/USD,50,0,0.71105
2026-08-18 08:18:00,GBP/USD,55,10,1.35260
2026-08-18 08:18:10,EUR/USD,46,10,1.15757
2026-08-18 08:18:20,NZD/USD,46,10,0.58844
2026-08-18 08:33:31,AUD/USD,50,0,0.71106
2026-08-18 08:33:41,GBP/USD,47,10,1.35260
2026-08-18 08:33:51,EUR/USD,46,10,1.15729
2026-08-18 08:34:01,NZD/USD,46,10,0.58845
2026-08-18 08:49:11,AUD/USD,50,0,0.71111
2026-08-18 08:49:22,GBP/USD,55,10,1.35290
2026-08-18 08:49:32,EUR/USD,46,10,1.15754
2026-08-18 08:49:42,NZD/USD,46,10,0.58864
2026-08-18 09:04:52,AUD/USD,50,0,0.71139
2026-08-18 09:05:02,GBP/USD,55,10,1.35360
2026-08-18 09:05:12,EUR/USD,46,10,1.15793
2026-08-18 09:05:22,NZD/USD,46,10,0.58912
2026-08-18 09:20:33,AUD/USD,50,0,0.71129
2026-08-18 09:20:44,GBP/USD,55,10,1.35350
2026-08-18 09:20:54,EUR/USD,46,10,1.15764
2026-08-18 09:21:04,NZD/USD,46,10,0.58874
2026-08-18 09:36:14,AUD/USD,50,0,0.71159
2026-08-18 09:36:24,GBP/USD,55,10,1.35370
2026-08-18 09:36:34,EUR/USD,46,10,1.15802
2026-08-18 09:36:44,NZD/USD,46,10,0.58903
2026-08-18 09:51:55,AUD/USD,50,0,0.71116
2026-08-18 09:52:05,GBP/USD,55,10,1.35360
2026-08-18 09:52:15,EUR/USD,46,10,1.15802
2026-08-18 09:52:25,NZD/USD,46,10,0.58896
2026-08-18 12:18:44,AUD/USD,50,5,0.70952
2026-08-18 12:18:54,GBP/USD,55,10,1.35440
2026-08-18 12:19:04,EUR/USD,46,10,1.15839
2026-08-18 12:19:14,NZD/USD,23,18,0.58792
2026-08-18 12:34:24,AUD/USD,50,5,0.70913
2026-08-18 12:34:34,GBP/USD,55,10,1.35420
2026-08-18 12:34:44,EUR/USD,46,10,1.15796
2026-08-18 12:34:54,NZD/USD,23,18,0.58765
2026-08-18 12:50:05,AUD/USD,50,5,0.70927
2026-08-18 12:50:15,GBP/USD,55,10,1.35440
2026-08-18 12:50:25,EUR/USD,46,10,1.15814
2026-08-18 12:50:35,NZD/USD,23,18,0.58767
2026-08-18 13:05:46,AUD/USD,42,5,0.70900
2026-08-18 13:05:56,GBP/USD,55,10,1.35370
2026-08-18 13:06:06,EUR/USD,46,10,1.15769
2026-08-18 13:06:16,NZD/USD,23,18,0.58744
2026-08-18 13:21:26,AUD/USD,50,5,0.70904
2026-08-18 13:21:36,GBP/USD,55,10,1.35360
2026-08-18 13:21:46,EUR/USD,46,10,1.15777
2026-08-18 13:21:56,NZD/USD,23,18,0.58762
2026-08-18 13:37:07,AUD/USD,42,5,0.70876
2026-08-18 13:37:17,GBP/USD,55,10,1.35330
2026-08-18 13:37:27,EUR/USD,46,10,1.15748
2026-08-18 13:37:37,NZD/USD,23,18,0.58733
2026-08-18 13:52:47,AUD/USD,42,5,0.70870
2026-08-18 13:52:57,GBP/USD,55,10,1.35340
2026-08-18 13:53:07,EUR/USD,46,10,1.15760
2026-08-18 13:53:17,NZD/USD,23,18,0.58734
2026-08-18 14:08:28,AUD/USD,42,5,0.70846
2026-08-18 14:08:38,GBP/USD,55,10,1.35330
2026-08-18 14:08:48,EUR/USD,46,10,1.15755
2026-08-18 14:08:58,NZD/USD,23,18,0.58730
2026-08-18 14:18:00,AUD/USD,42,5,0.70860
2026-08-18 14:18:10,GBP/USD,55,10,1.35350
2026-08-18 14:18:20,EUR/USD,46,10,1.15776
2026-08-18 14:18:30,NZD/USD,23,18,0.58748
2026-08-18 14:33:41,AUD/USD,42,5,0.70840
2026-08-18 14:33:51,GBP/USD,55,10,1.35360
2026-08-18 14:34:01,EUR/USD,46,10,1.15764
2026-08-18 14:34:11,NZD/USD,23,18,0.58722
2026-08-18 14:49:21,AUD/USD,42,5,0.70831
2026-08-18 14:49:31,GBP/USD,55,10,1.35320
2026-08-18 14:49:41,EUR/USD,46,10,1.15744
2026-08-18 14:49:52,NZD/USD,23,18,0.58715
2026-08-18 15:05:02,AUD/USD,42,5,0.70838
2026-08-18 15:05:12,GBP/USD,55,10,1.35330
2026-08-18 15:05:22,EUR/USD,46,10,1.15751
2026-08-18 15:05:32,NZD/USD,23,18,0.58715
2026-08-18 15:20:42,AUD/USD,42,5,0.70845
2026-08-18 15:20:53,GBP/USD,55,10,1.35350
2026-08-18 15:21:03,EUR/USD,46,10,1.15763
2026-08-18 15:21:13,NZD/USD,23,18,0.58729
2026-08-18 15:36:23,AUD/USD,42,5,0.70856
2026-08-18 15:36:33,GBP/USD,55,10,1.35350
2026-08-18 15:36:43,EUR/USD,46,10,1.15777
2026-08-18 15:36:53,NZD/USD,23,18,0.58750
2026-08-18 15:52:04,AUD/USD,42,5,0.70856
2026-08-18 15:52:14,GBP/USD,55,10,1.35350
2026-08-18 15:52:24,EUR/USD,46,10,1.15776
2026-08-18 15:52:34,NZD/USD,23,18,0.58740
2026-08-18 16:07:44,AUD/USD,42,5,0.70828
2026-08-18 16:07:54,GBP/USD,47,10,1.35300
2026-08-18 16:08:04,EUR/USD,46,10,1.15718
2026-08-18 16:08:15,NZD/USD,23,18,0.58720
2026-08-18 16:23:25,AUD/USD,42,5,0.70828
2026-08-18 16:23:35,GBP/USD,47,10,1.35290
2026-08-18 16:23:45,EUR/USD,46,10,1.15730
2026-08-18 16:23:55,NZD/USD,23,18,0.58709
2026-08-18 16:39:05,AUD/USD,42,5,0.70840
2026-08-18 16:39:15,GBP/USD,47,10,1.35320
2026-08-18 16:39:25,EUR/USD,46,10,1.15741
2026-08-18 16:39:35,NZD/USD,23,18,0.58712
2026-08-18 16:54:46,AUD/USD,42,5,0.70850
2026-08-18 16:54:56,GBP/USD,47,10,1.35320
2026-08-18 16:55:06,EUR/USD,46,10,1.15741
2026-08-18 16:55:16,NZD/USD,23,18,0.58737
2026-08-19 00:19:55,AUD/USD,42,5,0.70735
2026-08-19 00:20:05,GBP/USD,55,10,1.35390
2026-08-19 00:20:15,EUR/USD,46,10,1.15833
2026-08-19 00:20:25,NZD/USD,18,13,0.58722
2026-08-19 00:35:35,AUD/USD,42,5,0.70705
2026-08-19 00:35:45,GBP/USD,55,10,1.35400
2026-08-19 00:35:56,EUR/USD,46,10,1.15848
2026-08-19 00:36:06,NZD/USD,18,13,0.58714
2026-08-19 00:51:16,AUD/USD,42,5,0.70680
2026-08-19 00:51:26,GBP/USD,55,10,1.35390
2026-08-19 00:51:36,EUR/USD,46,10,1.15840
2026-08-19 00:51:46,NZD/USD,18,13,0.58690
2026-08-19 08:08:19,AUD/USD,42,0,0.70757
2026-08-19 08:08:29,GBP/USD,55,0,1.35570
2026-08-19 08:08:40,EUR/USD,46,0,1.16050
2026-08-19 08:08:50,NZD/USD,18,3,0.58794
2026-08-19 08:24:00,AUD/USD,42,0,0.70808
2026-08-19 08:24:10,GBP/USD,55,0,1.35630
2026-08-19 08:24:20,EUR/USD,46,0,1.16089
2026-08-19 08:24:30,NZD/USD,26,3,0.58867
2026-08-19 08:39:41,AUD/USD,50,0,0.70951
2026-08-19 08:39:51,GBP/USD,55,0,1.35820
2026-08-19 08:40:01,EUR/USD,46,0,1.16255
2026-08-19 08:40:11,NZD/USD,26,3,0.58966
2026-08-19 08:48:46,AUD/USD,50,0,0.70949
2026-08-19 08:48:56,GBP/USD,55,0,1.35940
2026-08-19 08:49:06,EUR/USD,46,0,1.16331
2026-08-19 08:49:16,NZD/USD,26,3,0.59001
2026-08-19 08:58:15,AUD/USD,50,0,0.71013
2026-08-19 08:58:26,GBP/USD,55,0,1.36030
2026-08-19 08:58:36,EUR/USD,46,0,1.16386
2026-08-19 08:58:46,NZD/USD,41,0,0.59020
2026-08-19 09:28:56,AUD/USD,50,0,0.71175
2026-08-19 09:29:06,GBP/USD,55,0,1.36170
2026-08-19 09:29:16,EUR/USD,46,0,1.16487
2026-08-19 09:29:26,NZD/USD,41,0,0.59188
2026-08-19 09:59:37,AUD/USD,50,0,0.71189
2026-08-19 09:59:47,GBP/USD,55,0,1.36200
2026-08-19 09:59:57,EUR/USD,46,0,1.16572
2026-08-19 10:00:08,NZD/USD,46,0,0.59256
2026-08-19 10:30:18,AUD/USD,50,0,0.71254
2026-08-19 10:30:28,GBP/USD,55,0,1.36230
2026-08-19 10:30:38,EUR/USD,46,0,1.16722
2026-08-19 10:30:49,NZD/USD,46,0,0.59307
2026-08-19 11:00:59,AUD/USD,50,0,0.71193
2026-08-19 11:01:09,GBP/USD,55,0,1.36090
2026-08-19 11:01:19,EUR/USD,46,0,1.16637
2026-08-19 11:01:29,NZD/USD,46,0,0.59270
2026-08-19 11:31:40,AUD/USD,50,0,0.71221
2026-08-19 11:31:50,GBP/USD,55,0,1.36080
2026-08-19 11:32:00,EUR/USD,46,0,1.16607
2026-08-19 11:32:10,NZD/USD,46,0,0.59289
2026-08-19 12:02:20,AUD/USD,50,0,0.71224
2026-08-19 12:02:31,GBP/USD,55,0,1.36050
2026-08-19 12:02:41,EUR/USD,46,0,1.16648
2026-08-19 12:02:51,NZD/USD,46,0,0.59285
2026-08-19 12:33:01,AUD/USD,50,0,0.71247
2026-08-19 12:33:11,GBP/USD,55,0,1.36110
2026-08-19 12:33:21,EUR/USD,46,0,1.16697
2026-08-19 12:33:31,NZD/USD,46,0,0.59327
2026-08-19 13:03:42,AUD/USD,50,0,0.71234
2026-08-19 13:03:52,GBP/USD,55,0,1.36110
2026-08-19 13:04:02,EUR/USD,46,0,1.16695
2026-08-19 13:04:13,NZD/USD,46,0,0.59335
2026-08-19 13:34:23,AUD/USD,50,0,0.71177
2026-08-19 13:34:33,GBP/USD,55,0,1.35960
2026-08-19 13:34:44,EUR/USD,46,0,1.16629
2026-08-19 13:34:54,NZD/USD,46,0,0.59278
2026-08-19 14:05:04,AUD/USD,50,0,0.71203
2026-08-19 14:05:14,GBP/USD,55,0,1.36000
2026-08-19 14:05:24,EUR/USD,46,0,1.16689
2026-08-19 14:05:34,NZD/USD,46,0,0.59318
2026-08-19 14:28:01,AUD/USD,50,0,0.71131
2026-08-19 14:28:11,GBP/USD,55,0,1.35920
2026-08-19 14:28:21,EUR/USD,46,0,1.16613
2026-08-19 14:28:31,NZD/USD,46,0,0.59262
2026-08-19 14:58:41,AUD/USD,50,0,0.71220
2026-08-19 14:58:51,GBP/USD,55,0,1.36080
2026-08-19 14:59:01,EUR/USD,46,0,1.16740
2026-08-19 14:59:11,NZD/USD,46,0,0.59356
2026-08-19 15:20:45,AUD/USD,50,0,0.71237
2026-08-19 15:20:55,GBP/USD,55,0,1.36070
2026-08-19 15:21:05,EUR/USD,46,0,1.16750
2026-08-19 15:21:15,NZD/USD,46,0,0.59359
2026-08-19 15:51:26,AUD/USD,50,0,0.71246
2026-08-19 15:51:36,GBP/USD,55,0,1.36070
2026-08-19 15:51:46,EUR/USD,46,0,1.16738
2026-08-19 15:51:56,NZD/USD,46,0,0.59320
2026-08-19 18:06:49,AUD/USD,50,0,0.71246
2026-08-19 18:06:59,GBP/USD,55,0,1.36090
2026-08-19 18:07:09,EUR/USD,46,0,1.16794
2026-08-19 18:07:19,NZD/USD,46,0,0.59340
2026-08-19 18:22:29,AUD/USD,50,0,0.71250
2026-08-19 18:22:39,GBP/USD,55,0,1.36080
2026-08-19 18:22:49,EUR/USD,46,0,1.16776
2026-08-19 18:22:59,NZD/USD,46,0,0.59361
2026-08-19 18:38:10,AUD/USD,50,0,0.71256
2026-08-19 18:38:20,GBP/USD,55,0,1.36060
2026-08-19 18:38:30,EUR/USD,46,0,1.16767
2026-08-19 18:38:40,NZD/USD,46,0,0.59358
2026-08-19 18:53:50,AUD/USD,50,0,0.71260
2026-08-19 18:54:00,GBP/USD,55,0,1.36040
2026-08-19 18:54:10,EUR/USD,46,0,1.16757
2026-08-19 18:54:20,NZD/USD,46,0,0.59360
2026-08-19 19:09:31,AUD/USD,50,0,0.71273
2026-08-19 19:09:41,GBP/USD,55,0,1.36040
2026-08-19 19:09:51,EUR/USD,46,0,1.16759
2026-08-19 19:10:01,NZD/USD,46,0,0.59360
2026-08-19 19:25:12,AUD/USD,50,0,0.71253
2026-08-19 19:25:22,GBP/USD,55,0,1.36030
2026-08-19 19:25:32,EUR/USD,46,0,1.16746
2026-08-19 19:25:42,NZD/USD,46,0,0.59370
2026-08-19 19:40:53,AUD/USD,50,0,0.71235
2026-08-19 19:41:03,GBP/USD,55,0,1.36010
2026-08-19 19:41:13,EUR/USD,46,0,1.16739
2026-08-19 19:41:23,NZD/USD,46,0,0.59365
2026-08-19 19:56:33,AUD/USD,50,0,0.71222
2026-08-19 19:56:43,GBP/USD,55,0,1.36000
2026-08-19 19:56:53,EUR/USD,46,0,1.16730
2026-08-19 19:57:03,NZD/USD,46,0,0.59354
2026-08-19 20:12:14,AUD/USD,50,0,0.71222
2026-08-19 20:12:24,GBP/USD,55,0,1.36010
2026-08-19 20:12:34,EUR/USD,46,0,1.16763
2026-08-19 20:12:44,NZD/USD,46,0,0.59371
2026-08-19 20:20:44,AUD/USD,50,0,0.71235
2026-08-19 20:20:54,GBP/USD,55,0,1.36020
2026-08-19 20:21:04,EUR/USD,46,0,1.16764
2026-08-19 20:21:14,NZD/USD,46,0,0.59370
2026-08-19 20:36:26,AUD/USD,50,0,0.71237
2026-08-19 20:36:37,GBP/USD,55,0,1.36030
2026-08-19 20:36:48,EUR/USD,46,0,1.16761
2026-08-19 20:36:59,NZD/USD,46,0,0.59401
2026-08-19 20:52:10,AUD/USD,50,0,0.71169
2026-08-19 20:52:20,GBP/USD,55,0,1.35980
2026-08-19 20:52:30,EUR/USD,46,0,1.16726
2026-08-19 20:52:40,NZD/USD,46,0,0.59352
2026-08-19 21:07:50,AUD/USD,50,0,0.71159
2026-08-19 21:08:01,GBP/USD,55,0,1.35960
2026-08-19 21:08:11,EUR/USD,46,0,1.16704
2026-08-19 21:08:21,NZD/USD,46,0,0.59338
2026-08-19 21:23:32,AUD/USD,50,0,0.71202
2026-08-19 21:23:42,GBP/USD,55,0,1.36040
2026-08-19 21:23:53,EUR/USD,46,0,1.16768
2026-08-19 21:24:04,NZD/USD,46,0,0.59386
2026-08-19 21:39:15,AUD/USD,50,0,0.71134
2026-08-19 21:39:26,GBP/USD,55,0,1.36050
2026-08-19 21:39:37,EUR/USD,46,0,1.16808
2026-08-19 21:39:48,NZD/USD,46,0,0.59418
2026-08-19 21:49:16,AUD/USD,50,0,0.71122
2026-08-19 21:49:26,GBP/USD,55,0,1.36040
2026-08-19 21:49:36,EUR/USD,46,0,1.16750
2026-08-19 21:49:46,NZD/USD,46,0,0.59421
2026-08-19 22:04:57,AUD/USD,50,0,0.71177
2026-08-19 22:05:07,GBP/USD,55,0,1.36110
2026-08-19 22:05:17,EUR/USD,46,0,1.16812
2026-08-19 22:05:27,NZD/USD,46,0,0.59481
2026-08-19 22:20:37,AUD/USD,50,0,0.71116
2026-08-19 22:20:47,GBP/USD,55,0,1.36020
2026-08-19 22:20:57,EUR/USD,46,0,1.16735
2026-08-19 22:21:07,NZD/USD,46,0,0.59442
2026-08-19 22:36:18,AUD/USD,50,0,0.71121
2026-08-19 22:36:28,GBP/USD,55,0,1.36030
2026-08-19 22:36:38,EUR/USD,46,0,1.16746
2026-08-19 22:36:48,NZD/USD,46,0,0.59466
2026-08-19 22:51:58,AUD/USD,50,0,0.71133
2026-08-19 22:52:08,GBP/USD,55,0,1.36030
2026-08-19 22:52:18,EUR/USD,46,0,1.16749
2026-08-19 22:52:28,NZD/USD,46,0,0.59476
2026-08-19 23:07:38,AUD/USD,50,0,0.71144
2026-08-19 23:07:48,GBP/USD,55,0,1.36050
2026-08-19 23:07:58,EUR/USD,46,0,1.16744
2026-08-19 23:08:08,NZD/USD,46,0,0.59508
2026-08-19 23:23:19,AUD/USD,50,0,0.71172
2026-08-19 23:23:29,GBP/USD,55,0,1.36110
2026-08-19 23:23:39,EUR/USD,46,0,1.16788
2026-08-19 23:23:49,NZD/USD,46,0,0.59523
2026-08-19 23:39:00,AUD/USD,50,0,0.71156
2026-08-19 23:39:10,GBP/USD,55,0,1.36110
2026-08-19 23:39:20,EUR/USD,46,0,1.16761
2026-08-19 23:39:30,NZD/USD,46,0,0.59496
2026-08-19 23:54:40,AUD/USD,50,0,0.71197
2026-08-19 23:54:50,GBP/USD,55,0,1.36130
2026-08-19 23:55:00,EUR/USD,46,0,1.16792
2026-08-19 23:55:10,NZD/USD,46,0,0.59522
2026-08-20 00:10:21,AUD/USD,50,0,0.71228
2026-08-20 00:10:31,GBP/USD,55,0,1.36140
2026-08-20 00:10:41,EUR/USD,46,0,1.16797
2026-08-20 00:10:51,NZD/USD,46,0,0.59554
2026-08-20 00:54:19,AUD/USD,50,0,0.71152
2026-08-20 00:54:29,GBP/USD,55,0,1.36090
2026-08-20 00:54:39,EUR/USD,46,0,1.16762
2026-08-20 00:54:49,NZD/USD,46,0,0.59523
2026-08-20 00:54:59,US500,50,15,7707.98000
2026-08-20 08:03:28,AUD/USD,50,0,0.71072
2026-08-20 08:03:38,GBP/USD,55,0,1.36310
2026-08-20 08:03:48,EUR/USD,46,0,1.16826
2026-08-20 08:03:58,NZD/USD,46,0,0.59454
2026-08-20 08:04:08,US500,50,15,7707.98000
2026-08-20 08:19:22,AUD/USD,50,0,0.71060
2026-08-20 08:19:32,GBP/USD,55,0,1.36370
2026-08-20 08:19:43,EUR/USD,46,0,1.16867
2026-08-20 08:19:53,NZD/USD,46,0,0.59464
2026-08-20 08:20:03,US500,50,15,7707.98000
2026-08-20 08:35:17,AUD/USD,50,0,0.71082
2026-08-20 08:35:27,GBP/USD,55,0,1.36310
2026-08-20 08:35:37,EUR/USD,46,0,1.16837
2026-08-20 08:35:47,NZD/USD,46,0,0.59465
2026-08-20 08:35:57,US500,50,15,7707.98000
2026-08-20 08:51:11,AUD/USD,50,0,0.71158
2026-08-20 08:51:21,GBP/USD,55,0,1.36380
2026-08-20 08:51:31,EUR/USD,46,0,1.16876
2026-08-20 08:51:41,NZD/USD,46,0,0.59525
2026-08-20 08:51:52,US500,50,15,7707.98000
2026-08-20 09:07:05,AUD/USD,50,0,0.71212
2026-08-20 09:07:15,GBP/USD,55,0,1.36510
2026-08-20 09:07:25,EUR/USD,46,0,1.16922
2026-08-20 09:07:35,NZD/USD,46,0,0.59581
2026-08-20 09:07:45,US500,50,15,7707.98000
2026-08-20 09:22:59,AUD/USD,50,0,0.71196
2026-08-20 09:23:09,GBP/USD,55,0,1.36430
2026-08-20 09:23:19,EUR/USD,46,0,1.16867
2026-08-20 09:23:30,NZD/USD,46,0,0.59564
2026-08-20 09:23:40,US500,50,15,7707.98000
2026-08-20 09:38:53,AUD/USD,50,0,0.71229
2026-08-20 09:39:03,GBP/USD,55,0,1.36410
2026-08-20 09:39:14,EUR/USD,46,0,1.16848
2026-08-20 09:39:24,NZD/USD,46,0,0.59561
2026-08-20 09:39:34,US500,50,15,7707.98000
2026-08-20 09:54:47,AUD/USD,50,0,0.71160
2026-08-20 09:54:58,GBP/USD,55,0,1.36350
2026-08-20 09:55:08,EUR/USD,46,0,1.16784
2026-08-20 09:55:18,NZD/USD,46,0,0.59534
2026-08-20 09:55:28,US500,27,23,7694.72000
2026-08-20 10:10:41,AUD/USD,50,0,0.71188
2026-08-20 10:10:51,GBP/USD,55,0,1.36330
2026-08-20 10:11:01,EUR/USD,46,0,1.16733
2026-08-20 10:11:12,NZD/USD,46,0,0.59498
2026-08-20 10:11:22,US500,27,23,7685.53000
2026-08-20 10:26:35,AUD/USD,50,0,0.71192
2026-08-20 10:26:45,GBP/USD,55,0,1.36350
2026-08-20 10:26:56,EUR/USD,46,0,1.16790
2026-08-20 10:27:06,NZD/USD,46,0,0.59512
2026-08-20 10:27:16,US500,47,23,7674.98000
2026-08-20 10:42:29,AUD/USD,50,0,0.71219
2026-08-20 10:42:39,GBP/USD,55,0,1.36320
2026-08-20 10:42:49,EUR/USD,46,0,1.16804
2026-08-20 10:42:59,NZD/USD,46,0,0.59532
2026-08-20 10:43:09,US500,47,23,7683.19000
2026-08-20 10:58:23,AUD/USD,50,0,0.71212
2026-08-20 10:58:33,GBP/USD,55,0,1.36310
2026-08-20 10:58:43,EUR/USD,46,0,1.16823
2026-08-20 10:58:53,NZD/USD,46,0,0.59495
2026-08-20 10:59:03,US500,27,23,7687.25000
2026-08-20 11:14:17,AUD/USD,50,0,0.71214
2026-08-20 11:14:27,GBP/USD,55,0,1.36360
2026-08-20 11:14:37,EUR/USD,46,0,1.16830
2026-08-20 11:14:47,NZD/USD,46,0,0.59517
2026-08-20 11:14:57,US500,27,23,7699.24000
2026-08-20 11:30:11,AUD/USD,50,0,0.71252
2026-08-20 11:30:21,GBP/USD,55,0,1.36430
2026-08-20 11:30:31,EUR/USD,46,0,1.16837
2026-08-20 11:30:41,NZD/USD,46,0,0.59525
2026-08-20 11:30:51,US500,27,23,7684.45000
2026-08-20 11:46:05,AUD/USD,50,0,0.71155
2026-08-20 11:46:15,GBP/USD,55,0,1.36290
2026-08-20 11:46:26,EUR/USD,46,0,1.16726
2026-08-20 11:46:36,NZD/USD,46,0,0.59402
2026-08-20 11:46:46,US500,47,23,7676.77000
2026-08-20 12:02:00,AUD/USD,50,0,0.71182
2026-08-20 12:02:10,GBP/USD,55,0,1.36350
2026-08-20 12:02:20,EUR/USD,46,0,1.16788
2026-08-20 12:02:30,NZD/USD,46,0,0.59466
2026-08-20 12:02:40,US500,47,23,7678.75000
2026-08-20 12:17:54,AUD/USD,50,0,0.71151
2026-08-20 12:18:04,GBP/USD,55,0,1.36310
2026-08-20 12:18:14,EUR/USD,46,0,1.16742
2026-08-20 12:18:24,NZD/USD,46,0,0.59431
2026-08-20 12:18:34,US500,47,23,7674.85000
2026-08-20 12:33:48,AUD/USD,50,0,0.71124
2026-08-20 12:33:58,GBP/USD,55,0,1.36250
2026-08-20 12:34:08,EUR/USD,46,0,1.16711
2026-08-20 12:34:18,NZD/USD,46,0,0.59408
2026-08-20 12:34:28,US500,47,23,7676.99000
2026-08-20 12:49:41,AUD/USD,50,0,0.71125
2026-08-20 12:49:51,GBP/USD,55,0,1.36300
2026-08-20 12:50:01,EUR/USD,46,0,1.16728
2026-08-20 12:50:11,NZD/USD,46,0,0.59422
2026-08-20 12:50:21,US500,47,23,7682.44000
2026-08-20 13:05:35,AUD/USD,50,0,0.71124
2026-08-20 13:05:46,GBP/USD,55,0,1.36290
2026-08-20 13:05:56,EUR/USD,46,0,1.16739
2026-08-20 13:06:06,NZD/USD,46,0,0.59412
2026-08-20 13:06:16,US500,47,23,7679.90000
2026-08-20 13:21:30,AUD/USD,50,0,0.71113
2026-08-20 13:21:40,GBP/USD,55,0,1.36240
2026-08-20 13:21:50,EUR/USD,46,0,1.16709
2026-08-20 13:22:00,NZD/USD,46,0,0.59403
2026-08-20 13:22:10,US500,47,23,7676.21000
2026-08-20 13:37:24,AUD/USD,50,0,0.71113
2026-08-20 13:37:34,GBP/USD,55,0,1.36240
2026-08-20 13:37:44,EUR/USD,46,0,1.16722
2026-08-20 13:37:55,NZD/USD,46,0,0.59400
2026-08-20 13:38:05,US500,47,23,7666.01000
2026-08-20 13:53:19,AUD/USD,50,0,0.71122
2026-08-20 13:53:29,GBP/USD,55,0,1.36260
2026-08-20 13:53:39,EUR/USD,46,0,1.16732
2026-08-20 13:53:49,NZD/USD,46,0,0.59419
2026-08-20 13:53:59,US500,47,23,7661.54000
2026-08-20 14:09:13,AUD/USD,50,0,0.71091
2026-08-20 14:09:23,GBP/USD,55,0,1.36250
2026-08-20 14:09:33,EUR/USD,46,0,1.16736
2026-08-20 14:09:43,NZD/USD,46,0,0.59395
2026-08-20 14:09:53,US500,47,23,7664.72000
2026-08-20 14:25:07,AUD/USD,50,0,0.71074
2026-08-20 14:25:17,GBP/USD,55,0,1.36220
2026-08-20 14:25:27,EUR/USD,46,0,1.16720
2026-08-20 14:25:37,NZD/USD,46,0,0.59375
2026-08-20 14:25:47,US500,43,23,7653.39000
2026-08-20 14:41:01,AUD/USD,50,0,0.71091
2026-08-20 14:41:11,GBP/USD,55,0,1.36250
2026-08-20 14:41:21,EUR/USD,46,0,1.16740
2026-08-20 14:41:31,NZD/USD,46,0,0.59398
2026-08-20 14:41:41,US500,43,23,7653.23000
2026-08-20 14:56:55,AUD/USD,50,0,0.71104
2026-08-20 14:57:05,GBP/USD,55,0,1.36270
2026-08-20 14:57:15,EUR/USD,46,0,1.16755
2026-08-20 14:57:25,NZD/USD,46,0,0.59408
2026-08-20 14:57:35,US500,43,23,7652.55000
2026-08-20 15:12:49,AUD/USD,50,0,0.71106
2026-08-20 15:12:59,GBP/USD,55,0,1.36290
2026-08-20 15:13:09,EUR/USD,46,0,1.16753
2026-08-20 15:13:19,NZD/USD,46,0,0.59410
2026-08-20 15:13:29,US500,43,23,7651.95000
2026-08-20 15:28:42,AUD/USD,50,0,0.71115
2026-08-20 15:28:52,GBP/USD,55,0,1.36300
2026-08-20 15:29:02,EUR/USD,46,0,1.16768
2026-08-20 15:29:12,NZD/USD,46,0,0.59415
2026-08-20 17:52:20,AUD/USD,50,0,0.71081
2026-08-20 17:52:30,GBP/USD,55,0,1.36260
2026-08-20 17:52:40,EUR/USD,46,0,1.16770
2026-08-20 17:52:50,NZD/USD,46,0,0.59398
2026-08-20 17:53:00,US500,43,23,7641.16000
2026-08-20 18:46:59,AUD/USD,50,0,0.71145
2026-08-20 18:47:09,GBP/USD,55,0,1.36340
2026-08-20 18:47:19,EUR/USD,46,0,1.16819
2026-08-20 18:47:29,NZD/USD,46,0,0.59448
2026-08-20 18:47:39,US500,43,23,7641.16000
2026-08-20 19:02:52,AUD/USD,50,0,0.71161
2026-08-20 19:03:02,GBP/USD,55,0,1.36380
2026-08-20 19:03:13,EUR/USD,46,0,1.16844
2026-08-20 19:03:23,NZD/USD,46,0,0.59470
2026-08-20 19:03:32,US500,43,23,7641.16000
2026-08-20 19:18:46,AUD/USD,50,0,0.71166
2026-08-20 19:18:56,GBP/USD,55,0,1.36400
2026-08-20 19:19:06,EUR/USD,46,0,1.16865
2026-08-20 19:19:16,NZD/USD,46,0,0.59476
2026-08-20 19:19:26,US500,43,23,7641.16000
2026-08-20 19:34:40,AUD/USD,50,0,0.71172
2026-08-20 19:34:50,GBP/USD,55,0,1.36380
2026-08-20 19:35:00,EUR/USD,46,0,1.16841
2026-08-20 19:35:10,NZD/USD,46,0,0.59490
2026-08-20 19:35:20,US500,43,23,7641.16000
2026-08-20 19:50:34,AUD/USD,50,5,0.71185
2026-08-20 19:50:44,GBP/USD,55,0,1.36420
2026-08-20 19:50:54,EUR/USD,46,0,1.16863
2026-08-20 19:51:04,NZD/USD,46,0,0.59513
2026-08-20 19:51:14,US500,43,23,7641.16000
2026-08-20 20:06:28,AUD/USD,50,5,0.71211
2026-08-20 20:06:38,GBP/USD,55,0,1.36390
2026-08-20 20:06:48,EUR/USD,46,0,1.16845
2026-08-20 20:06:58,NZD/USD,46,0,0.59522
2026-08-20 20:07:08,US500,43,23,7641.16000
2026-08-20 20:22:21,AUD/USD,50,5,0.71241
2026-08-20 20:22:31,GBP/USD,55,0,1.36450
2026-08-20 20:22:41,EUR/USD,46,0,1.16888
2026-08-20 20:22:51,NZD/USD,46,0,0.59574
2026-08-20 20:23:01,US500,43,23,7641.16000
2026-08-20 22:03:19,AUD/USD,50,0,0.71344
2026-08-20 22:03:29,GBP/USD,55,0,1.36450
2026-08-20 22:03:39,EUR/USD,46,0,1.16912
2026-08-20 22:03:49,NZD/USD,55,0,0.59679
2026-08-20 22:03:59,US500,43,23,7641.16000
2026-08-20 22:19:13,AUD/USD,50,0,0.71349
2026-08-20 22:19:23,GBP/USD,55,0,1.36430
2026-08-20 22:19:33,EUR/USD,46,0,1.16913
2026-08-20 22:19:44,NZD/USD,55,0,0.59680
2026-08-20 22:19:54,US500,43,23,7641.16000
2026-08-20 22:35:08,AUD/USD,50,0,0.71376
2026-08-20 22:35:18,GBP/USD,55,0,1.36480
2026-08-20 22:35:28,EUR/USD,46,0,1.16946
2026-08-20 22:35:38,NZD/USD,55,0,0.59720
2026-08-20 22:35:48,US500,43,23,7641.16000
2026-08-20 23:18:49,AUD/USD,50,0,0.71410
2026-08-20 23:18:59,GBP/USD,55,0,1.36490
2026-08-20 23:19:09,EUR/USD,46,0,1.16964
2026-08-20 23:19:19,NZD/USD,55,0,0.59686
2026-08-20 23:19:29,US500,43,23,7641.16000
2026-08-20 23:34:43,AUD/USD,50,0,0.71396
2026-08-20 23:34:53,GBP/USD,55,0,1.36460
2026-08-20 23:35:03,EUR/USD,46,0,1.16944
2026-08-20 23:35:13,NZD/USD,55,0,0.59664
2026-08-20 23:35:23,US500,43,23,7641.16000
2026-08-20 23:50:37,AUD/USD,50,0,0.71409
2026-08-20 23:50:47,GBP/USD,55,0,1.36440
2026-08-20 23:50:57,EUR/USD,46,0,1.16916
2026-08-20 23:51:07,NZD/USD,55,0,0.59680
2026-08-20 23:51:17,US500,43,23,7641.16000
2026-08-21 08:07:13,AUD/USD,50,0,0.71684
2026-08-21 08:07:23,GBP/USD,55,0,1.36580
2026-08-21 08:07:33,EUR/USD,46,0,1.17025
2026-08-21 08:07:43,NZD/USD,55,0,0.59875
2026-08-21 08:07:53,US500,43,23,7641.16000
2026-08-21 08:23:06,AUD/USD,50,0,0.71666
2026-08-21 08:23:17,GBP/USD,55,0,1.36560
2026-08-21 08:23:27,EUR/USD,46,0,1.16953
2026-08-21 08:23:37,NZD/USD,55,0,0.59846
2026-08-21 08:23:47,US500,43,23,7641.16000
2026-08-21 08:39:01,AUD/USD,50,0,0.71617
2026-08-21 08:39:11,GBP/USD,55,0,1.36350
2026-08-21 08:39:21,EUR/USD,46,0,1.16865
2026-08-21 08:39:31,NZD/USD,55,0,0.59787
2026-08-21 08:39:41,US500,43,23,7641.16000
2026-08-21 08:54:55,AUD/USD,50,0,0.71650
2026-08-21 08:55:05,GBP/USD,55,0,1.36420
2026-08-21 08:55:15,EUR/USD,46,0,1.16889
2026-08-21 08:55:25,NZD/USD,55,0,0.59809
2026-08-21 08:55:35,US500,43,23,7641.16000
2026-08-21 09:10:49,AUD/USD,50,0,0.71645
2026-08-21 09:10:59,GBP/USD,55,0,1.36380
2026-08-21 09:11:09,EUR/USD,46,0,1.16866
2026-08-21 09:11:19,NZD/USD,55,0,0.59792
2026-08-21 09:11:29,US500,43,23,7641.16000
2026-08-21 10:45:56,AUD/USD,50,0,0.71608
2026-08-21 10:46:06,GBP/USD,55,0,1.36240
2026-08-21 10:46:16,EUR/USD,46,0,1.16724
2026-08-21 10:46:26,NZD/USD,55,0,0.59682
2026-08-21 10:46:36,US500,47,23,7662.14000
2026-08-21 11:01:50,AUD/USD,50,0,0.71641
2026-08-21 11:02:00,GBP/USD,55,0,1.36250
2026-08-21 11:02:10,EUR/USD,46,0,1.16727
2026-08-21 11:02:20,NZD/USD,55,0,0.59712
2026-08-21 11:02:30,US500,55,23,7668.01000
2026-08-21 11:17:44,AUD/USD,50,0,0.71657
2026-08-21 11:17:54,GBP/USD,55,0,1.36240
2026-08-21 11:18:04,EUR/USD,46,0,1.16739
2026-08-21 11:18:14,NZD/USD,55,0,0.59734
2026-08-21 11:18:24,US500,55,23,7680.00000
2026-08-21 11:33:38,AUD/USD,50,0,0.71717
2026-08-21 11:33:48,GBP/USD,55,0,1.36340
2026-08-21 11:33:58,EUR/USD,46,0,1.16771
2026-08-21 11:34:08,NZD/USD,55,0,0.59771
2026-08-21 11:34:18,US500,55,23,7677.02000
2026-08-21 11:49:32,AUD/USD,50,0,0.71734
2026-08-21 11:49:42,GBP/USD,55,0,1.36350
2026-08-21 11:49:52,EUR/USD,46,0,1.16793
2026-08-21 11:50:02,NZD/USD,55,0,0.59797
2026-08-21 11:50:13,US500,55,23,7689.00000
2026-08-21 12:05:26,AUD/USD,50,0,0.71760
2026-08-21 12:05:36,GBP/USD,55,0,1.36410
2026-08-21 12:05:46,EUR/USD,46,0,1.16834
2026-08-21 12:05:56,NZD/USD,55,0,0.59815
2026-08-21 12:06:07,US500,35,23,7693.86000
2026-08-21 12:21:20,AUD/USD,50,0,0.71753
2026-08-21 12:21:30,GBP/USD,55,0,1.36440
2026-08-21 12:21:40,EUR/USD,46,0,1.16844
2026-08-21 12:21:51,NZD/USD,55,0,0.59805
2026-08-21 12:22:01,US500,55,23,7683.66000
2026-08-21 12:37:15,AUD/USD,50,0,0.71716
2026-08-21 12:37:25,GBP/USD,55,0,1.36420
2026-08-21 12:37:35,EUR/USD,46,0,1.16824
2026-08-21 12:37:45,NZD/USD,55,0,0.59797
2026-08-21 12:37:55,US500,55,23,7681.88000
2026-08-21 12:53:09,AUD/USD,50,0,0.71716
2026-08-21 12:53:19,GBP/USD,55,0,1.36410
2026-08-21 12:53:29,EUR/USD,46,0,1.16819
2026-08-21 12:53:39,NZD/USD,55,0,0.59802
2026-08-21 12:53:49,US500,55,23,7682.70000
2026-08-21 13:09:03,AUD/USD,50,0,0.71737
2026-08-21 13:09:13,GBP/USD,55,0,1.36410
2026-08-21 13:09:23,EUR/USD,46,0,1.16786
2026-08-21 13:09:33,NZD/USD,55,0,0.59805
2026-08-21 13:09:43,US500,55,23,7682.63000
2026-08-21 13:24:57,AUD/USD,50,0,0.71737
2026-08-21 13:25:07,GBP/USD,55,0,1.36430
2026-08-21 13:25:17,EUR/USD,46,0,1.16791
2026-08-21 13:25:27,NZD/USD,55,0,0.59804
2026-08-21 13:25:37,US500,55,23,7680.28000
2026-08-21 13:40:51,AUD/USD,50,0,0.71769
2026-08-21 13:41:01,GBP/USD,55,0,1.36470
2026-08-21 13:41:11,EUR/USD,46,0,1.16814
2026-08-21 13:41:21,NZD/USD,55,0,0.59824
2026-08-21 13:41:31,US500,47,23,7676.82000
2026-08-21 13:56:45,AUD/USD,50,0,0.71768
2026-08-21 13:56:55,GBP/USD,55,0,1.36470
2026-08-21 13:57:05,EUR/USD,46,0,1.16798
2026-08-21 13:57:15,NZD/USD,55,0,0.59816
2026-08-21 13:57:25,US500,47,23,7675.80000
2026-08-21 14:12:39,AUD/USD,50,0,0.71787
2026-08-21 14:12:49,GBP/USD,55,0,1.36520
2026-08-21 14:12:59,EUR/USD,46,0,1.16822
2026-08-21 14:13:10,NZD/USD,55,0,0.59837
2026-08-21 14:13:20,US500,47,23,7675.55000
2026-08-21 14:28:34,AUD/USD,50,0,0.71783
2026-08-21 14:28:44,GBP/USD,55,0,1.36510
2026-08-21 14:28:54,EUR/USD,46,0,1.16820
2026-08-21 14:29:04,NZD/USD,55,0,0.59836
2026-08-21 14:29:14,US500,47,23,7672.60000
2026-08-21 14:44:28,AUD/USD,50,0,0.71774
2026-08-21 14:44:38,GBP/USD,55,0,1.36510
2026-08-21 14:44:48,EUR/USD,46,0,1.16827
2026-08-21 14:44:58,NZD/USD,55,0,0.59830
2026-08-21 14:45:09,US500,47,23,7670.17000
2026-08-21 15:00:23,AUD/USD,50,0,0.71787
2026-08-21 15:00:33,GBP/USD,55,0,1.36530
2026-08-21 15:00:34,AUD/USD,50,0,0.71787
2026-08-21 15:00:43,EUR/USD,46,0,1.16826
2026-08-21 15:00:44,GBP/USD,55,0,1.36530
2026-08-21 15:01:11,AUD/USD,50,0,0.71780
2026-08-21 15:01:21,GBP/USD,55,0,1.36510
2026-08-21 15:01:31,EUR/USD,46,0,1.16818
2026-08-21 15:01:41,NZD/USD,55,0,0.59831
2026-08-21 15:01:51,US500,47,23,7676.21000
2026-08-21 15:54:25,AUD/USD,50,0,0.71736
2026-08-21 15:54:35,GBP/USD,55,0,1.36480
2026-08-21 15:54:45,EUR/USD,46,0,1.16785
2026-08-21 15:54:55,NZD/USD,55,0,0.59795
2026-08-21 15:55:05,US500,47,23,7682.72000
2026-08-21 16:10:19,AUD/USD,50,0,0.71720
2026-08-21 16:10:29,GBP/USD,55,0,1.36490
2026-08-21 16:10:39,EUR/USD,46,0,1.16783
2026-08-21 16:10:49,NZD/USD,55,0,0.59799
2026-08-21 16:10:59,US500,47,23,7674.30000
2026-08-21 16:17:08,AUD/USD,50,0,0.71728
2026-08-21 16:17:18,GBP/USD,55,0,1.36470
2026-08-21 16:17:28,EUR/USD,46,0,1.16778
2026-08-21 16:17:38,NZD/USD,55,0,0.59791
2026-08-21 16:17:47,US500,47,23,7674.37000
2026-08-23 17:13:02,AUD/USD,50,0,0.71579
2026-08-23 17:13:12,GBP/USD,55,0,1.36290
2026-08-23 17:13:22,EUR/USD,46,0,1.16758
2026-08-23 17:13:32,NZD/USD,55,0,0.59680
2026-08-23 17:13:42,US500,47,23,7674.37000
2026-08-23 17:28:55,AUD/USD,50,0,0.71627
2026-08-23 17:29:05,GBP/USD,55,0,1.36320
2026-08-23 17:29:16,EUR/USD,46,0,1.16775
2026-08-23 17:29:26,NZD/USD,55,0,0.59740
2026-08-23 17:29:36,US500,47,23,7674.37000
2026-08-23 17:44:50,AUD/USD,50,0,0.71645
2026-08-23 17:45:00,GBP/USD,55,0,1.36360
2026-08-23 17:45:10,EUR/USD,46,0,1.16759
2026-08-23 17:45:20,NZD/USD,55,0,0.59741
2026-08-23 17:45:30,US500,47,23,7674.37000
2026-08-23 18:00:44,AUD/USD,50,0,0.71656
2026-08-23 18:00:54,GBP/USD,55,0,1.36370
2026-08-23 18:01:04,EUR/USD,46,0,1.16739
2026-08-23 18:01:14,NZD/USD,55,0,0.59764
2026-08-23 18:01:25,US500,47,23,7674.37000
2026-08-23 18:16:38,AUD/USD,50,0,0.71695
2026-08-23 18:16:49,GBP/USD,55,0,1.36450
2026-08-23 18:16:59,EUR/USD,46,0,1.16784
2026-08-23 18:17:09,NZD/USD,55,0,0.59763
2026-08-23 18:17:19,US500,47,23,7674.37000
2026-08-23 18:32:33,AUD/USD,50,0,0.71704
2026-08-23 18:32:43,GBP/USD,55,0,1.36450
2026-08-23 18:32:53,EUR/USD,46,0,1.16784
2026-08-23 18:33:03,NZD/USD,55,0,0.59764
2026-08-23 18:33:13,US500,47,23,7674.37000
2026-08-23 18:48:27,AUD/USD,50,0,0.71697
2026-08-23 18:48:37,GBP/USD,55,0,1.36440
2026-08-23 18:48:47,EUR/USD,46,0,1.16753
2026-08-23 18:48:57,NZD/USD,55,0,0.59736
2026-08-23 18:49:07,US500,47,23,7674.37000
2026-08-23 19:04:21,AUD/USD,50,0,0.71683
2026-08-23 19:04:31,GBP/USD,55,0,1.36430
2026-08-23 19:04:41,EUR/USD,46,0,1.16763
2026-08-23 19:04:52,NZD/USD,55,0,0.59710
2026-08-23 19:05:02,US500,47,23,7674.37000
2026-08-23 19:20:15,AUD/USD,50,0,0.71680
2026-08-23 19:20:25,GBP/USD,55,0,1.36440
2026-08-23 19:20:35,EUR/USD,46,0,1.16751
2026-08-23 19:20:45,NZD/USD,55,0,0.59696
2026-08-23 19:20:56,US500,47,23,7674.37000
2026-08-23 19:36:10,AUD/USD,50,0,0.71690
2026-08-23 19:36:20,GBP/USD,55,0,1.36460
2026-08-23 19:36:30,EUR/USD,46,0,1.16758
2026-08-23 19:36:40,NZD/USD,55,0,0.59718
2026-08-23 19:36:50,US500,47,23,7674.37000
2026-08-23 19:43:05,AUD/USD,50,0,0.71680
2026-08-23 19:43:15,GBP/USD,55,0,1.36460
2026-08-23 19:43:25,EUR/USD,46,0,1.16751
2026-08-23 19:43:35,NZD/USD,55,0,0.59702
2026-08-23 19:43:45,US500,47,23,7674.37000
2026-08-23 19:58:59,AUD/USD,50,0,0.71709
2026-08-23 19:59:09,GBP/USD,55,0,1.36540
2026-08-23 19:59:19,EUR/USD,46,0,1.16820
2026-08-23 19:59:29,NZD/USD,55,0,0.59764
2026-08-23 19:59:39,US500,47,23,7674.37000
2026-08-23 20:01:40,AUD/USD,50,0,0.71715
2026-08-23 20:01:51,GBP/USD,55,0,1.36540
2026-08-23 20:02:01,EUR/USD,46,0,1.16843
2026-08-23 20:02:11,NZD/USD,55,0,0.59780
2026-08-23 20:02:21,US500,47,23,7674.37000
2026-08-23 20:17:35,AUD/USD,50,0,0.71736
2026-08-23 20:17:45,GBP/USD,55,0,1.36530
2026-08-23 20:17:55,EUR/USD,46,0,1.16856
2026-08-23 20:18:05,NZD/USD,55,0,0.59804
2026-08-23 20:18:15,US500,47,23,7674.37000
2026-08-23 20:33:29,AUD/USD,50,0,0.71726
2026-08-23 20:33:39,GBP/USD,55,0,1.36520
2026-08-23 20:33:49,EUR/USD,46,0,1.16838
2026-08-23 20:33:59,NZD/USD,55,0,0.59786
2026-08-23 20:34:10,US500,47,23,7674.37000
2026-08-23 20:49:24,AUD/USD,50,0,0.71723
2026-08-23 20:49:34,GBP/USD,55,0,1.36500
2026-08-23 20:49:44,EUR/USD,46,0,1.16838
2026-08-23 20:49:54,NZD/USD,55,0,0.59810
2026-08-23 20:50:04,US500,47,23,7674.37000
2026-08-23 21:00:34,AUD/USD,50,0,0.71758
2026-08-23 21:00:44,GBP/USD,55,0,1.36560
2026-08-23 21:00:54,EUR/USD,46,0,1.16856
2026-08-23 21:01:05,NZD/USD,55,0,0.59817
2026-08-23 21:01:15,US500,47,23,7674.37000
2026-08-23 21:51:47,AUD/USD,50,0,0.71688
2026-08-23 21:51:57,GBP/USD,55,0,1.36460
2026-08-23 21:52:07,EUR/USD,46,0,1.16813
2026-08-23 21:52:17,NZD/USD,55,0,0.59761
2026-08-23 21:52:28,US500,47,23,7674.37000
2026-08-23 22:07:41,AUD/USD,50,0,0.71672
2026-08-23 22:07:51,GBP/USD,55,0,1.36470
2026-08-23 22:08:01,EUR/USD,46,0,1.16819
2026-08-23 22:08:11,NZD/USD,55,0,0.59747
2026-08-23 22:08:21,US500,47,23,7674.37000
2026-08-23 22:23:35,AUD/USD,50,0,0.71700
2026-08-23 22:23:45,GBP/USD,55,0,1.36510
2026-08-23 22:23:55,EUR/USD,46,0,1.16830
2026-08-23 22:24:05,NZD/USD,55,0,0.59784
2026-08-23 22:24:15,US500,47,23,7674.37000
2026-08-24 06:17:13,AUD/USD,50,0,0.71645
2026-08-24 06:17:23,GBP/USD,55,0,1.36320
2026-08-24 06:17:34,EUR/USD,46,0,1.16649
2026-08-24 06:17:44,NZD/USD,55,0,0.59686
2026-08-24 06:17:54,US500,47,23,7674.37000
2026-08-24 06:33:08,AUD/USD,50,0,0.71637
2026-08-24 06:33:18,GBP/USD,55,0,1.36320
2026-08-24 06:33:28,EUR/USD,46,0,1.16651
2026-08-24 06:33:38,NZD/USD,55,0,0.59688
2026-08-24 06:33:48,US500,47,23,7674.37000
2026-08-24 06:38:06,AUD/USD,50,0,0.71641
2026-08-24 06:38:16,GBP/USD,55,0,1.36310
2026-08-24 06:38:26,EUR/USD,46,0,1.16657
2026-08-24 06:38:36,NZD/USD,55,0,0.59688
2026-08-24 06:38:46,US500,47,23,7674.37000
2026-08-24 18:27:09,AUD/USD,50,0,0.71495
2026-08-24 18:27:19,GBP/USD,55,0,1.36320
2026-08-24 18:27:29,EUR/USD,46,0,1.16644
2026-08-24 18:27:39,NZD/USD,55,10,0.59594
2026-08-24 18:27:49,US500,43,23,7652.86000
2026-08-24 18:38:41,AUD/USD,50,0,0.71500
2026-08-24 18:38:51,GBP/USD,55,0,1.36330
2026-08-24 18:39:01,EUR/USD,46,0,1.16643
2026-08-24 18:39:11,NZD/USD,55,10,0.59602
2026-08-24 18:39:21,US500,43,23,7652.86000
2026-08-24 18:54:35,AUD/USD,50,0,0.71497
2026-08-24 18:54:45,GBP/USD,55,0,1.36330
2026-08-24 18:54:55,EUR/USD,46,0,1.16644
2026-08-24 18:55:05,NZD/USD,55,10,0.59603
2026-08-24 18:55:15,US500,43,23,7652.86000
2026-08-24 19:10:29,AUD/USD,50,0,0.71491
2026-08-24 19:10:39,GBP/USD,55,0,1.36340
2026-08-24 19:10:49,EUR/USD,46,0,1.16651
2026-08-24 19:10:59,NZD/USD,55,10,0.59610
2026-08-24 19:11:09,US500,43,23,7652.86000
2026-08-24 19:26:23,AUD/USD,50,0,0.71490
2026-08-24 19:26:33,GBP/USD,55,0,1.36350
2026-08-24 19:26:43,EUR/USD,46,0,1.16642
2026-08-24 19:26:53,NZD/USD,55,10,0.59603
2026-08-24 19:27:03,US500,43,23,7652.86000
2026-08-24 19:42:16,AUD/USD,50,0,0.71506
2026-08-24 19:42:26,GBP/USD,55,0,1.36330
2026-08-24 19:42:36,EUR/USD,46,0,1.16645
2026-08-24 19:42:46,NZD/USD,55,0,0.59616
2026-08-24 19:42:56,US500,43,23,7652.86000
2026-08-24 19:58:10,AUD/USD,50,0,0.71543
2026-08-24 19:58:20,GBP/USD,55,0,1.36370
2026-08-24 19:58:30,EUR/USD,46,0,1.16676
2026-08-24 19:58:40,NZD/USD,55,0,0.59647
2026-08-24 19:58:50,US500,43,23,7652.86000
2026-08-24 20:14:04,AUD/USD,50,0,0.71566
2026-08-24 20:14:14,GBP/USD,55,0,1.36400
2026-08-24 20:14:24,EUR/USD,46,0,1.16708
2026-08-24 20:14:34,NZD/USD,55,0,0.59659
2026-08-24 20:14:44,US500,43,23,7652.86000
2026-08-24 20:29:58,AUD/USD,50,0,0.71564
2026-08-24 20:30:08,GBP/USD,55,0,1.36390
2026-08-24 20:30:18,EUR/USD,46,0,1.16692
2026-08-24 20:30:28,NZD/USD,55,0,0.59650
2026-08-24 20:30:38,US500,43,23,7652.86000
2026-08-24 20:45:52,AUD/USD,50,0,0.71583
2026-08-24 20:46:02,GBP/USD,55,0,1.36400
2026-08-24 20:46:12,EUR/USD,46,0,1.16692
2026-08-24 20:46:22,NZD/USD,55,0,0.59642
2026-08-24 20:46:32,US500,43,23,7652.86000
2026-08-24 21:00:48,AUD/USD,50,0,0.71572
2026-08-24 21:00:58,GBP/USD,55,0,1.36370
2026-08-24 21:01:08,EUR/USD,46,0,1.16666
2026-08-24 21:01:18,NZD/USD,55,0,0.59614
2026-08-24 21:01:28,US500,43,23,7652.86000
2026-08-24 21:16:42,AUD/USD,50,0,0.71565
2026-08-24 21:16:52,GBP/USD,55,0,1.36370
2026-08-24 21:17:02,EUR/USD,46,0,1.16665
2026-08-24 21:17:12,NZD/USD,55,0,0.59622
2026-08-24 21:17:23,US500,43,23,7652.86000
2026-08-24 21:32:37,AUD/USD,50,0,0.71554
2026-08-24 21:32:47,GBP/USD,55,0,1.36370
2026-08-24 21:32:57,EUR/USD,46,0,1.16654
2026-08-24 21:33:07,NZD/USD,55,10,0.59608
2026-08-24 21:33:17,US500,43,23,7652.86000
2026-08-24 21:48:31,AUD/USD,50,0,0.71543
2026-08-24 21:48:41,GBP/USD,55,0,1.36350
2026-08-24 21:48:51,EUR/USD,46,0,1.16639
2026-08-24 21:49:01,NZD/USD,55,10,0.59597
2026-08-24 21:49:12,US500,43,23,7652.86000
2026-08-24 22:04:25,AUD/USD,50,0,0.71531
2026-08-24 22:04:35,GBP/USD,55,0,1.36300
2026-08-24 22:04:45,EUR/USD,46,0,1.16617
2026-08-24 22:04:56,NZD/USD,55,10,0.59584
2026-08-24 22:05:06,US500,43,23,7652.86000
2026-08-25 06:20:33,AUD/USD,50,0,0.71513
2026-08-25 06:20:43,GBP/USD,55,0,1.36360
2026-08-25 06:20:53,EUR/USD,46,0,1.16628
2026-08-25 06:21:03,NZD/USD,55,10,0.59586
2026-08-25 06:21:13,US500,43,23,7652.86000
2026-08-25 06:36:27,AUD/USD,50,0,0.71508
2026-08-25 06:36:37,GBP/USD,55,0,1.36360
2026-08-25 06:36:47,EUR/USD,38,0,1.16604
2026-08-25 06:36:57,NZD/USD,55,10,0.59585
2026-08-25 06:37:07,US500,43,23,7652.86000
2026-08-25 18:23:25,AUD/USD,50,0,0.71629
2026-08-25 18:23:35,GBP/USD,55,0,1.36460
2026-08-25 18:23:46,EUR/USD,46,0,1.16750
2026-08-25 18:23:56,NZD/USD,55,0,0.59749
2026-08-25 18:24:06,US500,55,23,7677.28000
2026-08-25 18:39:20,AUD/USD,50,0,0.71630
2026-08-25 18:39:30,GBP/USD,55,0,1.36480
2026-08-25 18:39:40,EUR/USD,46,0,1.16754
2026-08-25 18:39:50,NZD/USD,55,0,0.59761
2026-08-25 18:40:00,US500,55,23,7677.28000
2026-08-25 18:55:13,AUD/USD,50,0,0.71644
2026-08-25 18:55:23,GBP/USD,55,0,1.36500
2026-08-25 18:55:33,EUR/USD,46,0,1.16765
2026-08-25 18:55:43,NZD/USD,55,0,0.59778
2026-08-25 18:55:53,US500,55,23,7677.28000
2026-08-25 19:11:07,AUD/USD,50,0,0.71646
2026-08-25 19:11:17,GBP/USD,55,0,1.36480
2026-08-25 19:11:28,EUR/USD,46,0,1.16753
2026-08-25 19:11:38,NZD/USD,55,0,0.59770
2026-08-25 19:11:48,US500,55,23,7677.28000
2026-08-25 19:27:02,AUD/USD,50,0,0.71650
2026-08-25 19:27:12,GBP/USD,55,0,1.36470
2026-08-25 19:27:22,EUR/USD,46,0,1.16744
2026-08-25 19:27:32,NZD/USD,55,0,0.59768
2026-08-25 19:27:42,US500,55,23,7677.28000
2026-08-25 19:42:56,AUD/USD,50,0,0.71634
2026-08-25 19:43:06,GBP/USD,55,0,1.36460
2026-08-25 19:43:16,EUR/USD,46,0,1.16730
2026-08-25 19:43:26,NZD/USD,55,0,0.59736
2026-08-25 19:43:36,US500,55,23,7677.28000
2026-08-25 19:58:50,AUD/USD,50,0,0.71649
2026-08-25 19:59:00,GBP/USD,55,0,1.36470
2026-08-25 19:59:10,EUR/USD,46,0,1.16740
2026-08-25 19:59:20,NZD/USD,55,0,0.59744
2026-08-25 19:59:30,US500,55,23,7677.28000
2026-08-25 20:14:44,AUD/USD,50,0,0.71666
2026-08-25 20:14:54,GBP/USD,55,0,1.36480
2026-08-25 20:15:04,EUR/USD,46,0,1.16739
2026-08-25 20:15:14,NZD/USD,55,0,0.59769
2026-08-25 20:15:24,US500,55,23,7677.28000
2026-08-25 20:30:38,AUD/USD,50,0,0.71652
2026-08-25 20:30:48,GBP/USD,55,0,1.36460
2026-08-25 20:30:58,EUR/USD,46,0,1.16733
2026-08-25 20:31:08,NZD/USD,55,0,0.59759
2026-08-25 20:31:18,US500,55,23,7677.28000
2026-08-25 20:46:33,AUD/USD,50,0,0.71662
2026-08-25 20:46:43,GBP/USD,55,0,1.36490
2026-08-25 20:46:54,EUR/USD,46,0,1.16741
2026-08-25 20:47:04,NZD/USD,55,0,0.59770
2026-08-25 20:47:15,US500,55,23,7677.28000
2026-08-25 21:02:30,AUD/USD,50,0,0.71631
2026-08-25 21:02:40,GBP/USD,55,0,1.36450
2026-08-25 21:02:51,EUR/USD,46,0,1.16726
2026-08-25 21:03:01,NZD/USD,55,0,0.59757
2026-08-25 21:03:12,US500,55,23,7677.28000
2026-08-25 21:18:26,AUD/USD,50,0,0.71624
2026-08-25 21:18:37,GBP/USD,55,0,1.36470
2026-08-25 21:18:47,EUR/USD,46,0,1.16712
2026-08-25 21:18:58,NZD/USD,55,0,0.59735
2026-08-25 21:19:08,US500,55,23,7677.28000
2026-08-25 21:34:23,AUD/USD,50,0,0.71727
2026-08-25 21:34:33,GBP/USD,55,0,1.36450
2026-08-25 21:34:44,EUR/USD,46,0,1.16698
2026-08-25 21:34:54,NZD/USD,55,0,0.59664
2026-08-25 21:35:05,US500,55,23,7677.28000
2026-08-25 21:50:20,AUD/USD,50,0,0.71786
2026-08-25 21:50:30,GBP/USD,55,0,1.36460
2026-08-25 21:50:41,EUR/USD,46,0,1.16710
2026-08-25 21:50:51,NZD/USD,47,10,0.59597
2026-08-25 21:51:01,US500,55,23,7677.28000
2026-08-25 22:06:15,AUD/USD,50,0,0.71781
2026-08-25 22:06:25,GBP/USD,55,0,1.36450
2026-08-25 22:06:35,EUR/USD,46,0,1.16719
2026-08-25 22:06:46,NZD/USD,55,10,0.59628
2026-08-25 22:06:56,US500,55,23,7677.28000
2026-08-25 22:22:10,AUD/USD,50,0,0.71798
2026-08-25 22:22:20,GBP/USD,55,0,1.36450
2026-08-25 22:22:30,EUR/USD,46,0,1.16708
2026-08-25 22:22:40,NZD/USD,55,10,0.59639
2026-08-25 22:22:50,US500,55,23,7677.28000
2026-08-25 22:32:03,AUD/USD,50,0,0.71825
2026-08-25 22:32:13,GBP/USD,55,0,1.36420
2026-08-25 22:32:23,EUR/USD,38,0,1.16692
2026-08-25 22:32:33,NZD/USD,55,10,0.59644
2026-08-25 22:32:43,US500,55,23,7677.28000
2026-08-25 22:47:56,AUD/USD,50,0,0.71812
2026-08-25 22:48:07,GBP/USD,55,0,1.36440
2026-08-25 22:48:17,EUR/USD,46,0,1.16700
2026-08-25 22:48:27,NZD/USD,55,10,0.59642
2026-08-25 22:48:37,US500,55,23,7677.28000
2026-08-25 23:03:50,AUD/USD,50,0,0.71790
2026-08-25 23:04:00,GBP/USD,55,0,1.36400
2026-08-25 23:04:10,EUR/USD,38,0,1.16681
2026-08-25 23:04:21,NZD/USD,47,10,0.59596
2026-08-25 23:04:31,US500,55,23,7677.28000
2026-08-25 23:19:44,AUD/USD,50,0,0.71807
2026-08-25 23:19:54,GBP/USD,55,0,1.36400
2026-08-25 23:20:04,EUR/USD,38,0,1.16663
2026-08-25 23:20:14,NZD/USD,47,10,0.59591
2026-08-25 23:20:24,US500,55,23,7677.28000
2026-08-25 23:35:38,AUD/USD,50,0,0.71848
2026-08-25 23:35:48,GBP/USD,55,0,1.36370
2026-08-25 23:35:58,EUR/USD,38,0,1.16659
2026-08-25 23:36:08,NZD/USD,47,10,0.59593
2026-08-25 23:36:18,US500,55,23,7677.28000
2026-08-25 23:51:32,AUD/USD,50,0,0.71844
2026-08-25 23:51:42,GBP/USD,47,0,1.36370
2026-08-25 23:51:52,EUR/USD,38,0,1.16643
2026-08-25 23:52:02,NZD/USD,47,10,0.59558
2026-08-25 23:52:12,US500,55,23,7677.28000
2026-08-26 18:13:15,AUD/USD,50,0,0.71755
2026-08-26 18:13:25,GBP/USD,47,10,1.35940
2026-08-26 18:13:35,EUR/USD,38,0,1.16535
2026-08-26 18:13:45,NZD/USD,47,10,0.59440
2026-08-26 18:13:55,US500,47,23,7675.70000
2026-08-26 18:29:09,AUD/USD,50,0,0.71767
2026-08-26 18:29:19,GBP/USD,47,10,1.35960
2026-08-26 18:29:29,EUR/USD,38,0,1.16550
2026-08-26 18:29:39,NZD/USD,47,10,0.59450
2026-08-26 18:29:49,US500,47,23,7675.70000
2026-08-26 18:45:03,AUD/USD,50,0,0.71785
2026-08-26 18:45:13,GBP/USD,47,10,1.35970
2026-08-26 18:45:23,EUR/USD,38,0,1.16544
2026-08-26 18:45:33,NZD/USD,47,10,0.59466
2026-08-26 18:45:43,US500,47,23,7675.70000
2026-08-26 19:00:57,AUD/USD,50,0,0.71792
2026-08-26 19:01:07,GBP/USD,47,10,1.35960
2026-08-26 19:01:17,EUR/USD,38,0,1.16539
2026-08-26 19:01:27,NZD/USD,47,10,0.59457
2026-08-26 19:01:36,US500,47,23,7675.70000
2026-08-26 19:16:50,AUD/USD,50,0,0.71823
2026-08-26 19:17:00,GBP/USD,47,10,1.35960
2026-08-26 19:17:10,EUR/USD,38,0,1.16543
2026-08-26 19:17:20,NZD/USD,47,10,0.59478
2026-08-26 19:17:30,US500,47,23,7675.70000
2026-08-26 19:32:44,AUD/USD,50,0,0.71806
2026-08-26 19:32:54,GBP/USD,47,10,1.35950
2026-08-26 19:33:04,EUR/USD,38,0,1.16551
2026-08-26 19:33:14,NZD/USD,47,10,0.59487
2026-08-26 19:33:24,US500,47,23,7675.70000
2026-08-26 19:48:38,AUD/USD,50,0,0.71838
2026-08-26 19:48:48,GBP/USD,47,10,1.35970
2026-08-26 19:48:58,EUR/USD,38,0,1.16560
2026-08-26 19:49:08,NZD/USD,47,10,0.59485
2026-08-26 19:49:18,US500,47,23,7675.70000
2026-08-26 20:04:32,AUD/USD,50,0,0.71805
2026-08-26 20:04:42,GBP/USD,47,10,1.35950
2026-08-26 20:04:52,EUR/USD,38,0,1.16566
2026-08-26 20:05:02,NZD/USD,47,10,0.59467
2026-08-26 20:05:12,US500,47,23,7675.70000
2026-08-26 20:20:26,AUD/USD,50,0,0.71783
2026-08-26 20:20:36,GBP/USD,47,10,1.35940
2026-08-26 20:20:46,EUR/USD,38,0,1.16560
2026-08-26 20:20:56,NZD/USD,47,10,0.59451
2026-08-26 20:21:06,US500,47,23,7675.70000
2026-08-26 20:36:20,AUD/USD,50,0,0.71799
2026-08-26 20:36:30,GBP/USD,47,10,1.35940
2026-08-26 20:36:40,EUR/USD,38,0,1.16571
2026-08-26 20:36:51,NZD/USD,47,10,0.59470
2026-08-26 20:37:01,US500,47,23,7675.70000
2026-08-26 20:52:15,AUD/USD,50,0,0.71774
2026-08-26 20:52:25,GBP/USD,47,10,1.35910
2026-08-26 20:52:35,EUR/USD,38,0,1.16547
2026-08-26 20:52:45,NZD/USD,47,10,0.59440
2026-08-26 20:52:55,US500,47,23,7675.70000
2026-08-26 21:08:09,AUD/USD,50,0,0.71827
2026-08-26 21:08:19,GBP/USD,47,10,1.35910
2026-08-26 21:08:29,EUR/USD,38,0,1.16561
2026-08-26 21:08:39,NZD/USD,47,10,0.59503
2026-08-26 21:08:49,US500,47,23,7675.70000
2026-08-26 21:24:03,AUD/USD,50,0,0.71834
2026-08-26 21:24:13,GBP/USD,47,10,1.35940
2026-08-26 21:24:23,EUR/USD,38,0,1.16583
2026-08-26 21:24:33,NZD/USD,55,10,0.59519
2026-08-26 21:24:43,US500,47,23,7675.70000
2026-08-26 21:39:57,AUD/USD,50,0,0.71813
2026-08-26 21:40:07,GBP/USD,47,10,1.35900
2026-08-26 21:40:17,EUR/USD,38,0,1.16568
2026-08-26 21:40:27,NZD/USD,47,10,0.59468
2026-08-26 21:40:37,US500,47,23,7675.70000
2026-08-26 21:55:51,AUD/USD,50,0,0.71826
2026-08-26 21:56:01,GBP/USD,47,10,1.35930
2026-08-26 21:56:11,EUR/USD,38,0,1.16580
2026-08-26 21:56:21,NZD/USD,47,10,0.59493
2026-08-26 21:56:31,US500,47,23,7675.70000
2026-08-26 22:54:33,AUD/USD,50,0,0.71820
2026-08-26 22:54:43,GBP/USD,47,10,1.35910
2026-08-26 22:54:53,EUR/USD,38,0,1.16549
2026-08-26 22:55:03,NZD/USD,47,10,0.59522
2026-08-26 22:55:13,US500,47,23,7675.70000
2026-08-27 20:52:26,AUD/USD,55,0,0.71973
2026-08-27 20:52:36,GBP/USD,47,10,1.35960
2026-08-27 20:52:46,EUR/USD,46,0,1.16531
2026-08-27 20:52:56,NZD/USD,55,10,0.59561
2026-08-27 20:53:06,US500,35,23,7730.99000
2026-08-27 21:08:20,AUD/USD,55,0,0.71996
2026-08-27 21:08:30,GBP/USD,47,10,1.35980
2026-08-27 21:08:40,EUR/USD,46,0,1.16537
2026-08-27 21:08:50,NZD/USD,55,10,0.59582
2026-08-27 21:09:00,US500,35,23,7730.99000
2026-08-27 21:24:14,AUD/USD,55,0,0.71991
2026-08-27 21:24:23,GBP/USD,47,10,1.35950
2026-08-27 21:24:34,EUR/USD,46,0,1.16532
2026-08-27 21:24:43,NZD/USD,55,10,0.59583
2026-08-27 21:24:53,US500,35,23,7730.99000
2026-08-27 21:40:07,AUD/USD,55,0,0.71992
2026-08-27 21:40:17,GBP/USD,47,10,1.35960
2026-08-27 21:40:27,EUR/USD,46,0,1.16548
2026-08-27 21:40:37,NZD/USD,55,10,0.59627
2026-08-27 21:40:47,US500,35,23,7730.99000
2026-08-27 21:56:01,AUD/USD,55,0,0.71963
2026-08-27 21:56:11,GBP/USD,47,10,1.35900
2026-08-27 21:56:22,EUR/USD,38,0,1.16506
2026-08-27 21:56:32,NZD/USD,55,10,0.59580
2026-08-27 21:56:42,US500,35,23,7730.99000
2026-08-27 22:11:56,AUD/USD,55,0,0.71983
2026-08-27 22:12:07,GBP/USD,47,10,1.35890
2026-08-27 22:12:17,EUR/USD,38,0,1.16489
2026-08-27 22:12:27,NZD/USD,55,10,0.59585
2026-08-27 22:12:38,US500,35,23,7730.99000
2026-08-27 22:27:52,AUD/USD,55,0,0.72008
2026-08-27 22:28:02,GBP/USD,47,10,1.35910
2026-08-27 22:28:12,EUR/USD,38,10,1.16473
2026-08-27 22:28:22,NZD/USD,55,10,0.59597
2026-08-27 22:28:32,US500,35,23,7730.99000
2026-08-27 22:43:46,AUD/USD,55,0,0.72002
2026-08-27 22:43:56,GBP/USD,47,10,1.35900
2026-08-27 22:44:06,EUR/USD,38,10,1.16476
2026-08-27 22:44:16,NZD/USD,55,10,0.59602
2026-08-27 22:44:26,US500,35,23,7730.99000
2026-08-27 22:59:40,AUD/USD,55,0,0.72039
2026-08-27 22:59:51,GBP/USD,47,10,1.35930
2026-08-27 23:00:01,EUR/USD,38,0,1.16505
2026-08-27 23:00:11,NZD/USD,55,10,0.59641
2026-08-27 23:00:22,US500,35,23,7730.99000
2026-08-27 23:15:36,AUD/USD,55,0,0.72043
2026-08-27 23:15:46,GBP/USD,47,10,1.35930
2026-08-27 23:15:56,EUR/USD,38,0,1.16504
2026-08-27 23:16:06,NZD/USD,55,10,0.59647
2026-08-27 23:16:17,US500,35,23,7730.99000
2026-08-27 23:31:31,AUD/USD,55,0,0.72040
2026-08-27 23:31:41,GBP/USD,47,10,1.35940
2026-08-27 23:31:52,EUR/USD,38,0,1.16506
2026-08-27 23:32:02,NZD/USD,55,10,0.59652
2026-08-27 23:32:12,US500,35,23,7730.99000
2026-08-27 23:47:27,AUD/USD,55,0,0.72002
2026-08-27 23:47:37,GBP/USD,47,10,1.35890
2026-08-27 23:47:47,EUR/USD,38,10,1.16480
2026-08-27 23:47:58,NZD/USD,55,10,0.59613
2026-08-27 23:48:08,US500,35,23,7730.99000
2026-08-28 00:03:22,AUD/USD,55,0,0.72003
2026-08-28 00:03:32,GBP/USD,47,10,1.35890
2026-08-28 00:03:43,EUR/USD,38,10,1.16461
2026-08-28 00:03:53,NZD/USD,55,10,0.59619
2026-08-28 00:04:03,US500,35,23,7730.99000
2026-08-28 00:19:18,AUD/USD,55,0,0.72021
2026-08-28 00:19:28,GBP/USD,47,10,1.35900
2026-08-28 00:19:38,EUR/USD,38,10,1.16462
2026-08-28 00:19:49,NZD/USD,55,10,0.59640
2026-08-28 00:19:59,US500,35,23,7730.99000
2026-08-28 00:35:13,AUD/USD,55,0,0.71999
2026-08-28 00:35:23,GBP/USD,47,10,1.35880
2026-08-28 06:48:41,AUD/USD,55,0,0.71991
2026-08-28 06:48:51,GBP/USD,47,10,1.35900
2026-08-28 06:49:01,EUR/USD,38,10,1.16456
2026-08-28 06:49:11,NZD/USD,55,10,0.59512
2026-08-28 06:49:21,US500,35,23,7730.99000
2026-08-30 17:10:10,AUD/USD,37,20,0.71541
2026-08-30 17:10:20,GBP/USD,21,28,1.35310
2026-08-30 17:10:30,EUR/USD,16,28,1.15781
2026-08-30 17:10:40,NZD/USD,42,28,0.59176
2026-08-30 17:10:50,US500,35,23,7711.76000
2026-08-30 17:26:04,AUD/USD,37,20,0.71550
2026-08-30 17:26:14,GBP/USD,21,28,1.35320
2026-08-30 17:26:25,EUR/USD,16,28,1.15770
2026-08-30 17:26:35,NZD/USD,42,28,0.59122
2026-08-30 17:26:45,US500,35,23,7711.76000
2026-08-30 17:41:58,AUD/USD,37,20,0.71580
2026-08-30 17:42:09,GBP/USD,21,28,1.35330
2026-08-30 17:42:19,EUR/USD,16,28,1.15793
2026-08-30 17:42:29,NZD/USD,42,28,0.59110
2026-08-30 17:42:39,US500,35,23,7711.76000
2026-08-30 17:57:53,AUD/USD,37,20,0.71560
2026-08-30 17:58:03,GBP/USD,21,28,1.35320
2026-08-30 17:58:13,EUR/USD,16,28,1.15775
2026-08-30 17:58:23,NZD/USD,42,28,0.59130
2026-08-30 17:58:33,US500,35,23,7711.76000
2026-08-30 18:04:36,AUD/USD,47,20,0.71584
2026-08-30 18:04:46,GBP/USD,31,28,1.35310
2026-08-30 18:04:56,EUR/USD,26,28,1.15805
2026-08-30 18:05:06,NZD/USD,52,28,0.59117
2026-08-30 18:05:16,US500,35,23,7711.76000
2026-08-30 18:20:30,AUD/USD,47,20,0.71606
2026-08-30 18:20:40,GBP/USD,31,28,1.35320
2026-08-30 18:20:50,EUR/USD,26,28,1.15820
2026-08-30 18:21:00,NZD/USD,52,28,0.59120
2026-08-30 18:21:10,US500,35,23,7711.76000
2026-08-30 18:36:24,AUD/USD,47,20,0.71608
2026-08-30 18:36:34,GBP/USD,31,28,1.35350
2026-08-30 18:36:44,EUR/USD,26,28,1.15833
2026-08-30 18:36:54,NZD/USD,52,28,0.59142
2026-08-30 18:37:04,US500,35,23,7711.76000
2026-08-30 18:52:18,AUD/USD,47,20,0.71597
2026-08-30 18:52:28,GBP/USD,31,28,1.35340
2026-08-30 18:52:38,EUR/USD,26,28,1.15834
2026-08-30 18:52:48,NZD/USD,52,28,0.59132
2026-08-30 18:52:58,US500,35,23,7711.76000
2026-08-30 19:08:12,AUD/USD,47,20,0.71611
2026-08-30 19:08:22,GBP/USD,31,28,1.35360
2026-08-30 19:08:32,EUR/USD,26,28,1.15847
2026-08-30 19:08:42,NZD/USD,52,28,0.59161
2026-08-30 19:08:52,US500,35,23,7711.76000
2026-08-30 20:49:11,AUD/USD,47,20,0.71618
2026-08-30 20:49:21,GBP/USD,52,28,1.35430
2026-08-30 20:49:31,EUR/USD,26,28,1.15916
2026-08-30 20:49:41,NZD/USD,52,28,0.59153
2026-08-30 20:49:51,US500,35,23,7711.76000
2026-08-30 21:05:05,AUD/USD,55,20,0.71621
2026-08-30 21:05:15,GBP/USD,52,28,1.35440
2026-08-30 21:05:25,EUR/USD,26,28,1.15911
2026-08-30 21:05:35,NZD/USD,52,28,0.59120
2026-08-30 21:05:46,US500,35,23,7711.76000
2026-08-30 21:21:00,AUD/USD,47,20,0.71619
2026-08-30 21:21:10,GBP/USD,31,28,1.35390
2026-08-30 21:21:21,EUR/USD,26,28,1.15880
2026-08-30 21:21:31,NZD/USD,31,28,0.59024
2026-08-30 21:21:42,US500,35,23,7711.76000
2026-08-30 21:36:56,AUD/USD,55,20,0.71637
2026-08-30 21:37:06,GBP/USD,52,28,1.35430
2026-08-30 21:37:16,EUR/USD,26,28,1.15911
2026-08-30 21:37:27,NZD/USD,52,28,0.59079
2026-08-30 21:37:37,US500,35,23,7711.76000
2026-08-30 21:52:51,AUD/USD,47,20,0.71669
2026-08-30 21:53:01,GBP/USD,52,28,1.35440
2026-08-30 21:53:11,EUR/USD,26,28,1.15917
2026-08-30 21:53:21,NZD/USD,52,28,0.59137
2026-08-30 21:53:31,US500,35,23,7711.76000
2026-08-30 22:08:45,AUD/USD,47,20,0.71669
2026-08-30 22:08:55,GBP/USD,52,28,1.35450
2026-08-30 22:09:05,EUR/USD,26,28,1.15919
2026-08-30 22:09:15,NZD/USD,52,28,0.59164
2026-08-30 22:09:25,US500,35,23,7711.76000
2026-08-30 22:24:39,AUD/USD,47,20,0.71654
2026-08-30 22:24:49,GBP/USD,52,28,1.35430
2026-08-30 22:24:59,EUR/USD,26,28,1.15914
2026-08-30 22:25:09,NZD/USD,52,28,0.59162
2026-08-30 22:25:19,US500,35,23,7711.76000
2026-08-30 22:40:33,AUD/USD,47,20,0.71631
2026-08-30 22:40:44,GBP/USD,52,28,1.35410
2026-08-30 22:40:54,EUR/USD,26,28,1.15895
2026-08-30 22:41:04,NZD/USD,52,28,0.59139
2026-08-30 22:41:15,US500,35,23,7711.76000
2026-08-30 22:56:29,AUD/USD,47,20,0.71647
2026-08-30 22:56:39,GBP/USD,52,28,1.35440
2026-08-30 22:56:49,EUR/USD,26,28,1.15912
2026-08-30 22:56:59,NZD/USD,52,28,0.59167
2026-08-30 22:57:09,US500,35,23,7711.76000
2026-08-30 23:12:24,AUD/USD,47,20,0.71687
2026-08-30 23:12:34,GBP/USD,52,28,1.35460
2026-08-30 23:12:44,EUR/USD,26,28,1.15922
2026-08-30 23:12:55,NZD/USD,32,28,0.59203
2026-08-30 23:13:05,US500,35,23,7711.76000
2026-08-30 23:28:19,AUD/USD,47,20,0.71689
2026-08-30 23:28:29,GBP/USD,52,28,1.35460
2026-08-30 23:28:39,EUR/USD,26,28,1.15925
2026-08-30 23:28:49,NZD/USD,32,28,0.59205
2026-08-30 23:28:59,US500,35,23,7711.76000
2026-08-30 23:44:12,AUD/USD,47,20,0.71666
2026-08-30 23:44:22,GBP/USD,52,28,1.35430
2026-08-30 23:44:32,EUR/USD,26,28,1.15910
2026-08-30 23:44:42,NZD/USD,32,28,0.59193
2026-08-30 23:44:52,US500,35,23,7711.76000
2026-08-31 00:00:06,AUD/USD,47,20,0.71670
2026-08-31 00:00:16,GBP/USD,52,28,1.35430
2026-08-31 00:00:26,EUR/USD,26,28,1.15917
2026-08-31 00:00:36,NZD/USD,32,28,0.59203
2026-08-31 00:00:47,US500,35,23,7711.76000
2026-08-31 00:06:09,AUD/USD,47,20,0.71659
2026-08-31 00:06:19,GBP/USD,52,28,1.35460
2026-08-31 00:06:29,EUR/USD,26,28,1.15917
2026-08-31 00:06:39,NZD/USD,32,28,0.59192
2026-08-31 00:06:49,US500,35,23,7711.76000
2026-08-31 07:55:26,AUD/USD,47,10,0.71604
2026-08-31 07:55:36,GBP/USD,31,18,1.35390
2026-08-31 07:55:46,EUR/USD,43,18,1.15984
2026-08-31 07:55:56,NZD/USD,52,18,0.59145
2026-08-31 07:56:06,US500,35,23,7711.76000
2026-08-31 08:11:20,AUD/USD,55,20,0.71614
2026-08-31 08:11:30,GBP/USD,31,28,1.35380
2026-08-31 08:11:40,EUR/USD,43,28,1.15964
2026-08-31 08:11:50,NZD/USD,52,28,0.59148
2026-08-31 08:12:00,US500,35,23,7711.76000
2026-08-31 08:27:14,AUD/USD,55,20,0.71615
2026-08-31 08:27:24,GBP/USD,52,28,1.35420
2026-08-31 08:27:34,EUR/USD,43,28,1.15982
2026-08-31 08:27:45,NZD/USD,52,28,0.59156
2026-08-31 08:27:55,US500,35,23,7711.76000
2026-08-31 08:43:08,AUD/USD,47,20,0.71580
2026-08-31 08:43:18,GBP/USD,31,28,1.35390
2026-08-31 08:43:28,EUR/USD,43,28,1.15952
2026-08-31 08:43:38,NZD/USD,52,28,0.59114
2026-08-31 08:43:48,US500,35,23,7711.76000
2026-08-31 08:59:02,AUD/USD,47,20,0.71586
2026-08-31 08:59:12,GBP/USD,31,28,1.35390
2026-08-31 08:59:22,EUR/USD,43,28,1.15962
2026-08-31 08:59:32,NZD/USD,52,28,0.59130
2026-08-31 08:59:42,US500,35,23,7711.76000
2026-08-31 09:14:56,AUD/USD,47,20,0.71605
2026-08-31 09:15:06,GBP/USD,52,28,1.35420
2026-08-31 09:15:16,EUR/USD,43,28,1.15967
2026-08-31 09:15:26,NZD/USD,52,28,0.59151
2026-08-31 09:15:36,US500,35,23,7711.76000
2026-08-31 09:30:50,AUD/USD,55,10,0.71637
2026-08-31 09:31:00,GBP/USD,52,18,1.35470
2026-08-31 09:31:10,EUR/USD,43,18,1.15993
2026-08-31 09:31:20,NZD/USD,52,18,0.59177
2026-08-31 09:31:30,US500,35,23,7711.76000
2026-08-31 09:46:44,AUD/USD,55,20,0.71615
2026-08-31 09:46:54,GBP/USD,52,28,1.35450
2026-08-31 09:47:04,EUR/USD,43,28,1.15960
2026-08-31 09:47:14,NZD/USD,52,28,0.59150
2026-08-31 09:47:25,US500,47,23,7680.19000
2026-08-31 10:02:38,AUD/USD,47,20,0.71601
2026-08-31 10:02:48,GBP/USD,31,28,1.35380
2026-08-31 10:02:58,EUR/USD,43,28,1.15971
2026-08-31 10:03:08,NZD/USD,52,28,0.59166
2026-08-31 10:03:18,US500,47,23,7677.07000
2026-08-31 10:18:32,AUD/USD,47,10,0.71632
2026-08-31 10:18:42,GBP/USD,52,18,1.35410
2026-08-31 10:18:52,EUR/USD,43,18,1.16018
2026-08-31 10:19:02,NZD/USD,32,18,0.59195
2026-08-31 10:19:12,US500,47,23,7673.89000
2026-08-31 10:34:26,AUD/USD,47,10,0.71647
2026-08-31 10:34:36,GBP/USD,52,18,1.35420
2026-08-31 10:34:46,EUR/USD,43,18,1.16021
2026-08-31 10:34:56,NZD/USD,52,18,0.59176
2026-08-31 10:35:06,US500,26,23,7667.14000
2026-08-31 10:50:20,AUD/USD,47,10,0.71667
2026-08-31 10:50:30,GBP/USD,52,18,1.35430
2026-08-31 10:50:40,EUR/USD,23,18,1.16060
2026-08-31 10:50:50,NZD/USD,52,18,0.59170
2026-08-31 10:51:00,US500,47,23,7675.09000
2026-08-31 11:06:14,AUD/USD,47,10,0.71613
2026-08-31 11:06:24,GBP/USD,52,18,1.35510
2026-08-31 11:06:34,EUR/USD,23,18,1.16141
2026-08-31 11:06:44,NZD/USD,52,18,0.59116
2026-08-31 11:06:55,US500,47,23,7678.81000
2026-08-31 11:22:08,AUD/USD,47,10,0.71622
2026-08-31 11:22:18,GBP/USD,52,18,1.35470
2026-08-31 11:22:29,EUR/USD,23,18,1.16140
2026-08-31 11:22:39,NZD/USD,52,18,0.59099
2026-08-31 11:22:49,US500,47,23,7675.83000
2026-08-31 11:38:03,AUD/USD,47,10,0.71657
2026-08-31 11:38:13,GBP/USD,52,18,1.35520
2026-08-31 11:38:23,EUR/USD,23,18,1.16190
2026-08-31 11:38:33,NZD/USD,52,18,0.59144
2026-08-31 11:38:43,US500,47,23,7679.17000
2026-08-31 11:53:57,AUD/USD,47,10,0.71669
2026-08-31 11:54:07,GBP/USD,52,18,1.35510
2026-08-31 11:54:17,EUR/USD,23,18,1.16180
2026-08-31 11:54:27,NZD/USD,52,18,0.59163
2026-08-31 11:54:37,US500,47,23,7674.28000
2026-08-31 12:09:50,AUD/USD,47,10,0.71657
2026-08-31 12:10:01,GBP/USD,52,18,1.35490
2026-08-31 12:10:11,EUR/USD,23,18,1.16153
2026-08-31 12:10:21,NZD/USD,52,18,0.59156
2026-08-31 12:10:31,US500,26,23,7670.92000
2026-08-31 12:25:45,AUD/USD,47,10,0.71681
2026-08-31 12:25:55,GBP/USD,52,18,1.35510
2026-08-31 12:26:05,EUR/USD,23,18,1.16164
2026-08-31 12:26:15,NZD/USD,52,18,0.59166
2026-08-31 12:26:25,US500,47,23,7674.05000
2026-08-31 12:41:39,AUD/USD,47,10,0.71664
2026-08-31 12:41:49,GBP/USD,52,18,1.35480
2026-08-31 12:41:59,EUR/USD,23,18,1.16155
2026-08-31 12:42:09,NZD/USD,52,18,0.59175
2026-08-31 12:42:19,US500,47,23,7674.43000
2026-08-31 12:57:33,AUD/USD,47,10,0.71666
2026-08-31 12:57:43,GBP/USD,52,18,1.35470
2026-08-31 12:57:54,EUR/USD,23,18,1.16152
2026-08-31 12:58:04,NZD/USD,52,18,0.59175
2026-08-31 12:58:14,US500,47,23,7673.54000
2026-08-31 13:13:28,AUD/USD,47,10,0.71660
2026-08-31 13:13:38,GBP/USD,52,18,1.35490
2026-08-31 13:13:48,EUR/USD,23,18,1.16166
2026-08-31 13:13:58,NZD/USD,32,18,0.59179
2026-08-31 13:14:08,US500,47,23,7674.51000
2026-08-31 13:29:22,AUD/USD,47,10,0.71647
2026-08-31 13:29:32,GBP/USD,52,18,1.35500
2026-08-31 13:29:43,EUR/USD,23,18,1.16156
2026-08-31 13:29:53,NZD/USD,52,18,0.59161
2026-08-31 13:30:03,US500,47,23,7675.58000
2026-08-31 13:45:17,AUD/USD,47,10,0.71667
2026-08-31 13:45:27,GBP/USD,52,18,1.35510
2026-08-31 13:45:37,EUR/USD,23,18,1.16156
2026-08-31 13:45:47,NZD/USD,32,18,0.59183
2026-08-31 13:45:57,US500,47,23,7672.83000
2026-08-31 14:01:10,AUD/USD,47,10,0.71654
2026-08-31 14:01:20,GBP/USD,52,18,1.35500
2026-08-31 14:01:31,EUR/USD,23,18,1.16154
2026-08-31 14:01:41,NZD/USD,52,18,0.59175
2026-08-31 14:01:51,US500,47,23,7684.25000
2026-08-31 14:17:04,AUD/USD,47,10,0.71657
2026-08-31 14:17:15,GBP/USD,52,18,1.35500
2026-08-31 14:17:25,EUR/USD,23,18,1.16170
2026-08-31 14:17:35,NZD/USD,52,18,0.59176
2026-08-31 14:17:45,US500,47,23,7683.43000
2026-08-31 15:02:43,AUD/USD,47,10,0.71639
2026-08-31 15:02:53,GBP/USD,52,18,1.35490
2026-08-31 15:03:03,EUR/USD,23,18,1.16162
2026-08-31 15:03:13,NZD/USD,52,18,0.59164
2026-08-31 15:03:23,US500,47,23,7673.41000
2026-08-31 15:18:36,AUD/USD,47,10,0.71638
2026-08-31 15:18:46,GBP/USD,52,18,1.35470
2026-08-31 15:18:56,EUR/USD,23,18,1.16159
2026-08-31 15:19:06,NZD/USD,52,18,0.59165
2026-08-31 15:19:17,US500,47,23,7677.28000
2026-08-31 15:34:30,AUD/USD,47,10,0.71649
2026-08-31 15:34:40,GBP/USD,52,18,1.35490
2026-08-31 15:34:50,EUR/USD,23,18,1.16166
2026-08-31 15:35:00,NZD/USD,52,18,0.59175
2026-08-31 15:35:10,US500,47,23,7681.28000
2026-08-31 15:50:24,AUD/USD,47,10,0.71658
2026-08-31 15:50:34,GBP/USD,52,18,1.35500
2026-08-31 15:50:44,EUR/USD,23,18,1.16166
2026-08-31 15:50:54,NZD/USD,52,18,0.59165
2026-08-31 15:51:04,US500,47,23,7683.82000
2026-08-31 16:06:18,AUD/USD,47,10,0.71662
2026-08-31 16:06:28,GBP/USD,52,18,1.35510
2026-08-31 16:06:37,EUR/USD,23,18,1.16174
2026-08-31 16:06:47,NZD/USD,52,18,0.59165
2026-08-31 16:06:57,US500,55,23,7689.70000
2026-08-31 16:22:11,AUD/USD,47,10,0.71646
2026-08-31 16:22:22,GBP/USD,52,18,1.35460
2026-08-31 16:22:32,EUR/USD,23,18,1.16145
2026-08-31 16:22:42,NZD/USD,52,18,0.59145
2026-08-31 16:22:52,US500,47,23,7686.14000
2026-08-31 16:38:06,AUD/USD,47,10,0.71654
2026-08-31 16:38:16,GBP/USD,52,18,1.35470
2026-08-31 16:38:26,EUR/USD,23,18,1.16147
2026-08-31 16:38:36,NZD/USD,52,18,0.59157
2026-08-31 16:38:46,US500,47,23,7686.14000
2026-08-31 16:53:59,AUD/USD,47,10,0.71660
2026-08-31 16:54:09,GBP/USD,52,18,1.35480
2026-08-31 16:54:19,EUR/USD,23,18,1.16171
2026-08-31 16:54:29,NZD/USD,52,18,0.59157
2026-08-31 16:54:39,US500,47,23,7686.14000
2026-08-31 17:09:53,AUD/USD,47,10,0.71637
2026-08-31 17:10:03,GBP/USD,52,18,1.35460
2026-08-31 17:10:13,EUR/USD,23,18,1.16156
2026-08-31 17:10:23,NZD/USD,52,18,0.59106
2026-08-31 17:10:33,US500,47,23,7686.14000
2026-08-31 17:25:47,AUD/USD,47,10,0.71627
2026-08-31 17:25:57,GBP/USD,52,18,1.35430
2026-08-31 17:26:07,EUR/USD,23,18,1.16157
2026-08-31 17:26:17,NZD/USD,52,18,0.59092
2026-08-31 17:26:27,US500,47,23,7686.14000
2026-08-31 17:41:41,AUD/USD,47,10,0.71648
2026-08-31 17:41:51,GBP/USD,52,18,1.35500
2026-08-31 17:42:01,EUR/USD,23,18,1.16166
2026-08-31 17:42:11,NZD/USD,52,18,0.59112
2026-08-31 17:42:21,US500,47,23,7686.14000
2026-08-31 17:57:35,AUD/USD,47,10,0.71650
2026-08-31 17:57:45,GBP/USD,52,18,1.35490
2026-08-31 17:57:55,EUR/USD,23,18,1.16178
2026-08-31 17:58:05,NZD/USD,52,18,0.59142
2026-08-31 17:58:16,US500,47,23,7686.14000
2026-08-31 18:07:24,AUD/USD,47,10,0.71654
2026-08-31 18:07:34,GBP/USD,52,18,1.35500
2026-08-31 18:07:44,EUR/USD,23,18,1.16180
2026-08-31 18:07:54,NZD/USD,47,13,0.59152
2026-08-31 18:08:04,US500,47,23,7686.14000
2026-08-31 18:23:18,AUD/USD,47,10,0.71650
2026-08-31 18:23:28,GBP/USD,52,18,1.35500
2026-08-31 18:23:38,EUR/USD,23,18,1.16170
2026-08-31 18:23:48,NZD/USD,47,13,0.59161
2026-08-31 18:23:58,US500,47,23,7686.14000
2026-08-31 18:39:12,AUD/USD,47,10,0.71655
2026-08-31 18:39:22,GBP/USD,52,18,1.35480
2026-08-31 18:39:32,EUR/USD,23,18,1.16158
2026-08-31 18:39:42,NZD/USD,47,13,0.59161
2026-08-31 18:39:52,US500,47,23,7686.14000
2026-08-31 18:55:05,AUD/USD,47,10,0.71650
2026-08-31 18:55:15,GBP/USD,52,18,1.35460
2026-08-31 18:55:25,EUR/USD,23,18,1.16142
2026-08-31 18:55:35,NZD/USD,47,13,0.59153
2026-08-31 18:55:45,US500,47,23,7686.14000
2026-08-31 19:10:59,AUD/USD,47,10,0.71666
2026-08-31 19:11:09,GBP/USD,52,18,1.35450
2026-08-31 19:11:19,EUR/USD,23,18,1.16133
2026-08-31 19:11:29,NZD/USD,47,13,0.59151
2026-08-31 19:11:39,US500,47,23,7686.14000
2026-08-31 20:26:34,AUD/USD,55,10,0.71794
2026-08-31 20:26:44,GBP/USD,52,18,1.35560
2026-08-31 20:26:54,EUR/USD,31,18,1.16226
2026-08-31 20:27:03,NZD/USD,32,18,0.59276
2026-08-31 20:27:13,US500,47,23,7686.14000
2026-08-31 20:42:27,AUD/USD,55,10,0.71751
2026-08-31 20:42:37,GBP/USD,32,18,1.35570
2026-08-31 20:42:47,EUR/USD,31,18,1.16230
2026-08-31 20:42:57,NZD/USD,32,18,0.59220
2026-08-31 20:43:07,US500,47,23,7686.14000
2026-08-31 20:58:21,AUD/USD,55,10,0.71700
2026-08-31 20:58:31,GBP/USD,52,18,1.35520
2026-08-31 20:58:41,EUR/USD,23,18,1.16181
2026-08-31 20:58:51,NZD/USD,32,18,0.59196
2026-08-31 20:59:01,US500,47,23,7686.14000
2026-08-31 21:14:15,AUD/USD,55,10,0.71679
2026-08-31 21:14:25,GBP/USD,52,18,1.35480
2026-08-31 21:14:35,EUR/USD,23,18,1.16140
2026-08-31 21:14:45,NZD/USD,52,18,0.59130
2026-08-31 21:14:55,US500,47,23,7686.14000
2026-08-31 21:30:09,AUD/USD,47,10,0.71677
2026-08-31 21:30:19,GBP/USD,52,18,1.35450
2026-08-31 21:30:29,EUR/USD,23,18,1.16115
2026-08-31 21:30:39,NZD/USD,52,18,0.59117
2026-08-31 21:30:49,US500,47,23,7686.14000
2026-08-31 21:46:03,AUD/USD,55,10,0.71734
2026-08-31 21:46:13,GBP/USD,52,18,1.35480
2026-08-31 21:46:23,EUR/USD,23,18,1.16120
2026-08-31 21:46:33,NZD/USD,52,18,0.59152
2026-08-31 21:46:43,US500,47,23,7686.14000
2026-08-31 22:01:57,AUD/USD,55,10,0.71708
2026-08-31 22:02:07,GBP/USD,52,18,1.35450
2026-08-31 22:02:17,EUR/USD,23,18,1.16083
2026-08-31 22:02:27,NZD/USD,52,18,0.59122
2026-08-31 22:02:37,US500,47,23,7686.14000
2026-08-31 22:17:51,AUD/USD,55,10,0.71714
2026-08-31 22:18:01,GBP/USD,52,18,1.35430
2026-08-31 22:18:11,EUR/USD,23,18,1.16089
2026-08-31 22:18:21,NZD/USD,52,18,0.59121
2026-08-31 22:18:31,US500,47,23,7686.14000
2026-09-01 08:05:17,AUD/USD,42,15,0.71431
2026-09-01 08:05:27,GBP/USD,48,28,1.35310
2026-09-01 08:05:37,EUR/USD,26,28,1.15892
2026-09-01 08:05:47,NZD/USD,43,23,0.58913
2026-09-01 08:05:57,US500,47,23,7686.14000
2026-09-01 08:21:11,AUD/USD,42,15,0.71437
2026-09-01 08:21:21,GBP/USD,48,28,1.35310
2026-09-01 08:21:31,EUR/USD,26,28,1.15912
2026-09-01 08:21:41,NZD/USD,43,23,0.58936
2026-09-01 08:21:51,US500,47,23,7686.14000
2026-09-01 08:37:04,AUD/USD,42,15,0.71454
2026-09-01 08:37:15,GBP/USD,48,28,1.35320
2026-09-01 08:37:25,EUR/USD,26,28,1.15909
2026-09-01 08:37:35,NZD/USD,43,23,0.58951
2026-09-01 08:37:45,US500,47,23,7686.14000
2026-09-01 08:52:59,AUD/USD,42,15,0.71490
2026-09-01 08:53:09,GBP/USD,48,28,1.35300
2026-09-01 08:53:19,EUR/USD,43,28,1.15925
2026-09-01 08:53:29,NZD/USD,43,23,0.58997
2026-09-01 08:53:39,US500,47,23,7686.14000
2026-09-01 09:08:53,AUD/USD,42,15,0.71495
2026-09-01 09:09:03,GBP/USD,31,28,1.35300
2026-09-01 09:09:13,EUR/USD,26,28,1.15903
2026-09-01 09:09:23,NZD/USD,43,23,0.58996
2026-09-01 09:09:33,US500,47,23,7686.14000
2026-09-01 09:24:47,AUD/USD,42,15,0.71474
2026-09-01 09:24:57,GBP/USD,31,28,1.35310
2026-09-01 09:25:07,EUR/USD,26,28,1.15909
2026-09-01 09:25:17,NZD/USD,43,23,0.58995
2026-09-01 09:25:27,US500,47,23,7686.14000
2026-09-01 09:40:41,AUD/USD,42,15,0.71516
2026-09-01 09:40:51,GBP/USD,31,28,1.35390
2026-09-01 09:41:01,EUR/USD,43,28,1.15986
2026-09-01 09:41:11,NZD/USD,43,23,0.59013
2026-09-01 09:41:21,US500,26,40,7629.10000
2026-09-01 09:56:35,AUD/USD,42,15,0.71538
2026-09-01 09:56:45,GBP/USD,31,28,1.35400
2026-09-01 09:56:55,EUR/USD,43,28,1.15996
2026-09-01 09:57:05,NZD/USD,47,23,0.59055
2026-09-01 09:57:15,US500,26,23,7633.74000
2026-09-01 10:12:29,AUD/USD,42,5,0.71576
2026-09-01 10:12:40,GBP/USD,52,18,1.35520
2026-09-01 10:12:50,EUR/USD,23,18,1.16073
2026-09-01 10:13:00,NZD/USD,47,13,0.59090
2026-09-01 10:13:10,US500,26,23,7637.03000
2026-09-01 10:28:24,AUD/USD,42,15,0.71568
2026-09-01 10:28:34,GBP/USD,52,28,1.35440
2026-09-01 10:28:44,EUR/USD,43,28,1.16020
2026-09-01 10:28:54,NZD/USD,47,23,0.59070
2026-09-01 10:29:05,US500,26,23,7647.49000
2026-09-01 10:44:19,AUD/USD,42,15,0.71549
2026-09-01 10:44:29,GBP/USD,52,28,1.35420
2026-09-01 10:44:39,EUR/USD,43,28,1.15995
2026-09-01 10:44:49,NZD/USD,47,23,0.59070
2026-09-01 10:44:59,US500,26,23,7661.69000
2026-09-01 11:00:12,AUD/USD,42,15,0.71551
2026-09-01 11:00:22,GBP/USD,31,28,1.35400
2026-09-01 11:00:32,EUR/USD,43,28,1.15979
2026-09-01 11:00:42,NZD/USD,47,23,0.59044
2026-09-01 11:00:52,US500,26,23,7655.38000
2026-09-01 11:16:06,AUD/USD,42,15,0.71536
2026-09-01 11:16:16,GBP/USD,31,28,1.35310
2026-09-01 11:16:26,EUR/USD,43,28,1.15945
2026-09-01 11:16:37,NZD/USD,43,23,0.59017
2026-09-01 11:16:47,US500,26,23,7646.06000
2026-09-01 11:32:00,AUD/USD,42,15,0.71539
2026-09-01 11:32:10,GBP/USD,48,28,1.35280
2026-09-01 11:32:20,EUR/USD,43,28,1.15924
2026-09-01 11:32:30,NZD/USD,43,23,0.59021
2026-09-01 11:32:41,US500,26,23,7650.24000
2026-09-01 11:47:54,AUD/USD,42,15,0.71600
2026-09-01 11:48:04,GBP/USD,48,28,1.35280
2026-09-01 11:48:14,EUR/USD,26,28,1.15910
2026-09-01 11:48:25,NZD/USD,43,23,0.59021
2026-09-01 11:48:35,US500,26,23,7657.17000
2026-09-01 12:03:49,AUD/USD,42,15,0.71577
2026-09-01 12:03:59,GBP/USD,31,28,1.35260
2026-09-01 12:04:09,EUR/USD,26,28,1.15916
2026-09-01 12:04:19,NZD/USD,43,23,0.59019
2026-09-01 12:04:29,US500,26,23,7662.06000
2026-09-01 12:19:43,AUD/USD,42,15,0.71551
2026-09-01 12:19:53,GBP/USD,31,28,1.35230
2026-09-01 12:20:03,EUR/USD,26,28,1.15855
2026-09-01 12:20:13,NZD/USD,43,23,0.58966
2026-09-01 12:20:23,US500,26,23,7654.87000
2026-09-01 12:35:37,AUD/USD,42,15,0.71504
2026-09-01 12:35:47,GBP/USD,31,28,1.35220
2026-09-01 12:35:57,EUR/USD,26,28,1.15863
2026-09-01 12:36:07,NZD/USD,43,23,0.58930
2026-09-01 12:36:17,US500,26,23,7644.83000
2026-09-01 12:51:31,AUD/USD,42,15,0.71518
2026-09-01 12:51:41,GBP/USD,31,28,1.35190
2026-09-01 12:51:51,EUR/USD,26,28,1.15870
2026-09-01 12:52:01,NZD/USD,43,23,0.58916
2026-09-01 12:52:11,US500,26,23,7639.13000
2026-09-01 13:07:25,AUD/USD,42,15,0.71489
2026-09-01 13:07:35,GBP/USD,31,28,1.35150
2026-09-01 13:07:45,EUR/USD,26,28,1.15877
2026-09-01 13:07:55,NZD/USD,43,23,0.58922
2026-09-01 13:08:05,US500,26,23,7638.28000
2026-09-01 13:23:19,AUD/USD,42,15,0.71496
2026-09-01 13:23:29,GBP/USD,31,28,1.35160
2026-09-01 13:23:39,EUR/USD,26,28,1.15902
2026-09-01 13:23:49,NZD/USD,43,23,0.58939
2026-09-01 13:23:59,US500,26,23,7635.97000
2026-09-01 13:39:13,AUD/USD,42,15,0.71487
2026-09-01 13:39:24,GBP/USD,31,28,1.35160
2026-09-01 13:39:34,EUR/USD,26,28,1.15896
2026-09-01 13:39:44,NZD/USD,43,23,0.58930
2026-09-01 13:39:54,US500,26,23,7633.22000
2026-09-01 13:55:08,AUD/USD,42,15,0.71471
2026-09-01 13:55:18,GBP/USD,31,28,1.35140
2026-09-01 13:55:28,EUR/USD,26,28,1.15871
2026-09-01 13:55:38,NZD/USD,43,23,0.58902
2026-09-01 13:55:48,US500,26,23,7637.27000
2026-09-01 14:11:02,AUD/USD,42,15,0.71459
2026-09-01 14:11:12,GBP/USD,31,28,1.35130
2026-09-01 14:11:22,EUR/USD,26,28,1.15882
2026-09-01 14:11:33,NZD/USD,43,23,0.58903
2026-09-01 14:11:43,US500,26,23,7634.47000
2026-09-01 14:26:57,AUD/USD,42,15,0.71461
2026-09-01 14:27:07,GBP/USD,31,28,1.35120
2026-09-01 14:27:17,EUR/USD,26,28,1.15876
2026-09-01 14:27:27,NZD/USD,43,23,0.58913
2026-09-01 14:27:37,US500,26,23,7632.51000
2026-09-01 14:42:51,AUD/USD,32,15,0.71440
2026-09-01 14:43:01,GBP/USD,21,28,1.35070
2026-09-01 14:43:11,EUR/USD,16,28,1.15860
2026-09-01 14:43:21,NZD/USD,16,23,0.58876
2026-09-01 14:43:31,US500,26,40,7625.09000
2026-09-01 14:58:45,AUD/USD,42,15,0.71467
2026-09-01 14:58:55,GBP/USD,31,28,1.35120
2026-09-01 14:59:05,EUR/USD,26,28,1.15902
2026-09-01 14:59:16,NZD/USD,43,23,0.58919
2026-09-01 14:59:26,US500,26,40,7617.86000
2026-09-01 15:14:39,AUD/USD,42,15,0.71467
2026-09-01 15:14:49,GBP/USD,31,28,1.35150
2026-09-01 15:14:59,EUR/USD,43,28,1.15925
2026-09-01 15:15:10,NZD/USD,43,23,0.58922
2026-09-01 15:15:20,US500,26,40,7627.13000
2026-09-01 15:30:34,AUD/USD,42,15,0.71457
2026-09-01 15:30:44,GBP/USD,31,28,1.35140
2026-09-01 15:30:54,EUR/USD,26,28,1.15917
2026-09-01 15:31:04,NZD/USD,43,23,0.58917
2026-09-01 15:31:14,US500,26,40,7628.76000
2026-09-01 15:46:28,AUD/USD,42,15,0.71444
2026-09-01 15:46:38,GBP/USD,31,28,1.35100
2026-09-01 15:46:48,EUR/USD,26,28,1.15880
2026-09-01 15:46:58,NZD/USD,26,23,0.58888
2026-09-01 15:47:08,US500,26,40,7625.77000
2026-09-01 16:02:22,AUD/USD,42,15,0.71423
2026-09-01 16:02:32,GBP/USD,31,28,1.35100
2026-09-01 16:02:42,EUR/USD,26,28,1.15884
2026-09-01 16:02:52,NZD/USD,26,23,0.58881
2026-09-01 16:03:02,US500,26,40,7624.63000
2026-09-01 16:18:16,AUD/USD,42,15,0.71426
2026-09-01 16:18:26,GBP/USD,31,28,1.35120
2026-09-01 16:18:36,EUR/USD,26,28,1.15880
2026-09-01 16:18:46,NZD/USD,43,23,0.58890
2026-09-01 16:18:56,US500,26,40,7631.47000
2026-09-01 16:34:09,AUD/USD,42,15,0.71432
2026-09-01 16:34:19,GBP/USD,31,28,1.35130
2026-09-01 16:34:29,EUR/USD,26,28,1.15897
2026-09-01 16:34:39,NZD/USD,26,23,0.58886
2026-09-01 16:34:49,US500,26,40,7631.47000
2026-09-01 16:50:03,AUD/USD,42,15,0.71448
2026-09-01 16:50:13,GBP/USD,31,28,1.35160
2026-09-01 16:50:23,EUR/USD,26,28,1.15922
2026-09-01 16:50:33,NZD/USD,43,23,0.58896
2026-09-01 16:50:43,US500,26,40,7631.47000
2026-09-01 17:05:57,AUD/USD,42,15,0.71437
2026-09-01 17:06:07,GBP/USD,31,28,1.35120
2026-09-01 17:06:17,EUR/USD,26,28,1.15893
2026-09-01 17:06:27,NZD/USD,43,23,0.58900
2026-09-01 17:06:38,US500,26,40,7631.47000
2026-09-01 17:21:51,AUD/USD,42,15,0.71428
2026-09-01 17:22:02,GBP/USD,31,28,1.35100
2026-09-01 17:22:12,EUR/USD,26,28,1.15885
2026-09-01 17:22:22,NZD/USD,43,23,0.58908
2026-09-01 17:22:32,US500,26,40,7631.47000
2026-09-01 17:37:49,AUD/USD,42,15,0.71436
2026-09-01 17:38:02,GBP/USD,31,28,1.35120
2026-09-01 17:38:15,EUR/USD,26,28,1.15898
2026-09-01 17:38:27,NZD/USD,26,23,0.58886
2026-09-01 17:38:40,US500,26,40,7631.47000
2026-09-01 18:35:47,AUD/USD,27,23,0.71460
2026-09-01 18:35:57,GBP/USD,48,28,1.35160
2026-09-01 18:36:07,EUR/USD,43,28,1.15932
2026-09-01 18:36:17,NZD/USD,43,23,0.58930
2026-09-01 18:36:27,US500,26,40,7631.47000
2026-09-01 18:51:41,AUD/USD,27,23,0.71464
2026-09-01 18:51:51,GBP/USD,48,28,1.35160
2026-09-01 18:52:01,EUR/USD,43,28,1.15925
2026-09-01 18:52:11,NZD/USD,43,23,0.58931
2026-09-01 18:52:21,US500,26,40,7631.47000
2026-09-01 19:07:35,AUD/USD,27,23,0.71466
2026-09-01 19:07:45,GBP/USD,48,28,1.35150
2026-09-01 19:07:55,EUR/USD,43,28,1.15924
2026-09-01 19:08:05,NZD/USD,43,23,0.58941
2026-09-01 19:08:15,US500,26,40,7631.47000
2026-09-01 19:23:28,AUD/USD,27,23,0.71457
2026-09-01 19:23:39,GBP/USD,48,28,1.35150
2026-09-01 19:23:49,EUR/USD,43,28,1.15923
2026-09-01 19:23:59,NZD/USD,43,23,0.58938
2026-09-01 19:24:09,US500,26,40,7631.47000
2026-09-01 19:39:23,AUD/USD,27,23,0.71470
2026-09-01 19:39:33,GBP/USD,48,28,1.35160
2026-09-01 19:39:43,EUR/USD,43,28,1.15924
2026-09-01 19:39:53,NZD/USD,43,23,0.58941
2026-09-01 19:40:03,US500,26,40,7631.47000
2026-09-01 19:55:17,AUD/USD,27,23,0.71458
2026-09-01 19:55:27,GBP/USD,48,28,1.35140
2026-09-01 19:55:37,EUR/USD,26,28,1.15913
2026-09-01 19:55:47,NZD/USD,43,23,0.58926
2026-09-01 19:55:57,US500,26,40,7631.47000
2026-09-01 21:22:19,AUD/USD,17,23,0.71429
2026-09-01 21:22:29,GBP/USD,21,28,1.35060
2026-09-01 21:22:39,EUR/USD,16,28,1.15821
2026-09-01 21:22:50,NZD/USD,33,23,0.58913
2026-09-01 21:23:00,US500,26,40,7631.47000
2026-09-01 21:38:13,AUD/USD,17,23,0.71467
2026-09-01 21:38:24,GBP/USD,21,28,1.35030
2026-09-01 21:38:34,EUR/USD,16,28,1.15767
2026-09-01 21:38:44,NZD/USD,33,23,0.58910
2026-09-01 21:38:54,US500,26,40,7631.47000
2026-09-01 21:54:07,AUD/USD,17,23,0.71473
2026-09-01 21:54:17,GBP/USD,21,28,1.35020
2026-09-01 21:54:27,EUR/USD,16,28,1.15781
2026-09-01 21:54:37,NZD/USD,33,23,0.58906
2026-09-01 21:54:48,US500,26,40,7631.47000
2026-09-01 22:00:51,AUD/USD,17,23,0.71451
2026-09-01 22:01:01,GBP/USD,21,28,1.35020
2026-09-01 22:01:11,EUR/USD,16,28,1.15766
2026-09-01 22:01:21,NZD/USD,5,40,0.58615
2026-09-01 22:01:32,US500,26,40,7631.47000
2026-09-01 22:04:58,AUD/USD,17,23,0.71429
2026-09-01 22:05:08,GBP/USD,21,28,1.35030
2026-09-01 22:05:18,EUR/USD,16,28,1.15764
2026-09-01 22:05:28,NZD/USD,5,20,0.58545
2026-09-01 22:05:38,US500,26,40,7631.47000
2026-09-01 22:20:52,AUD/USD,17,23,0.71458
2026-09-01 22:21:02,GBP/USD,21,28,1.35070
2026-09-01 22:21:12,EUR/USD,16,28,1.15808
2026-09-01 22:21:22,NZD/USD,5,20,0.58552
2026-09-01 22:21:32,US500,26,40,7631.47000
2026-09-01 22:36:46,AUD/USD,17,23,0.71411
2026-09-01 22:36:56,GBP/USD,21,28,1.35060
2026-09-01 22:37:06,EUR/USD,16,28,1.15799
2026-09-01 22:37:16,NZD/USD,5,20,0.58501
2026-09-01 22:37:26,US500,26,40,7631.47000
2026-09-02 08:24:28,AUD/USD,17,23,0.71499
2026-09-02 08:24:38,GBP/USD,21,45,1.34850
2026-09-02 08:24:48,EUR/USD,16,28,1.15817
2026-09-02 08:24:58,NZD/USD,5,34,0.58299
2026-09-02 08:25:08,US500,26,40,7631.47000
2026-09-02 08:40:22,AUD/USD,17,23,0.71454
2026-09-02 08:40:32,GBP/USD,21,45,1.34780
2026-09-02 08:40:42,EUR/USD,16,28,1.15780
2026-09-02 08:40:52,NZD/USD,5,34,0.58215
2026-09-02 08:41:02,US500,26,40,7631.47000
2026-09-02 08:56:16,AUD/USD,17,23,0.71480
2026-09-02 08:56:26,GBP/USD,10,25,1.34760
2026-09-02 08:56:36,EUR/USD,16,28,1.15789
2026-09-02 08:56:46,NZD/USD,5,34,0.58214
2026-09-02 08:56:56,US500,26,40,7631.47000
2026-09-02 09:12:10,AUD/USD,17,23,0.71519
2026-09-02 09:12:20,GBP/USD,21,45,1.34780
2026-09-02 09:12:30,EUR/USD,16,28,1.15802
2026-09-02 09:12:40,NZD/USD,5,34,0.58215
2026-09-02 09:12:50,US500,26,40,7631.47000
2026-09-02 09:28:05,AUD/USD,50,15,0.71622
2026-09-02 09:28:15,GBP/USD,31,28,1.35000
2026-09-02 09:28:25,EUR/USD,26,28,1.15974
2026-09-02 09:28:35,NZD/USD,15,34,0.58342
2026-09-02 09:28:45,US500,26,40,7631.47000
2026-09-02 09:43:59,AUD/USD,50,15,0.71646
2026-09-02 09:44:09,GBP/USD,31,28,1.35050
2026-09-02 09:44:19,EUR/USD,26,28,1.15952
2026-09-02 09:44:29,NZD/USD,15,34,0.58369
2026-09-02 09:44:39,US500,26,23,7640.87000
2026-09-02 09:59:53,AUD/USD,50,15,0.71723
2026-09-02 10:00:03,GBP/USD,31,28,1.35130
2026-09-02 10:00:13,EUR/USD,43,28,1.16032
2026-09-02 10:00:23,NZD/USD,15,34,0.58426
2026-09-02 10:00:33,US500,26,23,7639.64000
2026-09-02 10:15:47,AUD/USD,50,15,0.71671
2026-09-02 10:15:57,GBP/USD,31,28,1.35050
2026-09-02 10:16:07,EUR/USD,26,28,1.15939
2026-09-02 10:16:17,NZD/USD,15,34,0.58387
2026-09-02 10:16:27,US500,43,23,7654.89000
2026-09-02 10:31:41,AUD/USD,50,15,0.71645
2026-09-02 10:31:51,GBP/USD,31,28,1.35010
2026-09-02 10:32:01,EUR/USD,26,28,1.15915
2026-09-02 10:32:11,NZD/USD,15,34,0.58399
2026-09-02 10:32:21,US500,47,23,7669.39000
2026-09-02 10:47:34,AUD/USD,50,15,0.71656
2026-09-02 10:47:44,GBP/USD,31,28,1.35000
2026-09-02 10:47:54,EUR/USD,26,28,1.15908
2026-09-02 10:48:04,NZD/USD,15,34,0.58412
2026-09-02 10:48:14,US500,47,23,7673.18000
2026-09-02 11:03:28,AUD/USD,50,15,0.71724
2026-09-02 11:03:38,GBP/USD,31,28,1.35090
2026-09-02 11:03:48,EUR/USD,26,28,1.15956
2026-09-02 11:03:58,NZD/USD,15,20,0.58480
2026-09-02 11:04:08,US500,47,23,7671.31000
2026-09-02 11:19:22,AUD/USD,50,15,0.71720
2026-09-02 11:19:32,GBP/USD,31,28,1.35030
2026-09-02 11:19:42,EUR/USD,26,28,1.15931
2026-09-02 11:19:52,NZD/USD,15,20,0.58507
2026-09-02 11:20:02,US500,47,23,7671.09000
2026-09-02 11:35:15,AUD/USD,50,15,0.71708
2026-09-02 11:35:25,GBP/USD,31,28,1.35010
2026-09-02 11:35:36,EUR/USD,26,28,1.15926
2026-09-02 11:35:46,NZD/USD,15,28,0.58478
2026-09-02 11:35:56,US500,55,23,7677.90000
2026-09-02 11:51:10,AUD/USD,50,15,0.71680
2026-09-02 11:51:20,GBP/USD,31,28,1.34960
2026-09-02 11:51:30,EUR/USD,26,28,1.15908
2026-09-02 11:51:40,NZD/USD,15,34,0.58447
2026-09-02 11:51:50,US500,47,23,7675.80000
2026-09-02 12:07:04,AUD/USD,50,15,0.71680
2026-09-02 12:07:14,GBP/USD,31,28,1.35000
2026-09-02 12:07:24,EUR/USD,26,28,1.15924
2026-09-02 12:07:34,NZD/USD,15,28,0.58462
2026-09-02 12:07:44,US500,47,23,7670.34000
2026-09-02 12:22:58,AUD/USD,50,15,0.71691
2026-09-02 12:23:08,GBP/USD,31,28,1.35020
2026-09-02 12:23:19,EUR/USD,26,28,1.15932
2026-09-02 12:23:29,NZD/USD,15,28,0.58464
2026-09-02 12:23:39,US500,47,23,7674.28000
2026-09-02 12:38:53,AUD/USD,50,15,0.71678
2026-09-02 12:39:03,GBP/USD,31,28,1.34970
2026-09-02 12:39:13,EUR/USD,26,28,1.15909
2026-09-02 12:39:23,NZD/USD,15,34,0.58443
2026-09-02 12:39:33,US500,43,23,7664.74000
2026-09-02 12:54:46,AUD/USD,50,15,0.71697
2026-09-02 12:54:56,GBP/USD,31,28,1.34970
2026-09-02 12:55:06,EUR/USD,26,28,1.15909
2026-09-02 12:55:16,NZD/USD,15,28,0.58462
2026-09-02 12:55:26,US500,43,23,7664.53000
2026-09-02 13:10:40,AUD/USD,50,15,0.71663
2026-09-02 13:10:50,GBP/USD,31,45,1.34900
2026-09-02 13:11:00,EUR/USD,26,28,1.15861
2026-09-02 13:11:10,NZD/USD,15,34,0.58433
2026-09-02 13:11:20,US500,43,23,7668.43000
2026-09-02 13:26:34,AUD/USD,50,15,0.71664
2026-09-02 13:26:44,GBP/USD,31,45,1.34880
2026-09-02 13:26:54,EUR/USD,26,28,1.15850
2026-09-02 13:27:04,NZD/USD,15,34,0.58427
2026-09-02 13:27:14,US500,43,23,7664.49000
2026-09-02 13:42:28,AUD/USD,50,15,0.71674
2026-09-02 13:42:38,GBP/USD,31,45,1.34880
2026-09-02 13:42:48,EUR/USD,26,28,1.15875
2026-09-02 13:42:58,NZD/USD,15,34,0.58450
2026-09-02 13:43:08,US500,43,23,7661.90000
2026-09-02 13:58:22,AUD/USD,50,15,0.71687
2026-09-02 13:58:32,GBP/USD,31,45,1.34870
2026-09-02 13:58:42,EUR/USD,26,28,1.15863
2026-09-02 13:58:52,NZD/USD,15,34,0.58452
2026-09-02 13:59:02,US500,43,23,7666.77000
2026-09-02 14:14:16,AUD/USD,50,15,0.71680
2026-09-02 14:14:26,GBP/USD,31,45,1.34870
2026-09-02 14:14:36,EUR/USD,26,28,1.15861
2026-09-02 14:14:46,NZD/USD,15,34,0.58447
2026-09-02 14:14:56,US500,43,23,7668.81000
2026-09-02 14:30:09,AUD/USD,50,15,0.71677
2026-09-02 14:30:19,GBP/USD,31,45,1.34870
2026-09-02 14:30:29,EUR/USD,26,28,1.15860
2026-09-02 14:30:39,NZD/USD,15,34,0.58445
2026-09-02 14:30:49,US500,47,23,7672.29000
2026-09-02 14:46:03,AUD/USD,50,15,0.71677
2026-09-02 14:46:13,GBP/USD,31,45,1.34870
2026-09-02 14:46:23,EUR/USD,26,28,1.15853
2026-09-02 14:46:33,NZD/USD,15,34,0.58448
2026-09-02 14:46:44,US500,43,23,7667.83000
2026-09-02 15:01:57,AUD/USD,50,15,0.71679
2026-09-02 15:02:07,GBP/USD,31,45,1.34850
2026-09-02 15:02:17,EUR/USD,26,28,1.15854
2026-09-02 15:02:27,NZD/USD,15,28,0.58456
2026-09-02 15:02:37,US500,43,23,7663.32000
2026-09-02 15:17:51,AUD/USD,50,15,0.71680
2026-09-02 15:18:01,GBP/USD,31,45,1.34870
2026-09-02 15:18:11,EUR/USD,26,28,1.15845
2026-09-02 15:18:21,NZD/USD,15,28,0.58483
2026-09-02 15:18:31,US500,43,23,7666.04000
2026-09-02 15:33:45,AUD/USD,50,15,0.71680
2026-09-02 15:33:55,GBP/USD,31,45,1.34860
2026-09-02 15:34:05,EUR/USD,26,28,1.15847
2026-09-02 15:34:15,NZD/USD,15,28,0.58480
2026-09-02 15:34:25,US500,43,23,7668.92000
2026-09-02 15:49:38,AUD/USD,50,15,0.71683
2026-09-02 15:49:48,GBP/USD,31,45,1.34840
2026-09-02 15:49:58,EUR/USD,26,28,1.15834
2026-09-02 15:50:08,NZD/USD,15,20,0.58486
2026-09-02 15:50:18,US500,43,23,7667.40000
2026-09-02 16:05:32,AUD/USD,50,15,0.71716
2026-09-02 16:05:42,GBP/USD,31,45,1.34910
2026-09-02 16:05:52,EUR/USD,26,28,1.15891
2026-09-02 16:06:02,NZD/USD,15,20,0.58530
2026-09-02 16:06:12,US500,43,23,7665.81000
2026-09-02 16:21:26,AUD/USD,50,15,0.71697
2026-09-02 16:21:36,GBP/USD,31,45,1.34880
2026-09-02 16:21:46,EUR/USD,26,28,1.15878
2026-09-02 16:21:56,NZD/USD,15,20,0.58524
2026-09-02 16:22:06,US500,43,23,7666.60000
2026-09-02 16:37:20,AUD/USD,50,15,0.71701
2026-09-02 16:37:30,GBP/USD,31,45,1.34880
2026-09-02 16:37:40,EUR/USD,26,28,1.15879
2026-09-02 16:37:50,NZD/USD,15,20,0.58517
2026-09-02 16:38:00,US500,43,23,7666.60000
2026-09-02 16:53:14,AUD/USD,50,15,0.71701
2026-09-02 16:53:24,GBP/USD,31,45,1.34890
2026-09-02 16:53:34,EUR/USD,26,28,1.15892
2026-09-02 16:53:44,NZD/USD,15,20,0.58514
2026-09-02 16:53:54,US500,43,23,7666.60000
2026-09-02 17:09:08,AUD/USD,50,15,0.71602
2026-09-02 17:09:18,GBP/USD,31,45,1.34840
2026-09-02 17:09:28,EUR/USD,26,28,1.15872
2026-09-02 17:09:38,NZD/USD,15,34,0.58420
2026-09-02 17:09:48,US500,43,23,7666.60000
2026-09-02 17:25:02,AUD/USD,50,15,0.71636
2026-09-02 17:25:12,GBP/USD,31,45,1.34850
2026-09-02 17:25:22,EUR/USD,26,28,1.15871
2026-09-02 17:25:32,NZD/USD,15,34,0.58370
2026-09-02 17:25:42,US500,43,23,7666.60000
2026-09-02 17:40:56,AUD/USD,50,15,0.71658
2026-09-02 17:41:06,GBP/USD,31,45,1.34800
2026-09-02 17:41:16,EUR/USD,26,28,1.15871
2026-09-02 17:41:27,NZD/USD,15,34,0.58413
2026-09-02 17:41:37,US500,43,23,7666.60000
2026-09-02 17:56:51,AUD/USD,50,15,0.71660
2026-09-02 17:57:01,GBP/USD,31,45,1.34800
2026-09-02 17:57:11,EUR/USD,26,28,1.15865
2026-09-02 17:57:21,NZD/USD,15,28,0.58491
2026-09-02 17:57:31,US500,43,23,7666.60000
2026-09-02 18:12:45,AUD/USD,50,15,0.71695
2026-09-02 18:12:55,GBP/USD,31,28,1.34810
2026-09-02 18:13:05,EUR/USD,26,28,1.15866
2026-09-02 18:13:15,NZD/USD,15,20,0.58484
2026-09-02 18:13:25,US500,43,23,7666.60000
2026-09-02 18:22:02,AUD/USD,35,23,0.71681
2026-09-02 18:22:12,GBP/USD,31,28,1.34820
2026-09-02 19:38:18,AUD/USD,35,13,0.71651
2026-09-02 19:38:28,GBP/USD,31,18,1.34800
2026-09-02 19:38:38,EUR/USD,26,18,1.15843
2026-09-02 19:38:48,NZD/USD,15,0,0.58499
2026-09-02 19:38:58,US500,43,23,7666.60000
2026-09-02 19:54:12,AUD/USD,35,13,0.71654
2026-09-02 19:54:22,GBP/USD,31,18,1.34810
2026-09-02 19:54:32,EUR/USD,26,18,1.15848
2026-09-02 19:54:42,NZD/USD,15,0,0.58505
2026-09-02 19:54:52,US500,43,23,7666.60000
2026-09-02 20:10:06,AUD/USD,35,13,0.71630
2026-09-02 20:10:16,GBP/USD,31,18,1.34820
2026-09-02 20:10:26,EUR/USD,26,18,1.15854
2026-09-02 20:10:36,NZD/USD,15,0,0.58527
2026-09-02 20:10:46,US500,43,23,7666.60000
2026-09-02 20:26:00,AUD/USD,35,13,0.71664
2026-09-02 20:26:10,GBP/USD,31,18,1.34850
2026-09-02 20:26:19,EUR/USD,43,18,1.15885
2026-09-02 20:26:29,NZD/USD,15,0,0.58553
2026-09-02 20:26:39,US500,43,23,7666.60000
2026-09-02 20:41:53,AUD/USD,35,13,0.71645
2026-09-02 20:42:03,GBP/USD,31,18,1.34850
2026-09-02 20:42:13,EUR/USD,26,18,1.15883
2026-09-02 20:42:23,NZD/USD,15,0,0.58529
2026-09-02 20:42:33,US500,43,23,7666.60000
2026-09-02 20:57:47,AUD/USD,35,13,0.71664
2026-09-02 20:57:57,GBP/USD,31,18,1.34880
2026-09-02 20:58:07,EUR/USD,43,18,1.15900
2026-09-02 20:58:17,NZD/USD,15,0,0.58538
2026-09-02 20:58:27,US500,43,23,7666.60000
2026-09-03 08:07:38,AUD/USD,50,0,0.71928
2026-09-03 08:07:48,GBP/USD,31,8,1.34980
2026-09-03 08:07:58,EUR/USD,31,8,1.16163
2026-09-03 08:08:08,NZD/USD,26,3,0.58718
2026-09-03 08:08:18,US500,43,23,7666.60000
2026-09-03 08:23:32,AUD/USD,50,0,0.71896
2026-09-03 08:23:42,GBP/USD,31,8,1.34910
2026-09-03 08:23:52,EUR/USD,31,8,1.16105
2026-09-03 08:24:01,NZD/USD,26,3,0.58649
2026-09-03 08:24:11,US500,43,23,7666.60000
2026-09-03 08:39:25,AUD/USD,50,0,0.72011
2026-09-03 08:39:35,GBP/USD,48,8,1.35100
2026-09-03 08:39:45,EUR/USD,31,8,1.16212
2026-09-03 08:39:55,NZD/USD,26,3,0.58784
2026-09-03 08:40:05,US500,43,23,7666.60000
2026-09-03 08:55:19,AUD/USD,50,0,0.72043
2026-09-03 08:55:29,GBP/USD,56,8,1.35210
2026-09-03 08:55:39,EUR/USD,31,8,1.16292
2026-09-03 08:55:49,NZD/USD,43,3,0.58818
2026-09-03 08:55:59,US500,43,23,7666.60000
2026-09-03 09:11:12,AUD/USD,50,0,0.72020
2026-09-03 09:11:22,GBP/USD,48,8,1.35110
2026-09-03 09:11:32,EUR/USD,31,8,1.16223
2026-09-03 09:11:42,NZD/USD,26,3,0.58754
2026-09-03 09:11:53,US500,43,23,7666.60000
2026-09-03 09:27:06,AUD/USD,50,0,0.71975
2026-09-03 09:27:16,GBP/USD,48,8,1.35100
2026-09-03 09:27:26,EUR/USD,31,8,1.16215
2026-09-03 09:27:36,NZD/USD,26,3,0.58700
2026-09-03 09:27:46,US500,43,23,7666.60000
2026-09-03 09:43:00,AUD/USD,50,0,0.71920
2026-09-03 09:43:10,GBP/USD,48,8,1.35070
2026-09-03 09:43:20,EUR/USD,31,8,1.16219
2026-09-03 09:43:30,NZD/USD,26,3,0.58706
2026-09-03 09:43:40,US500,35,23,7708.62000
2026-09-03 09:58:54,AUD/USD,50,0,0.71930
2026-09-03 09:59:04,GBP/USD,48,8,1.35150
2026-09-03 09:59:14,EUR/USD,31,8,1.16273
2026-09-03 09:59:24,NZD/USD,26,3,0.58762
2026-09-03 09:59:34,US500,35,23,7713.07000
2026-09-03 10:14:48,AUD/USD,50,0,0.71891
2026-09-03 10:14:58,GBP/USD,48,8,1.35130
2026-09-03 10:15:08,EUR/USD,31,8,1.16238
2026-09-03 10:15:18,NZD/USD,26,3,0.58750
2026-09-03 10:15:28,US500,55,23,7696.53000
2026-09-03 10:30:41,AUD/USD,50,0,0.71911
2026-09-03 10:30:52,GBP/USD,48,8,1.35110
2026-09-03 10:31:02,EUR/USD,31,8,1.16233
2026-09-03 10:31:12,NZD/USD,26,3,0.58714
2026-09-03 10:31:22,US500,55,23,7702.89000
2026-09-03 10:46:35,AUD/USD,50,0,0.71862
2026-09-03 10:46:45,GBP/USD,48,8,1.35030
2026-09-03 10:46:55,EUR/USD,31,8,1.16136
2026-09-03 10:47:05,NZD/USD,26,3,0.58677
2026-09-03 10:47:15,US500,55,23,7698.50000
2026-09-03 11:02:29,AUD/USD,50,0,0.71957
2026-09-03 11:02:39,GBP/USD,56,8,1.35250
2026-09-03 11:02:49,EUR/USD,31,8,1.16215
2026-09-03 11:02:59,NZD/USD,26,3,0.58775
2026-09-03 11:03:09,US500,55,23,7698.69000
2026-09-03 11:18:23,AUD/USD,50,0,0.71950
2026-09-03 11:18:33,GBP/USD,60,8,1.35360
2026-09-03 11:18:43,EUR/USD,31,8,1.16219
2026-09-03 11:18:53,NZD/USD,51,3,0.58832
2026-09-03 11:19:03,US500,35,23,7724.37000
2026-09-03 11:34:17,AUD/USD,50,0,0.71961
2026-09-03 11:34:27,GBP/USD,60,8,1.35370
2026-09-03 11:34:37,EUR/USD,31,8,1.16245
2026-09-03 11:34:47,NZD/USD,51,3,0.58847
2026-09-03 11:34:57,US500,35,23,7737.16000
2026-09-03 11:50:10,AUD/USD,50,0,0.71938
2026-09-03 11:50:20,GBP/USD,56,8,1.35290
2026-09-03 11:50:30,EUR/USD,31,8,1.16182
2026-09-03 11:50:40,NZD/USD,43,3,0.58816
2026-09-03 11:50:50,US500,35,23,7740.77000
2026-09-03 12:06:04,AUD/USD,50,0,0.71985
2026-09-03 12:06:14,GBP/USD,56,8,1.35320
2026-09-03 12:06:24,EUR/USD,31,8,1.16227
2026-09-03 12:06:34,NZD/USD,51,3,0.58827
2026-09-03 12:06:44,US500,35,23,7746.59000
2026-09-03 12:21:58,AUD/USD,50,0,0.72036
2026-09-03 12:22:08,GBP/USD,60,8,1.35410
2026-09-03 12:22:18,EUR/USD,31,8,1.16309
2026-09-03 12:22:28,NZD/USD,51,3,0.58888
2026-09-03 12:22:38,US500,35,23,7741.67000
2026-09-03 12:37:52,AUD/USD,50,0,0.72034
2026-09-03 12:38:02,GBP/USD,60,8,1.35420
2026-09-03 12:38:12,EUR/USD,31,8,1.16360
2026-09-03 12:38:22,NZD/USD,51,3,0.58884
2026-09-03 12:38:32,US500,35,23,7740.87000
2026-09-03 12:53:46,AUD/USD,50,0,0.72056
2026-09-03 12:53:56,GBP/USD,60,8,1.35460
2026-09-03 12:54:06,EUR/USD,31,8,1.16399
2026-09-03 12:54:16,NZD/USD,51,3,0.58907
2026-09-03 12:54:26,US500,35,23,7748.52000
2026-09-03 13:09:40,AUD/USD,50,0,0.72034
2026-09-03 13:09:50,GBP/USD,60,8,1.35400
2026-09-03 13:10:00,EUR/USD,31,8,1.16358
2026-09-03 13:10:10,NZD/USD,51,3,0.58863
2026-09-03 13:10:21,US500,35,23,7746.04000
2026-09-03 13:25:34,AUD/USD,50,0,0.72049
2026-09-03 13:25:45,GBP/USD,60,8,1.35450
2026-09-03 13:25:55,EUR/USD,31,8,1.16364
2026-09-03 13:26:05,NZD/USD,51,3,0.58853
2026-09-03 13:26:15,US500,35,23,7741.53000
2026-09-03 13:41:29,AUD/USD,50,0,0.72064
2026-09-03 13:41:39,GBP/USD,60,8,1.35440
2026-09-03 13:41:49,EUR/USD,31,8,1.16364
2026-09-03 13:42:00,NZD/USD,51,3,0.58866
2026-09-03 13:42:10,US500,35,23,7745.13000
2026-09-03 13:57:23,AUD/USD,50,0,0.72050
2026-09-03 13:57:34,GBP/USD,60,8,1.35410
2026-09-03 13:57:44,EUR/USD,31,8,1.16333
2026-09-03 13:57:54,NZD/USD,51,3,0.58839
2026-09-03 13:58:04,US500,35,23,7746.16000
2026-09-03 14:13:18,AUD/USD,50,0,0.72068
2026-09-03 14:13:28,GBP/USD,60,8,1.35430
2026-09-03 14:13:38,EUR/USD,31,8,1.16349
2026-09-03 14:13:48,NZD/USD,43,3,0.58868
2026-09-03 14:13:58,US500,35,23,7753.77000
2026-09-03 14:29:12,AUD/USD,50,0,0.72073
2026-09-03 14:29:22,GBP/USD,60,8,1.35410
2026-09-03 14:29:32,EUR/USD,31,8,1.16352
2026-09-03 14:29:42,NZD/USD,43,3,0.58861
2026-09-03 14:29:52,US500,35,23,7753.45000
2026-09-03 14:45:06,AUD/USD,50,0,0.72058
2026-09-03 14:45:16,GBP/USD,60,8,1.35390
2026-09-03 14:45:26,EUR/USD,31,8,1.16337
2026-09-03 14:45:36,NZD/USD,43,3,0.58846
2026-09-03 14:45:46,US500,35,23,7754.93000
2026-09-03 15:00:59,AUD/USD,50,0,0.72057
2026-09-03 15:01:10,GBP/USD,60,8,1.35380
2026-09-03 15:01:19,EUR/USD,31,8,1.16342
2026-09-03 15:01:30,NZD/USD,43,3,0.58846
2026-09-03 15:01:40,US500,35,23,7753.11000
2026-09-03 15:16:53,AUD/USD,50,0,0.72025
2026-09-03 15:17:04,GBP/USD,48,8,1.35300
2026-09-03 15:17:14,EUR/USD,31,8,1.16285
2026-09-03 15:17:24,NZD/USD,26,3,0.58810
2026-09-03 15:17:34,US500,35,23,7752.91000
2026-09-03 15:32:48,AUD/USD,50,0,0.72012
2026-09-03 15:32:58,GBP/USD,48,8,1.35250
2026-09-03 15:33:08,EUR/USD,31,8,1.16265
2026-09-03 15:33:18,NZD/USD,26,3,0.58795
2026-09-03 15:33:28,US500,35,23,7749.98000
2026-09-03 15:48:41,AUD/USD,50,0,0.72026
2026-09-03 15:48:51,GBP/USD,48,8,1.35270
2026-09-03 15:49:02,EUR/USD,31,8,1.16283
2026-09-03 15:49:12,NZD/USD,43,3,0.58824
2026-09-03 15:49:22,US500,35,23,7751.46000
2026-09-03 16:04:35,AUD/USD,50,0,0.72031
2026-09-03 16:04:45,GBP/USD,48,8,1.35290
2026-09-03 16:04:55,EUR/USD,31,8,1.16297
2026-09-03 16:05:05,NZD/USD,43,3,0.58826
2026-09-03 16:05:15,US500,35,23,7745.74000
2026-09-03 16:20:29,AUD/USD,50,0,0.72011
2026-09-03 16:20:39,GBP/USD,48,8,1.35250
2026-09-03 16:20:50,EUR/USD,31,8,1.16264
2026-09-03 16:21:00,NZD/USD,26,3,0.58813
2026-09-03 16:21:10,US500,35,23,7747.71000
2026-09-03 16:36:24,AUD/USD,50,0,0.72015
2026-09-03 16:36:34,GBP/USD,48,8,1.35260
2026-09-03 16:36:44,EUR/USD,31,8,1.16267
2026-09-03 16:36:54,NZD/USD,26,3,0.58819
2026-09-03 16:37:04,US500,35,23,7747.71000
2026-09-03 16:52:18,AUD/USD,50,0,0.72012
2026-09-03 16:52:28,GBP/USD,48,8,1.35260
2026-09-03 16:52:38,EUR/USD,31,8,1.16270
2026-09-03 16:52:48,NZD/USD,26,3,0.58820
2026-09-03 16:52:58,US500,35,23,7747.71000
2026-09-03 17:08:12,AUD/USD,50,0,0.72020
2026-09-03 17:08:22,GBP/USD,48,8,1.35260
2026-09-03 17:08:32,EUR/USD,31,8,1.16287
2026-09-03 17:08:42,NZD/USD,26,3,0.58742
2026-09-03 17:08:53,US500,35,23,7747.71000
2026-09-03 17:24:06,AUD/USD,50,0,0.71990
2026-09-03 17:24:17,GBP/USD,48,8,1.35240
2026-09-03 17:24:27,EUR/USD,31,8,1.16253
2026-09-03 17:24:37,NZD/USD,26,3,0.58763
2026-09-03 17:24:47,US500,35,23,7747.71000
2026-09-03 17:40:04,AUD/USD,50,0,0.71977
2026-09-03 17:40:16,GBP/USD,48,8,1.35250
2026-09-03 17:40:29,EUR/USD,31,8,1.16242
2026-09-03 17:40:41,NZD/USD,26,3,0.58772
2026-09-03 17:40:53,US500,35,23,7747.71000
2026-09-03 17:56:07,AUD/USD,50,0,0.71960
2026-09-03 17:56:17,GBP/USD,48,8,1.35240
2026-09-03 17:56:27,EUR/USD,31,8,1.16230
2026-09-03 17:56:37,NZD/USD,26,3,0.58763
2026-09-03 17:56:47,US500,35,23,7747.71000
2026-09-03 18:03:38,AUD/USD,50,0,0.72000
2026-09-03 18:03:48,GBP/USD,48,8,1.35240
2026-09-03 18:03:59,EUR/USD,31,8,1.16250
2026-09-03 18:04:09,NZD/USD,31,8,0.58800
2026-09-03 18:04:19,US500,35,23,7747.71000
2026-09-03 18:19:33,AUD/USD,50,0,0.72004
2026-09-03 18:19:43,GBP/USD,48,8,1.35230
2026-09-03 18:19:53,EUR/USD,31,8,1.16254
2026-09-03 18:20:03,NZD/USD,31,8,0.58825
2026-09-03 18:20:13,US500,35,23,7747.71000
2026-09-03 18:35:27,AUD/USD,50,0,0.72000
2026-09-03 18:35:37,GBP/USD,48,8,1.35230
2026-09-03 18:35:48,EUR/USD,31,8,1.16260
2026-09-03 18:35:58,NZD/USD,31,8,0.58818
2026-09-03 18:36:08,US500,35,23,7747.71000
2026-09-03 18:51:21,AUD/USD,50,0,0.71996
2026-09-03 18:51:32,GBP/USD,48,8,1.35240
2026-09-03 18:51:42,EUR/USD,31,8,1.16242
2026-09-03 18:51:52,NZD/USD,31,8,0.58811
2026-09-03 18:52:02,US500,35,23,7747.71000
2026-09-03 19:07:16,AUD/USD,50,0,0.71997
2026-09-03 19:07:26,GBP/USD,48,8,1.35240
2026-09-03 19:07:36,EUR/USD,31,8,1.16237
2026-09-03 19:07:46,NZD/USD,31,8,0.58824
2026-09-03 19:07:56,US500,35,23,7747.71000
2026-09-03 19:23:10,AUD/USD,50,0,0.72010
2026-09-03 19:23:20,GBP/USD,48,8,1.35260
2026-09-03 19:23:30,EUR/USD,31,8,1.16252
2026-09-03 19:23:40,NZD/USD,31,8,0.58825
2026-09-03 19:23:50,US500,35,23,7747.71000
2026-09-03 20:12:45,AUD/USD,50,0,0.72003
2026-09-03 20:12:55,GBP/USD,48,8,1.35280
2026-09-03 20:13:05,EUR/USD,31,8,1.16276
2026-09-03 20:13:15,NZD/USD,31,8,0.58841
2026-09-03 20:13:25,US500,35,23,7747.71000
2026-09-03 20:28:39,AUD/USD,50,0,0.72033
2026-09-03 20:28:49,GBP/USD,48,8,1.35260
2026-09-03 20:28:59,EUR/USD,31,8,1.16269
2026-09-03 20:29:09,NZD/USD,31,8,0.58848
2026-09-03 20:29:19,US500,35,23,7747.71000
2026-09-03 20:44:33,AUD/USD,50,0,0.72032
2026-09-03 20:44:43,GBP/USD,56,8,1.35280
2026-09-03 20:44:53,EUR/USD,31,8,1.16276
2026-09-03 20:45:03,NZD/USD,31,8,0.58865
2026-09-03 20:45:13,US500,35,23,7747.71000
2026-09-03 20:54:30,AUD/USD,50,0,0.72055
2026-09-03 20:54:40,GBP/USD,60,8,1.35340
2026-09-03 20:54:50,EUR/USD,31,8,1.16307
2026-09-03 20:55:01,NZD/USD,48,8,0.58917
2026-09-03 20:55:11,US500,35,23,7747.71000
2026-09-03 21:10:24,AUD/USD,50,0,0.72049
2026-09-03 21:10:34,GBP/USD,56,8,1.35310
2026-09-03 21:10:45,EUR/USD,31,8,1.16287
2026-09-03 21:10:55,NZD/USD,48,8,0.58912
2026-09-03 21:11:05,US500,35,23,7747.71000
2026-09-03 21:26:19,AUD/USD,50,0,0.72114
2026-09-03 21:26:29,GBP/USD,60,8,1.35320
2026-09-03 21:26:39,EUR/USD,31,8,1.16288
2026-09-03 21:26:49,NZD/USD,48,8,0.58913
2026-09-03 21:26:59,US500,35,23,7747.71000
2026-09-03 21:42:13,AUD/USD,50,0,0.72130
2026-09-03 21:42:23,GBP/USD,60,8,1.35330
2026-09-03 21:42:33,EUR/USD,31,8,1.16283
2026-09-03 21:42:44,NZD/USD,43,3,0.58955
2026-09-03 21:42:54,US500,35,23,7747.71000
2026-09-03 21:58:08,AUD/USD,50,0,0.72120
2026-09-03 21:58:18,GBP/USD,60,8,1.35340
2026-09-03 21:58:28,EUR/USD,31,8,1.16286
2026-09-03 21:58:38,NZD/USD,55,3,0.58973
2026-09-03 21:58:48,US500,35,23,7747.71000
2026-09-04 08:14:01,AUD/USD,50,0,0.72026
2026-09-04 08:14:11,GBP/USD,56,18,1.35290
2026-09-04 08:14:21,EUR/USD,31,18,1.16213
2026-09-04 08:14:31,NZD/USD,26,13,0.58831
2026-09-04 08:14:41,US500,35,23,7747.71000
2026-09-04 08:29:55,AUD/USD,50,0,0.71754
2026-09-04 08:30:05,GBP/USD,48,18,1.34930
2026-09-04 08:30:15,EUR/USD,26,18,1.15942
2026-09-04 08:30:25,NZD/USD,26,13,0.58667
2026-09-04 08:30:35,US500,35,23,7747.71000
2026-09-04 08:45:49,AUD/USD,50,5,0.71873
2026-09-04 08:45:59,GBP/USD,31,18,1.34930
2026-09-04 08:46:09,EUR/USD,26,18,1.15930
2026-09-04 08:46:19,NZD/USD,15,13,0.58602
2026-09-04 08:46:29,US500,35,23,7747.71000
2026-09-04 09:01:43,AUD/USD,50,5,0.71917
2026-09-04 09:01:53,GBP/USD,31,18,1.35020
2026-09-04 09:02:03,EUR/USD,43,18,1.16014
2026-09-04 09:02:13,NZD/USD,26,13,0.58695
2026-09-04 09:02:23,US500,35,23,7747.71000
2026-09-04 09:17:37,AUD/USD,50,5,0.71931
2026-09-04 09:17:47,GBP/USD,31,18,1.35040
2026-09-04 09:17:57,EUR/USD,43,18,1.16049
2026-09-04 09:18:07,NZD/USD,26,13,0.58726
2026-09-04 09:18:17,US500,35,23,7747.71000
2026-09-04 09:33:31,AUD/USD,50,0,0.72038
2026-09-04 09:33:41,GBP/USD,48,18,1.35110
2026-09-04 09:33:51,EUR/USD,43,18,1.16120
2026-09-04 09:34:01,NZD/USD,26,13,0.58804
2026-09-04 09:34:11,US500,35,23,7747.71000
2026-09-04 09:35:12,AUD/USD,50,0,0.72035
2026-09-04 09:35:22,GBP/USD,48,18,1.35150
2026-09-04 09:35:33,EUR/USD,43,18,1.16126
2026-09-04 09:35:43,NZD/USD,26,13,0.58798
2026-09-04 09:35:53,US500,35,23,7747.71000
2026-09-04 09:51:07,AUD/USD,50,0,0.72041
2026-09-04 09:51:16,GBP/USD,48,18,1.35190
2026-09-04 09:51:27,EUR/USD,31,18,1.16166
2026-09-04 09:51:37,NZD/USD,26,13,0.58852
2026-09-04 09:51:47,US500,35,23,7739.49000
2026-09-04 10:07:01,AUD/USD,50,0,0.71996
2026-09-04 10:07:11,GBP/USD,48,18,1.35110
2026-09-04 10:07:21,EUR/USD,31,18,1.16134
2026-09-04 10:07:31,NZD/USD,26,13,0.58822
2026-09-04 10:07:41,US500,35,23,7739.80000
2026-09-04 10:22:55,AUD/USD,50,0,0.72024
2026-09-04 10:23:05,GBP/USD,48,18,1.35120
2026-09-04 10:23:15,EUR/USD,31,18,1.16163
2026-09-04 10:23:25,NZD/USD,26,13,0.58851
2026-09-04 10:23:35,US500,35,23,7726.89000
2026-09-04 10:38:49,AUD/USD,50,0,0.72048
2026-09-04 10:38:59,GBP/USD,48,18,1.35180
2026-09-04 10:39:09,EUR/USD,31,18,1.16196
2026-09-04 10:39:19,NZD/USD,26,13,0.58846
2026-09-04 10:39:29,US500,35,23,7728.48000
2026-09-04 10:54:43,AUD/USD,50,0,0.72022
2026-09-04 10:54:53,GBP/USD,48,18,1.35170
2026-09-04 10:55:03,EUR/USD,31,18,1.16170
2026-09-04 10:55:13,NZD/USD,26,13,0.58848
2026-09-04 10:55:23,US500,35,23,7719.77000
2026-09-04 11:10:37,AUD/USD,50,0,0.72061
2026-09-04 11:10:47,GBP/USD,48,18,1.35170
2026-09-04 11:10:57,EUR/USD,31,18,1.16202
2026-09-04 11:11:07,NZD/USD,51,13,0.58881
2026-09-04 11:11:17,US500,55,23,7710.44000
2026-09-04 11:26:31,AUD/USD,50,0,0.72083
2026-09-04 11:26:41,GBP/USD,56,18,1.35220
2026-09-04 11:26:51,EUR/USD,31,18,1.16201
2026-09-04 11:27:00,NZD/USD,51,13,0.58895
2026-09-04 11:27:11,US500,55,23,7712.89000
2026-09-04 11:42:24,AUD/USD,50,0,0.72104
2026-09-04 11:42:34,GBP/USD,56,18,1.35250
2026-09-04 11:42:44,EUR/USD,31,18,1.16206
2026-09-04 11:42:54,NZD/USD,51,13,0.58891
2026-09-04 11:43:05,US500,55,23,7707.47000
2026-09-04 11:58:18,AUD/USD,50,0,0.72088
2026-09-04 11:58:28,GBP/USD,56,18,1.35210
2026-09-04 11:58:38,EUR/USD,31,18,1.16189
2026-09-04 11:58:48,NZD/USD,51,13,0.58892
2026-09-04 11:58:58,US500,55,23,7713.75000
2026-09-04 12:14:12,AUD/USD,50,0,0.72102
2026-09-04 12:14:22,GBP/USD,56,18,1.35230
2026-09-04 12:14:32,EUR/USD,31,18,1.16217
2026-09-04 12:14:42,NZD/USD,51,13,0.58904
2026-09-04 12:14:52,US500,35,23,7716.52000
2026-09-04 12:30:06,AUD/USD,50,0,0.72094
2026-09-04 12:30:16,GBP/USD,48,18,1.35200
2026-09-04 12:30:26,EUR/USD,31,18,1.16214
2026-09-04 12:30:36,NZD/USD,51,13,0.58887
2026-09-04 12:30:46,US500,35,23,7724.83000
2026-09-04 12:46:00,AUD/USD,50,0,0.72095
2026-09-04 12:46:10,GBP/USD,48,18,1.35190
2026-09-04 12:46:20,EUR/USD,31,18,1.16210
2026-09-04 12:46:30,NZD/USD,51,13,0.58884
2026-09-04 12:46:40,US500,35,23,7724.32000
2026-09-04 13:01:53,AUD/USD,50,0,0.72081
2026-09-04 13:02:03,GBP/USD,48,18,1.35170
2026-09-04 13:02:13,EUR/USD,31,18,1.16177
2026-09-04 13:02:23,NZD/USD,43,13,0.58868
2026-09-04 13:02:33,US500,35,23,7728.29000
2026-09-04 13:17:47,AUD/USD,50,0,0.72089
2026-09-04 13:17:57,GBP/USD,48,18,1.35170
2026-09-04 13:18:07,EUR/USD,31,18,1.16167
2026-09-04 13:18:17,NZD/USD,43,13,0.58864
2026-09-04 13:18:27,US500,35,23,7720.01000
2026-09-04 13:33:41,AUD/USD,50,0,0.72065
2026-09-04 13:33:51,GBP/USD,48,18,1.35150
2026-09-04 13:34:01,EUR/USD,31,18,1.16134
2026-09-04 13:34:11,NZD/USD,26,13,0.58844
2026-09-04 13:34:21,US500,35,23,7716.75000
2026-09-04 13:49:35,AUD/USD,50,0,0.72041
2026-09-04 13:49:45,GBP/USD,48,18,1.35110
2026-09-04 13:49:55,EUR/USD,43,18,1.16123
2026-09-04 13:50:05,NZD/USD,26,13,0.58806
2026-09-04 13:50:15,US500,55,23,7711.83000
2026-09-04 14:05:29,AUD/USD,50,0,0.72029
2026-09-04 14:05:39,GBP/USD,48,18,1.35130
2026-09-04 14:05:49,EUR/USD,43,18,1.16124
2026-09-04 14:05:59,NZD/USD,26,13,0.58817
2026-09-04 14:06:09,US500,55,23,7708.90000
2026-09-04 14:21:23,AUD/USD,50,0,0.72020
2026-09-04 14:21:33,GBP/USD,48,18,1.35110
2026-09-04 14:21:43,EUR/USD,43,18,1.16105
2026-09-04 14:21:53,NZD/USD,26,13,0.58807
2026-09-04 14:22:03,US500,55,23,7711.87000
2026-09-04 14:37:17,AUD/USD,50,0,0.72025
2026-09-04 14:37:27,GBP/USD,48,18,1.35130
2026-09-04 14:37:37,EUR/USD,43,18,1.16113
2026-09-04 14:37:47,NZD/USD,26,13,0.58806
2026-09-04 14:37:57,US500,55,23,7714.31000
2026-09-04 14:53:11,AUD/USD,50,0,0.72018
2026-09-04 14:53:21,GBP/USD,48,18,1.35110
2026-09-04 14:53:31,EUR/USD,43,18,1.16090
2026-09-04 14:53:41,NZD/USD,26,13,0.58790
2026-09-04 14:53:51,US500,35,23,7716.38000
2026-09-04 15:09:05,AUD/USD,50,0,0.72045
2026-09-04 15:09:15,GBP/USD,48,18,1.35150
2026-09-04 15:09:25,EUR/USD,43,18,1.16125
2026-09-04 15:09:35,NZD/USD,26,13,0.58810
2026-09-04 15:09:45,US500,35,23,7718.36000
2026-09-04 15:24:58,AUD/USD,50,0,0.72054
2026-09-04 15:25:08,GBP/USD,48,18,1.35180
2026-09-04 15:25:18,EUR/USD,23,18,1.16137
2026-09-04 15:25:29,NZD/USD,26,13,0.58823
2026-09-04 15:25:39,US500,55,23,7712.09000
2026-09-06 17:19:47,AUD/USD,50,5,0.71932
2026-09-06 17:19:57,GBP/USD,48,18,1.35150
2026-09-06 17:20:07,EUR/USD,43,18,1.16110
2026-09-06 17:20:18,NZD/USD,26,13,0.58756
2026-09-06 17:20:28,US500,35,23,7718.60000
2026-09-06 18:31:06,AUD/USD,50,0,0.72047
2026-09-06 18:31:16,GBP/USD,48,18,1.35150
2026-09-06 18:31:27,EUR/USD,23,18,1.16130
2026-09-06 18:31:37,NZD/USD,26,13,0.58795
2026-09-06 18:31:47,US500,35,23,7718.60000
2026-09-06 18:47:00,AUD/USD,50,0,0.72052
2026-09-06 18:47:10,GBP/USD,48,18,1.35150
2026-09-06 18:47:20,EUR/USD,23,18,1.16128
2026-09-06 18:47:30,NZD/USD,26,13,0.58795
2026-09-06 18:47:40,US500,35,23,7718.60000
2026-09-06 19:02:54,AUD/USD,50,0,0.72062
2026-09-06 19:03:04,GBP/USD,48,18,1.35160
2026-09-06 19:03:14,EUR/USD,23,18,1.16133
2026-09-06 19:03:24,NZD/USD,26,13,0.58803
2026-09-06 19:03:34,US500,35,23,7718.60000
2026-09-06 19:18:49,AUD/USD,50,0,0.72070
2026-09-06 19:18:59,GBP/USD,48,18,1.35180
2026-09-06 19:19:09,EUR/USD,31,18,1.16147
2026-09-06 19:19:20,NZD/USD,26,13,0.58814
2026-09-06 19:19:30,US500,35,23,7718.60000
2026-09-06 19:34:44,AUD/USD,50,0,0.72073
2026-09-06 19:34:55,GBP/USD,48,18,1.35200
2026-09-06 19:35:05,EUR/USD,31,18,1.16153
2026-09-06 19:35:16,NZD/USD,43,13,0.58829
2026-09-06 19:35:26,US500,35,23,7718.60000
2026-09-06 19:50:40,AUD/USD,50,0,0.72066
2026-09-06 19:50:50,GBP/USD,48,18,1.35160
2026-09-06 19:51:00,EUR/USD,23,18,1.16131
2026-09-06 19:51:10,NZD/USD,26,13,0.58815
2026-09-06 19:51:20,US500,35,23,7718.60000
2026-09-06 20:06:34,AUD/USD,50,0,0.72064
2026-09-06 20:06:44,GBP/USD,48,18,1.35160
2026-09-06 20:06:54,EUR/USD,23,18,1.16140
2026-09-06 20:07:04,NZD/USD,26,13,0.58810
2026-09-06 20:07:14,US500,35,23,7718.60000
2026-09-06 20:22:28,AUD/USD,50,0,0.72055
2026-09-06 20:22:37,GBP/USD,48,18,1.35180
2026-09-06 20:22:48,EUR/USD,31,18,1.16162
2026-09-06 20:22:58,NZD/USD,26,13,0.58802
2026-09-06 20:23:07,US500,35,23,7718.60000
2026-09-06 20:38:21,AUD/USD,50,0,0.72089
2026-09-06 20:38:31,GBP/USD,48,18,1.35210
2026-09-06 20:38:41,EUR/USD,31,18,1.16186
2026-09-06 20:38:51,NZD/USD,26,13,0.58805
2026-09-06 20:39:01,US500,35,23,7718.60000
2026-09-06 20:54:15,AUD/USD,50,0,0.72074
2026-09-06 20:54:25,GBP/USD,48,18,1.35190
2026-09-06 20:54:35,EUR/USD,31,18,1.16187
2026-09-06 20:54:45,NZD/USD,26,13,0.58802
2026-09-06 20:54:55,US500,35,23,7718.60000
2026-09-06 21:10:09,AUD/USD,50,0,0.72050
2026-09-06 21:10:19,GBP/USD,48,18,1.35150
2026-09-06 21:10:29,EUR/USD,31,18,1.16155
2026-09-06 21:10:39,NZD/USD,26,13,0.58746
2026-09-06 21:10:49,US500,35,23,7718.60000
2026-09-06 21:26:03,AUD/USD,50,0,0.72056
2026-09-06 21:26:13,GBP/USD,48,18,1.35160
2026-09-06 21:26:23,EUR/USD,31,18,1.16160
2026-09-06 21:26:33,NZD/USD,26,13,0.58744
2026-09-06 21:26:43,US500,35,23,7718.60000
2026-09-06 21:41:57,AUD/USD,50,0,0.72032
2026-09-06 21:42:07,GBP/USD,48,18,1.35130
2026-09-06 21:42:17,EUR/USD,31,18,1.16135
2026-09-06 21:42:27,NZD/USD,26,13,0.58704
2026-09-06 21:42:37,US500,35,23,7718.60000
2026-09-06 21:57:50,AUD/USD,50,0,0.72037
2026-09-06 21:58:00,GBP/USD,48,18,1.35120
2026-09-06 21:58:10,EUR/USD,31,18,1.16131
2026-09-06 21:58:20,NZD/USD,26,13,0.58682
2026-09-06 21:58:30,US500,35,23,7718.60000
2026-09-06 22:13:44,AUD/USD,50,0,0.71993
2026-09-06 22:13:54,GBP/USD,31,18,1.35080
2026-09-06 22:14:04,EUR/USD,43,18,1.16100
2026-09-06 22:14:14,NZD/USD,26,13,0.58669
2026-09-06 22:14:24,US500,35,23,7718.60000
2026-09-06 22:29:38,AUD/USD,50,0,0.72009
2026-09-06 22:29:48,GBP/USD,31,18,1.35090
2026-09-06 22:29:58,EUR/USD,43,18,1.16118
2026-09-06 22:30:08,NZD/USD,26,13,0.58701
2026-09-06 22:30:18,US500,35,23,7718.60000
2026-09-06 22:45:32,AUD/USD,50,0,0.71998
2026-09-06 22:45:42,GBP/USD,31,18,1.35070
2026-09-06 22:45:52,EUR/USD,43,18,1.16085
2026-09-06 22:46:02,NZD/USD,26,13,0.58684
2026-09-06 22:46:12,US500,35,23,7718.60000
2026-09-06 23:01:26,AUD/USD,50,0,0.71997
2026-09-06 23:01:36,GBP/USD,31,18,1.35070
2026-09-06 23:01:46,EUR/USD,43,18,1.16089
2026-09-06 23:01:56,NZD/USD,26,13,0.58706
2026-09-06 23:02:06,US500,35,23,7718.60000
2026-09-07 08:07:46,AUD/USD,50,0,0.72149
2026-09-07 08:07:56,GBP/USD,60,18,1.35330
2026-09-07 08:08:06,EUR/USD,31,18,1.16240
2026-09-07 08:08:16,NZD/USD,26,13,0.58762
2026-09-07 08:08:26,US500,35,23,7718.60000
2026-09-07 08:23:40,AUD/USD,50,0,0.72155
2026-09-07 08:23:50,GBP/USD,60,18,1.35330
2026-09-07 08:24:00,EUR/USD,31,18,1.16249
2026-09-07 08:24:10,NZD/USD,26,13,0.58789
2026-09-07 08:24:20,US500,35,23,7718.60000
2026-09-07 08:39:33,AUD/USD,50,0,0.72159
2026-09-07 08:39:43,GBP/USD,60,18,1.35370
2026-09-07 08:39:53,EUR/USD,31,18,1.16268
2026-09-07 08:40:03,NZD/USD,26,13,0.58783
2026-09-07 08:40:14,US500,35,23,7718.60000
2026-09-07 08:55:27,AUD/USD,50,0,0.72153
2026-09-07 08:55:37,GBP/USD,60,18,1.35350
2026-09-07 08:55:47,EUR/USD,31,18,1.16253
2026-09-07 08:55:58,NZD/USD,26,13,0.58780
2026-09-07 08:56:08,US500,35,23,7718.60000
2026-09-07 09:11:21,AUD/USD,50,0,0.72160
2026-09-07 09:11:31,GBP/USD,60,18,1.35380
2026-09-07 09:11:41,EUR/USD,31,18,1.16254
2026-09-07 09:11:51,NZD/USD,26,13,0.58782
2026-09-07 09:12:01,US500,35,23,7718.60000
2026-09-07 09:27:15,AUD/USD,50,0,0.72185
2026-09-07 09:27:25,GBP/USD,60,18,1.35380
2026-09-07 09:27:35,EUR/USD,31,18,1.16252
2026-09-07 09:27:45,NZD/USD,26,13,0.58799
2026-09-07 09:27:55,US500,35,23,7718.60000
2026-09-07 09:43:09,AUD/USD,50,0,0.72169
2026-09-07 09:43:19,GBP/USD,60,18,1.35370
2026-09-07 09:43:29,EUR/USD,31,18,1.16256
2026-09-07 09:43:39,NZD/USD,26,13,0.58791
2026-09-07 09:43:49,US500,35,23,7718.60000
2026-09-07 09:59:03,AUD/USD,50,0,0.72198
2026-09-07 09:59:13,GBP/USD,60,18,1.35390
2026-09-07 09:59:23,EUR/USD,31,18,1.16281
2026-09-07 09:59:33,NZD/USD,51,13,0.58821
2026-09-07 09:59:43,US500,35,23,7718.60000
2026-09-07 10:14:56,AUD/USD,50,0,0.72207
2026-09-07 10:15:06,GBP/USD,60,18,1.35400
2026-09-07 10:15:16,EUR/USD,31,18,1.16304
2026-09-07 10:15:26,NZD/USD,43,13,0.58826
2026-09-07 10:15:36,US500,35,23,7718.60000
2026-09-07 10:30:50,AUD/USD,50,0,0.72197
2026-09-07 10:31:00,GBP/USD,60,18,1.35380
2026-09-07 10:31:11,EUR/USD,31,18,1.16295
2026-09-07 10:31:21,NZD/USD,26,13,0.58802
2026-09-07 10:31:31,US500,35,23,7718.60000
2026-09-07 10:46:44,AUD/USD,50,0,0.72185
2026-09-07 10:46:54,GBP/USD,60,18,1.35390
2026-09-07 10:47:04,EUR/USD,31,18,1.16286
2026-09-07 10:47:14,NZD/USD,26,13,0.58800
2026-09-07 10:47:24,US500,35,23,7718.60000
2026-09-07 11:02:38,AUD/USD,50,0,0.72206
2026-09-07 11:02:48,GBP/USD,60,18,1.35460
2026-09-07 11:02:58,EUR/USD,31,18,1.16309
2026-09-07 11:03:08,NZD/USD,26,13,0.58804
2026-09-07 11:03:18,US500,35,23,7718.60000
2026-09-07 11:18:32,AUD/USD,50,0,0.72178
2026-09-07 11:18:42,GBP/USD,60,18,1.35420
2026-09-07 11:18:52,EUR/USD,31,18,1.16268
2026-09-07 11:19:02,NZD/USD,26,13,0.58773
2026-09-07 11:19:12,US500,35,23,7718.60000
2026-09-07 11:34:25,AUD/USD,50,0,0.72184
2026-09-07 11:34:35,GBP/USD,60,18,1.35410
2026-09-07 11:34:45,EUR/USD,31,18,1.16288
2026-09-07 11:34:56,NZD/USD,26,13,0.58781
2026-09-07 11:35:06,US500,35,23,7718.60000
2026-09-07 11:50:19,AUD/USD,50,0,0.72184
2026-09-07 11:50:29,GBP/USD,60,18,1.35410
2026-09-07 11:50:39,EUR/USD,31,18,1.16279
2026-09-07 11:50:49,NZD/USD,26,13,0.58780
2026-09-07 11:50:59,US500,35,23,7718.60000
2026-09-07 12:06:13,AUD/USD,50,0,0.72175
2026-09-07 12:06:24,GBP/USD,60,18,1.35410
2026-09-07 12:06:34,EUR/USD,31,18,1.16272
2026-09-07 12:06:44,NZD/USD,26,13,0.58768
2026-09-07 12:06:54,US500,35,23,7718.60000
2026-09-07 12:22:08,AUD/USD,50,0,0.72180
2026-09-07 12:22:18,GBP/USD,60,18,1.35400
2026-09-07 12:22:28,EUR/USD,31,18,1.16269
2026-09-07 12:22:38,NZD/USD,26,13,0.58773
2026-09-07 12:22:48,US500,35,23,7718.60000
2026-09-07 12:38:01,AUD/USD,50,0,0.72195
2026-09-07 12:38:11,GBP/USD,60,18,1.35450
2026-09-07 12:38:21,EUR/USD,31,18,1.16285
2026-09-07 12:38:31,NZD/USD,26,13,0.58790
2026-09-07 12:38:42,US500,35,23,7718.60000
2026-09-07 12:53:55,AUD/USD,50,0,0.72198
2026-09-07 12:54:06,GBP/USD,60,18,1.35470
2026-09-07 12:54:16,EUR/USD,31,18,1.16285
2026-09-07 12:54:26,NZD/USD,26,13,0.58789
2026-09-07 12:54:36,US500,35,23,7718.60000
2026-09-07 13:09:50,AUD/USD,50,0,0.72188
2026-09-07 13:10:00,GBP/USD,60,18,1.35430
2026-09-07 13:10:09,EUR/USD,31,18,1.16262
2026-09-07 13:10:20,NZD/USD,26,13,0.58774
2026-09-07 13:10:30,US500,35,23,7718.60000
2026-09-07 13:25:43,AUD/USD,50,0,0.72186
2026-09-07 13:25:53,GBP/USD,60,18,1.35430
2026-09-07 13:26:03,EUR/USD,31,18,1.16261
2026-09-07 13:26:13,NZD/USD,26,13,0.58780
2026-09-07 13:26:23,US500,35,23,7718.60000
2026-09-07 13:41:37,AUD/USD,50,0,0.72181
2026-09-07 13:41:47,GBP/USD,60,18,1.35430
2026-09-07 13:41:57,EUR/USD,31,18,1.16250
2026-09-07 13:42:07,NZD/USD,26,13,0.58775
2026-09-07 13:42:17,US500,35,23,7718.60000
2026-09-07 13:57:31,AUD/USD,50,0,0.72180
2026-09-07 13:57:41,GBP/USD,60,18,1.35420
2026-09-07 13:57:51,EUR/USD,31,18,1.16254
2026-09-07 13:58:01,NZD/USD,26,13,0.58777
2026-09-07 13:58:11,US500,35,23,7718.60000
2026-09-07 14:13:25,AUD/USD,50,0,0.72182
2026-09-07 14:13:35,GBP/USD,60,18,1.35410
2026-09-07 14:13:45,EUR/USD,31,18,1.16245
2026-09-07 14:13:55,NZD/USD,26,13,0.58775
2026-09-07 14:14:05,US500,35,23,7718.60000
2026-09-07 14:29:19,AUD/USD,50,0,0.72174
2026-09-07 14:29:29,GBP/USD,60,18,1.35410
2026-09-07 14:29:39,EUR/USD,31,18,1.16236
2026-09-07 14:29:49,NZD/USD,26,13,0.58767
2026-09-07 14:29:59,US500,35,23,7718.60000
2026-09-07 14:45:13,AUD/USD,50,0,0.72178
2026-09-07 14:45:23,GBP/USD,60,18,1.35420
2026-09-07 14:45:33,EUR/USD,31,18,1.16240
2026-09-07 14:45:43,NZD/USD,26,13,0.58774
2026-09-07 14:45:53,US500,35,23,7718.60000
2026-09-07 15:01:07,AUD/USD,50,0,0.72175
2026-09-07 15:01:17,GBP/USD,60,18,1.35410
2026-09-07 15:01:27,EUR/USD,31,18,1.16230
2026-09-07 15:01:37,NZD/USD,26,13,0.58765
2026-09-07 15:01:46,US500,35,23,7718.60000
2026-09-07 15:17:00,AUD/USD,50,0,0.72173
2026-09-07 15:17:10,GBP/USD,60,18,1.35400
2026-09-07 15:17:20,EUR/USD,31,18,1.16230
2026-09-07 15:17:31,NZD/USD,26,13,0.58765
2026-09-07 15:17:41,US500,35,23,7718.60000
2026-09-07 15:32:55,AUD/USD,50,0,0.72167
2026-09-07 15:33:05,GBP/USD,60,18,1.35390
2026-09-07 15:33:15,EUR/USD,31,18,1.16217
2026-09-07 15:33:25,NZD/USD,26,13,0.58757
2026-09-07 15:33:35,US500,35,23,7718.60000
2026-09-07 15:48:49,AUD/USD,50,0,0.72170
2026-09-07 15:48:59,GBP/USD,60,18,1.35390
2026-09-07 15:49:09,EUR/USD,31,18,1.16213
2026-09-07 15:49:19,NZD/USD,26,13,0.58760
2026-09-07 15:49:29,US500,35,23,7718.60000
2026-09-07 16:04:43,AUD/USD,50,0,0.72174
2026-09-07 16:04:53,GBP/USD,60,18,1.35390
2026-09-07 16:05:03,EUR/USD,31,18,1.16216
2026-09-07 16:05:13,NZD/USD,26,13,0.58770
2026-09-07 16:05:23,US500,35,23,7718.60000
2026-09-07 16:20:37,AUD/USD,50,0,0.72176
2026-09-07 16:20:47,GBP/USD,60,18,1.35400
2026-09-07 16:20:57,EUR/USD,31,18,1.16223
2026-09-07 16:21:07,NZD/USD,26,13,0.58767
2026-09-07 16:21:17,US500,35,23,7718.60000
2026-09-07 16:36:31,AUD/USD,50,0,0.72181
2026-09-07 16:36:41,GBP/USD,60,18,1.35410
2026-09-07 16:36:51,EUR/USD,31,18,1.16222
2026-09-07 16:37:01,NZD/USD,26,13,0.58768
2026-09-07 16:37:11,US500,35,23,7718.60000
2026-09-07 16:52:25,AUD/USD,50,0,0.72189
2026-09-07 16:52:35,GBP/USD,60,18,1.35400
2026-09-07 16:52:45,EUR/USD,31,18,1.16220
2026-09-07 16:52:55,NZD/USD,26,13,0.58780
2026-09-07 16:53:05,US500,35,23,7718.60000
2026-09-07 17:06:48,AUD/USD,50,0,0.72138
2026-09-07 17:06:58,GBP/USD,52,18,1.35370
2026-09-07 17:07:08,EUR/USD,31,18,1.16220
2026-09-07 17:07:18,NZD/USD,26,13,0.58693
2026-09-07 17:07:28,US500,35,23,7718.60000
2026-09-07 17:22:42,AUD/USD,50,0,0.72160
2026-09-07 17:22:52,GBP/USD,52,18,1.35370
2026-09-07 17:23:02,EUR/USD,31,18,1.16220
2026-09-07 17:23:12,NZD/USD,26,13,0.58725
2026-09-07 17:23:22,US500,35,23,7718.60000
2026-09-07 17:38:36,AUD/USD,50,0,0.72184
2026-09-07 17:38:46,GBP/USD,60,18,1.35390
2026-09-07 17:38:56,EUR/USD,31,18,1.16218
2026-09-07 17:39:06,NZD/USD,26,13,0.58780
2026-09-07 17:39:16,US500,35,23,7718.60000
2026-09-07 17:54:30,AUD/USD,50,0,0.72150
2026-09-07 17:54:40,GBP/USD,52,18,1.35400
2026-09-07 17:54:50,EUR/USD,31,18,1.16220
2026-09-07 17:55:00,NZD/USD,26,13,0.58765
2026-09-07 17:55:10,US500,35,23,7718.60000
2026-09-07 18:10:24,AUD/USD,55,0,0.72190
2026-09-07 18:10:34,GBP/USD,60,18,1.35410
2026-09-07 18:10:44,EUR/USD,31,18,1.16242
2026-09-07 18:10:54,NZD/USD,26,13,0.58779
2026-09-07 18:11:04,US500,35,23,7718.60000
2026-09-07 18:26:18,AUD/USD,55,0,0.72186
2026-09-07 18:26:28,GBP/USD,60,18,1.35430
2026-09-07 18:26:38,EUR/USD,31,18,1.16256
2026-09-07 18:26:48,NZD/USD,26,13,0.58780
2026-09-07 18:26:58,US500,35,23,7718.60000
2026-09-07 18:42:12,AUD/USD,55,0,0.72178
2026-09-07 18:42:22,GBP/USD,60,18,1.35420
2026-09-07 18:42:32,EUR/USD,31,18,1.16248
2026-09-07 18:42:42,NZD/USD,26,13,0.58785
2026-09-07 18:42:52,US500,35,23,7718.60000
2026-09-07 18:58:06,AUD/USD,55,0,0.72184
2026-09-07 18:58:16,GBP/USD,60,18,1.35430
2026-09-07 18:58:26,EUR/USD,31,18,1.16252
2026-09-07 18:58:36,NZD/USD,26,13,0.58790
2026-09-07 18:58:46,US500,35,23,7718.60000
2026-09-07 19:14:00,AUD/USD,55,0,0.72197
2026-09-07 19:14:10,GBP/USD,60,18,1.35440
2026-09-07 19:14:20,EUR/USD,31,18,1.16266
2026-09-07 19:14:30,NZD/USD,26,13,0.58801
2026-09-07 19:14:40,US500,35,23,7718.60000
2026-09-07 19:29:54,AUD/USD,55,0,0.72206
2026-09-07 19:30:04,GBP/USD,60,18,1.35460
2026-09-07 19:30:14,EUR/USD,31,18,1.16285
2026-09-07 19:30:24,NZD/USD,43,13,0.58805
2026-09-07 19:30:34,US500,35,23,7718.60000
2026-09-07 19:45:48,AUD/USD,55,0,0.72230
2026-09-07 19:45:58,GBP/USD,60,18,1.35480
2026-09-07 19:46:08,EUR/USD,31,18,1.16286
2026-09-07 19:46:18,NZD/USD,43,13,0.58831
2026-09-07 19:46:28,US500,35,23,7718.60000
2026-09-07 20:01:42,AUD/USD,55,0,0.72219
2026-09-07 20:01:52,GBP/USD,60,8,1.35470
2026-09-07 20:02:02,EUR/USD,31,8,1.16300
2026-09-07 20:02:12,NZD/USD,43,3,0.58845
2026-09-07 20:02:22,US500,35,23,7718.60000
2026-09-07 20:17:36,AUD/USD,55,0,0.72181
2026-09-07 20:17:46,GBP/USD,60,18,1.35410
2026-09-07 20:17:56,EUR/USD,31,18,1.16250
2026-09-07 20:18:06,NZD/USD,43,13,0.58800
2026-09-07 20:18:16,US500,35,23,7718.60000
2026-09-07 20:33:30,AUD/USD,55,0,0.72178
2026-09-07 20:33:40,GBP/USD,60,8,1.35440
2026-09-07 20:33:50,EUR/USD,31,8,1.16285
2026-09-07 20:34:00,NZD/USD,43,3,0.58796
2026-09-07 20:34:10,US500,35,23,7718.60000
2026-09-07 20:49:23,AUD/USD,55,0,0.72160
2026-09-07 20:49:33,GBP/USD,60,18,1.35440
2026-09-07 20:49:43,EUR/USD,31,18,1.16266
2026-09-07 20:49:53,NZD/USD,43,13,0.58800
2026-09-07 20:50:03,US500,35,23,7718.60000
2026-09-07 21:05:17,AUD/USD,55,0,0.72159
2026-09-07 21:05:27,GBP/USD,60,18,1.35420
2026-09-07 21:05:37,EUR/USD,31,18,1.16262
2026-09-07 21:05:47,NZD/USD,26,13,0.58759
2026-09-07 21:05:57,US500,35,23,7718.60000
2026-09-07 21:21:11,AUD/USD,55,0,0.72163
2026-09-07 21:21:21,GBP/USD,60,8,1.35430
2026-09-07 21:21:31,EUR/USD,31,8,1.16293
2026-09-07 21:21:41,NZD/USD,26,3,0.58771
2026-09-07 21:21:51,US500,35,23,7718.60000
2026-09-07 21:37:05,AUD/USD,55,0,0.72152
2026-09-07 21:37:15,GBP/USD,60,8,1.35460
2026-09-07 21:37:25,EUR/USD,31,8,1.16307
2026-09-07 21:37:35,NZD/USD,26,3,0.58791
2026-09-07 21:37:45,US500,35,23,7718.60000
2026-09-07 22:03:52,AUD/USD,55,0,0.72145
2026-09-07 22:04:02,GBP/USD,60,8,1.35480
2026-09-07 22:04:12,EUR/USD,31,8,1.16333
2026-09-07 22:04:22,NZD/USD,26,3,0.58719
2026-09-07 22:04:32,US500,35,23,7718.60000
2026-09-07 22:07:05,AUD/USD,55,0,0.72157
2026-09-07 22:07:15,GBP/USD,60,8,1.35470
2026-09-07 22:07:25,EUR/USD,31,8,1.16328
2026-09-07 22:07:35,NZD/USD,26,3,0.58734
2026-09-07 22:07:45,US500,35,23,7718.60000
2026-09-07 22:09:53,AUD/USD,55,0,0.72152
2026-09-07 22:10:03,GBP/USD,60,8,1.35450
2026-09-07 22:10:13,EUR/USD,31,8,1.16328
2026-09-07 22:10:23,NZD/USD,26,3,0.58731
2026-09-07 22:10:33,US500,35,23,7718.60000
2026-09-07 22:14:11,AUD/USD,55,0,0.72132
2026-09-07 22:14:21,GBP/USD,60,8,1.35420
2026-09-07 22:14:31,EUR/USD,31,8,1.16307
2026-09-07 22:14:41,NZD/USD,26,3,0.58708
2026-09-07 22:14:51,US500,35,23,7718.60000
2026-09-08 08:02:55,AUD/USD,55,0,0.72132
2026-09-08 08:03:05,GBP/USD,60,18,1.35440
2026-09-08 08:03:15,EUR/USD,26,18,1.16145
2026-09-08 08:03:25,NZD/USD,20,29,0.58407
2026-09-08 08:03:35,US500,35,23,7718.60000
2026-09-08 08:18:49,AUD/USD,55,0,0.72134
2026-09-08 08:18:59,GBP/USD,60,18,1.35470
2026-09-08 08:19:09,EUR/USD,26,18,1.16124
2026-09-08 08:19:19,NZD/USD,20,29,0.58401
2026-09-08 08:19:30,US500,35,23,7718.60000
2026-09-08 08:34:43,AUD/USD,55,0,0.72197
2026-09-08 08:34:54,GBP/USD,60,18,1.35500
2026-09-08 08:35:04,EUR/USD,23,18,1.16173
2026-09-08 08:35:14,NZD/USD,20,29,0.58461
2026-09-08 08:35:24,US500,35,23,7718.60000
2026-09-08 08:50:37,AUD/USD,55,0,0.72222
2026-09-08 08:50:47,GBP/USD,60,18,1.35530
2026-09-08 08:50:57,EUR/USD,23,18,1.16173
2026-09-08 08:51:07,NZD/USD,20,15,0.58517
2026-09-08 08:51:17,US500,35,23,7718.60000
2026-09-08 09:06:31,AUD/USD,55,0,0.72238
2026-09-08 09:06:41,GBP/USD,40,18,1.35560
2026-09-08 09:06:51,EUR/USD,31,18,1.16222
2026-09-08 09:07:01,NZD/USD,20,15,0.58551
2026-09-08 09:07:11,US500,35,23,7718.60000
2026-09-08 09:22:25,AUD/USD,55,0,0.72280
2026-09-08 09:22:35,GBP/USD,40,8,1.35600
2026-09-08 09:22:45,EUR/USD,31,8,1.16259
2026-09-08 09:22:55,NZD/USD,20,25,0.58575
2026-09-08 09:23:05,US500,35,23,7718.60000
2026-09-08 09:38:19,AUD/USD,55,0,0.72257
2026-09-08 09:38:29,GBP/USD,60,18,1.35550
2026-09-08 09:38:39,EUR/USD,31,18,1.16207
2026-09-08 09:38:49,NZD/USD,20,15,0.58558
2026-09-08 09:38:59,US500,35,23,7718.60000
2026-09-08 09:54:12,AUD/USD,55,0,0.72243
2026-09-08 09:54:22,GBP/USD,60,18,1.35530
2026-09-08 09:54:33,EUR/USD,31,18,1.16232
2026-09-08 09:54:43,NZD/USD,20,15,0.58547
2026-09-08 09:54:53,US500,30,23,7687.35000
2026-09-08 10:10:07,AUD/USD,55,0,0.72234
2026-09-08 10:10:17,GBP/USD,60,18,1.35480
2026-09-08 10:10:27,EUR/USD,31,18,1.16208
2026-09-08 10:10:37,NZD/USD,20,15,0.58554
2026-09-08 10:10:47,US500,47,23,7691.33000
2026-09-08 10:26:01,AUD/USD,55,0,0.72261
2026-09-08 10:26:11,GBP/USD,60,18,1.35540
2026-09-08 10:26:21,EUR/USD,31,18,1.16269
2026-09-08 10:26:31,NZD/USD,20,35,0.58583
2026-09-08 10:26:41,US500,30,23,7681.48000
2026-09-08 10:41:55,AUD/USD,55,0,0.72284
2026-09-08 10:42:05,GBP/USD,60,8,1.35520
2026-09-08 10:42:15,EUR/USD,31,8,1.16296
2026-09-08 10:42:25,NZD/USD,20,25,0.58609
2026-09-08 10:42:36,US500,30,23,7682.73000
2026-09-08 10:57:49,AUD/USD,55,0,0.72218
2026-09-08 10:58:00,GBP/USD,60,8,1.35510
2026-09-08 10:58:10,EUR/USD,31,8,1.16293
2026-09-08 10:58:20,NZD/USD,20,25,0.58600
2026-09-08 10:58:30,US500,30,23,7686.03000
2026-09-08 11:13:44,AUD/USD,55,0,0.72230
2026-09-08 11:13:54,GBP/USD,60,8,1.35490
2026-09-08 11:14:04,EUR/USD,31,8,1.16314
2026-09-08 11:14:14,NZD/USD,20,25,0.58588
2026-09-08 11:14:24,US500,47,23,7692.72000
2026-09-08 11:29:38,AUD/USD,55,0,0.72221
2026-09-08 11:29:48,GBP/USD,60,18,1.35470
2026-09-08 11:29:58,EUR/USD,31,18,1.16293
2026-09-08 11:30:08,NZD/USD,20,35,0.58567
2026-09-08 11:30:18,US500,55,23,7694.60000
2026-09-08 11:45:32,AUD/USD,55,0,0.72176
2026-09-08 11:45:42,GBP/USD,60,18,1.35400
2026-09-08 11:45:52,EUR/USD,31,18,1.16265
2026-09-08 11:46:02,NZD/USD,20,15,0.58533
2026-09-08 11:46:12,US500,47,23,7690.15000
2026-09-08 12:01:26,AUD/USD,55,0,0.72164
2026-09-08 12:01:36,GBP/USD,60,18,1.35390
2026-09-08 12:01:46,EUR/USD,31,18,1.16258
2026-09-08 12:01:56,NZD/USD,20,15,0.58526
2026-09-08 12:02:06,US500,47,23,7691.26000
2026-09-08 12:17:20,AUD/USD,55,0,0.72143
2026-09-08 12:17:30,GBP/USD,52,18,1.35350
2026-09-08 12:17:40,EUR/USD,31,18,1.16233
2026-09-08 12:17:50,NZD/USD,20,15,0.58506
2026-09-08 12:18:00,US500,47,23,7691.40000
2026-09-08 14:31:16,AUD/USD,55,0,0.72236
2026-09-08 14:31:25,GBP/USD,60,18,1.35440
2026-09-08 14:31:35,EUR/USD,31,18,1.16275
2026-09-08 14:31:45,NZD/USD,20,35,0.58584
2026-09-08 14:31:55,US500,47,23,7692.98000
2026-09-08 14:47:09,AUD/USD,55,0,0.72257
2026-09-08 14:47:19,GBP/USD,60,8,1.35510
2026-09-08 14:47:29,EUR/USD,31,8,1.16303
2026-09-08 14:47:39,NZD/USD,20,25,0.58607
2026-09-08 14:47:49,US500,30,23,7689.14000
2026-09-08 15:03:03,AUD/USD,55,0,0.72227
2026-09-08 15:03:13,GBP/USD,60,8,1.35470
2026-09-08 15:03:23,EUR/USD,31,8,1.16293
2026-09-08 15:03:33,NZD/USD,20,25,0.58588
2026-09-08 15:03:43,US500,30,23,7683.30000
2026-09-08 15:18:56,AUD/USD,55,0,0.72196
2026-09-08 15:19:06,GBP/USD,60,18,1.35430
2026-09-08 15:19:16,EUR/USD,31,18,1.16260
2026-09-08 15:19:26,NZD/USD,20,35,0.58565
2026-09-08 15:19:36,US500,30,23,7684.63000
2026-09-08 15:34:50,AUD/USD,55,0,0.72175
2026-09-08 15:35:00,GBP/USD,60,18,1.35420
2026-09-08 15:35:10,EUR/USD,31,18,1.16257
2026-09-08 15:35:20,NZD/USD,20,15,0.58542
2026-09-08 15:35:30,US500,30,23,7680.77000
2026-09-08 15:50:44,AUD/USD,55,0,0.72171
2026-09-08 15:50:54,GBP/USD,60,18,1.35400
2026-09-08 15:51:04,EUR/USD,31,18,1.16252
2026-09-08 15:51:14,NZD/USD,20,15,0.58538
2026-09-08 15:51:24,US500,30,23,7685.35000
2026-09-08 16:06:37,AUD/USD,55,0,0.72167
2026-09-08 16:06:47,GBP/USD,52,18,1.35380
2026-09-08 16:06:57,EUR/USD,31,18,1.16231
2026-09-08 16:07:07,NZD/USD,20,15,0.58539
2026-09-08 16:07:17,US500,26,23,7672.24000
2026-09-08 16:22:31,AUD/USD,55,0,0.72171
2026-09-08 16:22:41,GBP/USD,60,18,1.35410
2026-09-08 16:22:51,EUR/USD,31,18,1.16242
2026-09-08 16:23:01,NZD/USD,20,15,0.58563
2026-09-08 16:23:11,US500,26,23,7673.52000
2026-09-08 16:38:25,AUD/USD,55,0,0.72167
2026-09-08 16:38:35,GBP/USD,60,18,1.35420
2026-09-08 16:38:45,EUR/USD,31,18,1.16233
2026-09-08 16:38:55,NZD/USD,20,15,0.58540
2026-09-08 16:39:05,US500,26,23,7673.52000
2026-09-08 16:54:18,AUD/USD,55,0,0.72163
2026-09-08 16:54:29,GBP/USD,60,18,1.35410
2026-09-08 16:54:39,EUR/USD,31,18,1.16232
2026-09-08 16:54:49,NZD/USD,20,15,0.58528
2026-09-08 16:54:59,US500,26,23,7673.52000
2026-09-08 17:10:12,AUD/USD,55,0,0.72162
2026-09-08 17:10:22,GBP/USD,52,18,1.35330
2026-09-08 17:10:33,EUR/USD,31,18,1.16235
2026-09-08 17:10:43,NZD/USD,20,15,0.58528
2026-09-08 17:10:53,US500,26,23,7673.52000
2026-09-08 17:26:06,AUD/USD,55,0,0.72184
2026-09-08 17:26:16,GBP/USD,52,18,1.35330
2026-09-08 17:26:26,EUR/USD,31,18,1.16224
2026-09-08 17:26:36,NZD/USD,20,15,0.58543
2026-09-08 17:26:46,US500,26,23,7673.52000
2026-09-08 17:42:00,AUD/USD,55,0,0.72157
2026-09-08 17:42:10,GBP/USD,52,18,1.35330
2026-09-08 17:42:20,EUR/USD,31,18,1.16228
2026-09-08 17:42:30,NZD/USD,20,15,0.58505
2026-09-08 17:42:41,US500,26,23,7673.52000
2026-09-08 17:57:54,AUD/USD,55,0,0.72174
2026-09-08 17:58:04,GBP/USD,52,18,1.35320
2026-09-08 17:58:14,EUR/USD,31,18,1.16257
2026-09-08 17:58:24,NZD/USD,20,15,0.58510
2026-09-08 17:58:35,US500,26,23,7673.52000
2026-09-08 18:30:40,US500,26,23,7673.52000
2026-09-08 18:37:45,AUD/USD,55,0,0.72180
2026-09-08 18:37:55,GBP/USD,60,18,1.35400
2026-09-08 18:38:04,EUR/USD,31,18,1.16257
2026-09-08 18:38:14,NZD/USD,20,15,0.58556
2026-09-08 18:38:24,US500,26,23,7673.52000
2026-09-08 18:53:38,AUD/USD,55,0,0.72179
2026-09-08 18:53:48,GBP/USD,60,18,1.35400
2026-09-08 18:53:58,EUR/USD,31,18,1.16251
2026-09-08 18:54:08,NZD/USD,20,15,0.58555
2026-09-08 18:54:18,US500,26,23,7673.52000
2026-09-08 19:09:31,AUD/USD,55,0,0.72188
2026-09-08 19:09:41,GBP/USD,60,18,1.35420
2026-09-08 19:09:51,EUR/USD,31,18,1.16261
2026-09-08 19:10:01,NZD/USD,20,35,0.58566
2026-09-08 19:10:12,US500,26,23,7673.52000
2026-09-08 20:21:51,AUD/USD,55,0,0.72241
2026-09-08 20:22:01,GBP/USD,60,8,1.35460
2026-09-08 20:22:11,EUR/USD,31,8,1.16306
2026-09-08 20:22:21,NZD/USD,20,8,0.58601
2026-09-08 20:22:30,US500,26,23,7673.52000
2026-09-08 20:37:44,AUD/USD,55,0,0.72226
2026-09-08 20:37:54,GBP/USD,60,8,1.35440
2026-09-08 20:38:04,EUR/USD,31,8,1.16295
2026-09-08 20:38:14,NZD/USD,20,8,0.58598
2026-09-08 20:38:24,US500,26,23,7673.52000
2026-09-08 20:53:38,AUD/USD,55,0,0.72258
2026-09-08 20:53:48,GBP/USD,60,8,1.35460
2026-09-08 20:53:58,EUR/USD,31,8,1.16303
2026-09-08 20:54:08,NZD/USD,20,8,0.58604
2026-09-08 20:54:18,US500,26,23,7673.52000
2026-09-08 21:09:31,AUD/USD,55,0,0.72245
2026-09-08 21:09:41,GBP/USD,60,8,1.35460
2026-09-08 21:09:51,EUR/USD,31,8,1.16304
2026-09-08 21:10:02,NZD/USD,20,8,0.58614
2026-09-08 21:10:12,US500,26,23,7673.52000
2026-09-08 21:25:25,AUD/USD,55,0,0.72230
2026-09-08 21:25:35,GBP/USD,60,18,1.35440
2026-09-08 21:25:45,EUR/USD,31,18,1.16278
2026-09-08 21:25:55,NZD/USD,20,18,0.58595
2026-09-08 21:26:05,US500,26,23,7673.52000
2026-09-08 21:41:19,AUD/USD,55,0,0.72204
2026-09-08 21:41:29,GBP/USD,60,8,1.35430
2026-09-08 21:41:39,EUR/USD,31,8,1.16289
2026-09-08 21:41:49,NZD/USD,20,25,0.58566
2026-09-08 21:41:59,US500,26,23,7673.52000
2026-09-08 21:57:13,AUD/USD,55,0,0.72233
2026-09-08 21:57:23,GBP/USD,60,8,1.35460
2026-09-08 21:57:33,EUR/USD,31,8,1.16311
2026-09-08 21:57:43,NZD/USD,20,8,0.58601
2026-09-08 21:57:53,US500,26,23,7673.52000
2026-09-08 22:13:07,AUD/USD,55,0,0.72213
2026-09-08 22:13:17,GBP/USD,60,8,1.35450
2026-09-08 22:13:27,EUR/USD,31,8,1.16306
2026-09-08 22:13:37,NZD/USD,20,8,0.58574
2026-09-08 22:13:47,US500,26,23,7673.52000
2026-09-08 22:29:00,AUD/USD,55,0,0.72216
2026-09-08 22:29:10,GBP/USD,60,8,1.35420
2026-09-08 22:29:20,EUR/USD,31,8,1.16281
2026-09-08 22:29:30,NZD/USD,20,25,0.58569
2026-09-08 22:29:40,US500,26,23,7673.52000
2026-09-08 22:44:54,AUD/USD,55,0,0.72222
2026-09-08 22:45:04,GBP/USD,60,8,1.35430
2026-09-08 22:45:14,EUR/USD,31,8,1.16285
2026-09-08 22:45:24,NZD/USD,20,8,0.58574
2026-09-08 22:45:34,US500,26,23,7673.52000
2026-09-08 23:00:47,AUD/USD,55,0,0.72241
2026-09-08 23:00:57,GBP/USD,60,8,1.35470
2026-09-08 23:01:07,EUR/USD,31,8,1.16306
2026-09-08 23:01:17,NZD/USD,20,8,0.58588
2026-09-08 23:01:27,US500,26,23,7673.52000
2026-09-08 23:16:41,AUD/USD,55,0,0.72222
2026-09-08 23:16:51,GBP/USD,60,8,1.35450
2026-09-08 23:17:01,EUR/USD,31,8,1.16298
2026-09-08 23:17:10,NZD/USD,20,5,0.58556
2026-09-08 23:17:20,US500,26,23,7673.52000
2026-09-08 23:32:34,AUD/USD,55,0,0.72216
2026-09-08 23:32:44,GBP/USD,60,8,1.35440
2026-09-08 23:32:54,EUR/USD,31,8,1.16295
2026-09-08 23:33:04,NZD/USD,20,5,0.58550
2026-09-08 23:33:14,US500,26,23,7673.52000
2026-09-09 08:04:05,AUD/USD,55,0,0.72214
2026-09-09 08:04:15,GBP/USD,40,8,1.35630
2026-09-09 08:04:25,EUR/USD,31,8,1.16491
2026-09-09 08:04:36,NZD/USD,20,5,0.58511
2026-09-09 08:04:46,US500,26,23,7673.52000
2026-09-09 08:20:00,AUD/USD,55,0,0.72228
2026-09-09 08:20:10,GBP/USD,40,8,1.35600
2026-09-09 08:20:20,EUR/USD,31,8,1.16510
2026-09-09 08:20:30,NZD/USD,20,5,0.58556
2026-09-09 08:20:40,US500,26,23,7673.52000
2026-09-09 08:35:53,AUD/USD,55,0,0.72242
2026-09-09 08:36:03,GBP/USD,60,8,1.35540
2026-09-09 08:36:13,EUR/USD,31,8,1.16472
2026-09-09 08:36:23,NZD/USD,20,5,0.58549
2026-09-09 08:36:33,US500,26,23,7673.52000
2026-09-09 08:51:47,AUD/USD,55,0,0.72219
2026-09-09 08:51:57,GBP/USD,60,8,1.35490
2026-09-09 08:52:07,EUR/USD,31,8,1.16433
2026-09-09 08:52:17,NZD/USD,20,5,0.58519
2026-09-09 08:52:27,US500,26,23,7673.52000
2026-09-09 09:07:41,AUD/USD,55,0,0.72241
2026-09-09 09:07:51,GBP/USD,60,8,1.35540
2026-09-09 09:08:01,EUR/USD,31,8,1.16466
2026-09-09 09:08:11,NZD/USD,20,5,0.58542
2026-09-09 09:08:21,US500,26,23,7673.52000
2026-09-09 09:23:34,AUD/USD,55,0,0.72265
2026-09-09 09:23:44,GBP/USD,60,8,1.35500
2026-09-09 09:23:54,EUR/USD,31,8,1.16455
2026-09-09 09:24:04,NZD/USD,20,5,0.58537
2026-09-09 09:24:14,US500,26,23,7673.52000
2026-09-09 09:39:28,AUD/USD,55,0,0.72314
2026-09-09 09:39:38,GBP/USD,60,8,1.35540
2026-09-09 09:39:48,EUR/USD,31,8,1.16474
2026-09-09 09:39:58,NZD/USD,20,5,0.58552
2026-09-09 09:40:08,US500,26,23,7660.68000
2026-09-09 09:55:22,AUD/USD,55,0,0.72280
2026-09-09 09:55:32,GBP/USD,40,8,1.35600
2026-09-09 09:55:42,EUR/USD,31,8,1.16470
2026-09-09 09:55:52,NZD/USD,20,5,0.58548
2026-09-09 09:56:02,US500,26,40,7650.62000
2026-09-09 10:11:15,AUD/USD,55,0,0.72294
2026-09-09 10:11:25,GBP/USD,40,8,1.35600
2026-09-09 10:11:35,EUR/USD,31,8,1.16488
2026-09-09 10:11:45,NZD/USD,20,5,0.58545
2026-09-09 10:11:55,US500,26,40,7651.16000
2026-09-09 10:27:09,AUD/USD,55,0,0.72272
2026-09-09 10:27:19,GBP/USD,40,8,1.35610
2026-09-09 10:27:29,EUR/USD,31,8,1.16468
2026-09-09 10:27:39,NZD/USD,20,13,0.58490
2026-09-09 10:27:49,US500,26,40,7647.16000
2026-09-09 10:43:03,AUD/USD,55,0,0.72272
2026-09-09 10:43:13,GBP/USD,40,8,1.35590
2026-09-09 10:43:23,EUR/USD,31,8,1.16454
2026-09-09 10:43:33,NZD/USD,20,13,0.58480
2026-09-09 10:43:43,US500,26,40,7649.86000
2026-09-09 10:58:57,AUD/USD,55,0,0.72303
2026-09-09 10:59:06,GBP/USD,40,8,1.35610
2026-09-09 10:59:16,EUR/USD,31,8,1.16477
2026-09-09 10:59:26,NZD/USD,20,5,0.58535
2026-09-09 10:59:36,US500,26,40,7650.51000
2026-09-09 12:04:37,AUD/USD,55,0,0.72212
2026-09-09 12:04:47,GBP/USD,60,8,1.35550
2026-09-09 12:04:58,EUR/USD,31,8,1.16328
2026-09-09 12:05:08,NZD/USD,20,19,0.58440
2026-09-09 12:05:18,US500,26,40,7638.34000
2026-09-09 12:20:32,AUD/USD,55,0,0.72145
2026-09-09 12:20:42,GBP/USD,60,18,1.35460
2026-09-09 12:20:51,EUR/USD,31,18,1.16288
2026-09-09 12:21:02,NZD/USD,20,29,0.58371
2026-09-09 12:21:12,US500,26,40,7630.46000
2026-09-09 12:36:25,AUD/USD,55,0,0.72172
2026-09-09 12:36:35,GBP/USD,60,8,1.35490
2026-09-09 12:36:45,EUR/USD,31,8,1.16319
2026-09-09 12:36:55,NZD/USD,20,19,0.58388
2026-09-09 12:37:05,US500,26,40,7630.69000
2026-09-09 12:52:19,AUD/USD,55,0,0.72215
2026-09-09 12:52:29,GBP/USD,60,8,1.35530
2026-09-09 12:52:39,EUR/USD,31,8,1.16372
2026-09-09 12:52:49,NZD/USD,20,19,0.58424
2026-09-09 12:52:59,US500,26,40,7635.89000
2026-09-09 13:08:13,AUD/USD,55,0,0.72223
2026-09-09 13:08:23,GBP/USD,40,8,1.35570
2026-09-09 13:08:33,EUR/USD,31,8,1.16396
2026-09-09 13:08:43,NZD/USD,20,19,0.58425
2026-09-09 13:08:53,US500,26,40,7641.36000
2026-09-09 13:24:06,AUD/USD,55,0,0.72221
2026-09-09 13:24:16,GBP/USD,40,8,1.35600
2026-09-09 13:24:26,EUR/USD,31,8,1.16398
2026-09-09 13:24:36,NZD/USD,20,19,0.58424
2026-09-09 13:24:47,US500,26,40,7645.83000
2026-09-09 13:40:00,AUD/USD,55,0,0.72206
2026-09-09 13:40:10,GBP/USD,40,8,1.35570
2026-09-09 13:40:21,EUR/USD,31,8,1.16379
2026-09-09 13:40:31,NZD/USD,20,19,0.58413
2026-09-09 13:40:41,US500,26,40,7645.20000
2026-09-09 13:55:55,AUD/USD,55,0,0.72221
2026-09-09 13:56:05,GBP/USD,40,8,1.35590
2026-09-09 13:56:15,EUR/USD,31,8,1.16390
2026-09-09 13:56:25,NZD/USD,20,19,0.58427
2026-09-09 13:56:35,US500,26,23,7645.05000
2026-09-09 14:11:49,AUD/USD,55,0,0.72218
2026-09-09 14:11:59,GBP/USD,40,8,1.35590
2026-09-09 14:12:09,EUR/USD,31,8,1.16382
2026-09-09 14:12:19,NZD/USD,20,19,0.58424
2026-09-09 14:12:29,US500,26,40,7645.93000
2026-09-09 14:27:43,AUD/USD,55,0,0.72210
2026-09-09 14:27:53,GBP/USD,40,8,1.35560
2026-09-09 14:28:03,EUR/USD,31,8,1.16357
2026-09-09 14:28:13,NZD/USD,20,19,0.58410
2026-09-09 14:28:23,US500,26,40,7640.04000
2026-09-09 14:43:37,AUD/USD,55,0,0.72183
2026-09-09 14:43:47,GBP/USD,60,8,1.35510
2026-09-09 14:43:57,EUR/USD,31,8,1.16311
2026-09-09 14:44:07,NZD/USD,20,19,0.58387
2026-09-09 14:44:17,US500,26,40,7642.80000
2026-09-09 14:59:31,AUD/USD,55,0,0.72172
2026-09-09 14:59:41,GBP/USD,60,18,1.35460
2026-09-09 14:59:51,EUR/USD,31,18,1.16294
2026-09-09 15:00:01,NZD/USD,20,29,0.58372
2026-09-09 15:00:11,US500,26,23,7645.42000
2026-09-09 15:15:25,AUD/USD,47,0,0.72161
2026-09-09 15:15:35,GBP/USD,60,18,1.35420
2026-09-09 15:15:45,EUR/USD,31,18,1.16265
2026-09-09 15:15:55,NZD/USD,20,29,0.58370
2026-09-09 15:16:05,US500,26,40,7641.78000
2026-09-09 15:31:19,AUD/USD,47,0,0.72155
2026-09-09 15:31:28,GBP/USD,60,18,1.35430
2026-09-09 15:31:38,EUR/USD,31,18,1.16278
2026-09-09 15:31:48,NZD/USD,20,29,0.58373
2026-09-09 15:31:58,US500,26,40,7646.47000
2026-09-09 15:47:12,AUD/USD,55,0,0.72176
2026-09-09 15:47:22,GBP/USD,60,8,1.35460
2026-09-09 15:47:32,EUR/USD,31,8,1.16313
2026-09-09 15:47:42,NZD/USD,20,19,0.58383
2026-09-09 15:47:52,US500,26,40,7642.98000
2026-09-09 16:03:06,AUD/USD,47,0,0.72154
2026-09-09 16:03:16,GBP/USD,60,18,1.35450
2026-09-09 16:03:26,EUR/USD,31,18,1.16292
2026-09-09 16:03:36,NZD/USD,20,29,0.58364
2026-09-09 16:03:46,US500,26,40,7637.50000
2026-09-09 16:18:59,AUD/USD,47,0,0.72149
2026-09-09 16:19:09,GBP/USD,60,18,1.35410
2026-09-09 16:19:19,EUR/USD,31,18,1.16278
2026-09-09 16:19:29,NZD/USD,20,29,0.58351
2026-09-09 16:19:39,US500,26,40,7636.36000
2026-09-09 16:34:53,AUD/USD,47,0,0.72164
2026-09-09 16:35:03,GBP/USD,60,8,1.35460
2026-09-09 16:35:13,EUR/USD,31,8,1.16311
2026-09-09 16:35:23,NZD/USD,20,19,0.58363
2026-09-09 16:35:33,US500,26,40,7636.36000
2026-09-09 16:50:47,AUD/USD,55,0,0.72175
2026-09-09 16:50:57,GBP/USD,60,8,1.35460
2026-09-09 16:51:07,EUR/USD,31,8,1.16327
2026-09-09 16:51:17,NZD/USD,20,19,0.58383
2026-09-09 16:51:27,US500,26,40,7636.36000
2026-09-09 18:49:26,AUD/USD,55,0,0.72182
2026-09-09 18:49:36,GBP/USD,55,3,1.35510
2026-09-09 18:49:46,EUR/USD,31,8,1.16365
2026-09-09 18:49:56,NZD/USD,20,26,0.58416
2026-09-09 18:50:06,US500,26,40,7636.36000
2026-09-09 19:05:19,AUD/USD,55,0,0.72177
2026-09-09 19:05:29,GBP/USD,55,3,1.35520
2026-09-09 19:05:39,EUR/USD,31,8,1.16370
2026-09-09 19:05:49,NZD/USD,20,26,0.58420
2026-09-09 19:05:59,US500,26,40,7636.36000
2026-09-09 19:21:13,AUD/USD,55,0,0.72193
2026-09-09 19:21:23,GBP/USD,55,3,1.35520
2026-09-09 19:21:33,EUR/USD,31,8,1.16368
2026-09-09 19:21:43,NZD/USD,20,26,0.58430
2026-09-09 19:21:53,US500,26,40,7636.36000
2026-09-09 19:37:07,AUD/USD,55,0,0.72197
2026-09-09 19:37:17,GBP/USD,55,3,1.35510
2026-09-09 19:37:27,EUR/USD,31,8,1.16360
2026-09-09 19:37:37,NZD/USD,20,26,0.58441
2026-09-09 19:37:47,US500,26,40,7636.36000
2026-09-09 19:53:01,AUD/USD,55,0,0.72218
2026-09-09 19:53:12,GBP/USD,55,3,1.35500
2026-09-09 19:53:22,EUR/USD,31,8,1.16339
2026-09-09 19:53:32,NZD/USD,20,26,0.58457
2026-09-09 19:53:43,US500,26,40,7636.36000
2026-09-09 20:08:57,AUD/USD,55,0,0.72207
2026-09-09 20:09:07,GBP/USD,55,13,1.35470
2026-09-09 20:09:17,EUR/USD,31,18,1.16325
2026-09-09 20:09:27,NZD/USD,20,36,0.58409
2026-09-09 20:09:37,US500,26,40,7636.36000
2026-09-09 20:24:51,AUD/USD,55,0,0.72184
2026-09-09 20:25:01,GBP/USD,55,13,1.35450
2026-09-09 20:25:12,EUR/USD,31,18,1.16316
2026-09-09 20:25:22,NZD/USD,20,36,0.58462
2026-09-09 20:25:32,US500,26,40,7636.36000
2026-09-09 20:40:46,AUD/USD,55,0,0.72170
2026-09-09 20:40:56,GBP/USD,55,13,1.35480
2026-09-09 20:41:07,EUR/USD,31,18,1.16315
2026-09-09 20:41:17,NZD/USD,20,36,0.58459
2026-09-09 20:41:27,US500,26,40,7636.36000
2026-09-09 20:56:41,AUD/USD,55,0,0.72158
2026-09-09 20:56:51,GBP/USD,55,13,1.35480
2026-09-09 20:57:02,EUR/USD,31,18,1.16322
2026-09-09 20:57:12,NZD/USD,20,36,0.58451
2026-09-09 20:57:22,US500,26,40,7636.36000
2026-09-09 21:12:37,AUD/USD,55,0,0.72150
2026-09-09 21:12:47,GBP/USD,55,13,1.35490
2026-09-09 21:12:57,EUR/USD,31,18,1.16342
2026-09-09 21:13:08,NZD/USD,20,30,0.58475
2026-09-09 21:13:18,US500,26,40,7636.36000
2026-09-09 21:28:32,AUD/USD,55,0,0.72108
2026-09-09 21:28:42,GBP/USD,55,13,1.35480
2026-09-09 21:28:52,EUR/USD,31,18,1.16333
2026-09-09 21:29:02,NZD/USD,20,36,0.58440
2026-09-09 21:29:12,US500,26,40,7636.36000
2026-09-09 21:44:26,AUD/USD,47,0,0.72122
2026-09-09 21:44:36,GBP/USD,55,13,1.35480
2026-09-09 21:44:46,EUR/USD,31,18,1.16335
2026-09-09 21:44:56,NZD/USD,20,30,0.58469
2026-09-09 21:45:06,US500,26,40,7636.36000
2026-09-09 22:00:20,AUD/USD,55,0,0.72178
2026-09-09 22:00:30,GBP/USD,35,3,1.35580
2026-09-09 22:00:40,EUR/USD,31,8,1.16393
2026-09-09 22:00:50,NZD/USD,20,15,0.58527
2026-09-09 22:01:00,US500,26,40,7636.36000
2026-09-09 22:16:13,AUD/USD,55,0,0.72177
2026-09-09 22:16:23,GBP/USD,35,3,1.35550
2026-09-09 22:16:33,EUR/USD,31,8,1.16371
2026-09-09 22:16:43,NZD/USD,20,20,0.58491
2026-09-09 22:16:53,US500,26,40,7636.36000
2026-09-10 08:10:13,AUD/USD,32,18,0.71858
2026-09-10 08:10:23,GBP/USD,26,13,1.35230
2026-09-10 08:10:33,EUR/USD,26,18,1.16172
2026-09-10 08:10:43,NZD/USD,20,36,0.58260
2026-09-10 08:10:53,US500,26,40,7636.36000
2026-09-10 08:26:07,AUD/USD,27,13,0.71780
2026-09-10 08:26:17,GBP/USD,26,13,1.35210
2026-09-10 08:26:27,EUR/USD,23,18,1.16220
2026-09-10 08:26:37,NZD/USD,20,36,0.58176
2026-09-10 08:26:47,US500,26,40,7636.36000
2026-09-10 08:38:41,AUD/USD,30,13,0.71591
2026-09-10 08:38:51,GBP/USD,26,30,1.34950
2026-09-10 08:39:01,EUR/USD,26,35,1.15920
2026-09-10 08:39:11,NZD/USD,20,36,0.57996
2026-09-10 08:39:21,US500,26,40,7636.36000
2026-09-10 08:54:35,AUD/USD,27,13,0.71676
2026-09-10 08:54:45,GBP/USD,26,30,1.35080
2026-09-10 08:54:55,EUR/USD,26,18,1.16033
2026-09-10 08:55:05,NZD/USD,20,36,0.58040
2026-09-10 08:55:15,US500,26,40,7636.36000
2026-09-10 09:10:29,AUD/USD,47,13,0.71626
2026-09-10 09:10:39,GBP/USD,26,30,1.35000
2026-09-10 09:10:49,EUR/USD,26,18,1.16012
2026-09-10 09:10:59,NZD/USD,20,36,0.58011
2026-09-10 09:11:09,US500,26,40,7636.36000
2026-09-10 09:26:22,AUD/USD,30,13,0.71590
2026-09-10 09:26:32,GBP/USD,26,30,1.34970
2026-09-10 09:26:42,EUR/USD,26,18,1.15996
2026-09-10 09:26:52,NZD/USD,20,36,0.57987
2026-09-10 09:27:02,US500,26,40,7636.36000
2026-09-10 11:04:26,AUD/USD,27,13,0.71656
2026-09-10 11:04:36,GBP/USD,26,13,1.35290
2026-09-10 11:04:46,EUR/USD,31,18,1.16279
2026-09-10 11:04:56,NZD/USD,20,36,0.58082
2026-09-10 11:05:06,US500,26,20,7605.10000
2026-09-10 11:20:20,AUD/USD,27,13,0.71717
2026-09-10 11:20:30,GBP/USD,26,13,1.35300
2026-09-10 11:20:40,EUR/USD,31,18,1.16284
2026-09-10 11:20:50,NZD/USD,20,36,0.58083
2026-09-10 11:21:00,US500,26,20,7606.33000
2026-09-10 11:36:13,AUD/USD,27,13,0.71721
2026-09-10 11:36:23,GBP/USD,26,13,1.35310
2026-09-10 11:36:33,EUR/USD,31,18,1.16290
2026-09-10 11:36:43,NZD/USD,20,36,0.58081
2026-09-10 11:36:54,US500,26,20,7606.24000
2026-09-10 11:52:07,AUD/USD,27,13,0.71705
2026-09-10 11:52:17,GBP/USD,26,13,1.35320
2026-09-10 11:52:27,EUR/USD,31,18,1.16296
2026-09-10 11:52:37,NZD/USD,20,36,0.58068
2026-09-10 11:52:47,US500,26,20,7606.09000
2026-09-10 12:08:01,AUD/USD,27,13,0.71648
2026-09-10 12:08:11,GBP/USD,26,13,1.35260
2026-09-10 12:08:21,EUR/USD,23,18,1.16237
2026-09-10 12:08:31,NZD/USD,20,36,0.58034
2026-09-10 12:08:40,US500,15,20,7598.84000
2026-09-10 12:23:54,AUD/USD,27,13,0.71674
2026-09-10 12:24:04,GBP/USD,26,13,1.35300
2026-09-10 12:24:14,EUR/USD,23,18,1.16275
2026-09-10 12:24:24,NZD/USD,20,36,0.58057
2026-09-10 12:24:34,US500,15,20,7595.55000
2026-09-10 12:39:48,AUD/USD,27,13,0.71657
2026-09-10 12:39:58,GBP/USD,26,13,1.35240
2026-09-10 12:40:08,EUR/USD,6,18,1.16198
2026-09-10 12:40:18,NZD/USD,20,36,0.58034
2026-09-10 12:40:28,US500,15,20,7595.12000
2026-09-10 12:55:41,AUD/USD,27,13,0.71668
2026-09-10 12:55:51,GBP/USD,26,13,1.35240
2026-09-10 12:56:01,EUR/USD,6,18,1.16195
2026-09-10 12:56:11,NZD/USD,20,36,0.58039
2026-09-10 12:56:21,US500,26,20,7603.86000
2026-09-10 13:11:35,AUD/USD,27,13,0.71671
2026-09-10 13:11:45,GBP/USD,26,13,1.35250
2026-09-10 13:11:55,EUR/USD,6,18,1.16206
2026-09-10 13:12:05,NZD/USD,20,36,0.58063
2026-09-10 13:12:15,US500,26,40,7607.75000
2026-09-10 13:27:29,AUD/USD,27,13,0.71664
2026-09-10 13:27:39,GBP/USD,26,13,1.35280
2026-09-10 13:27:49,EUR/USD,23,18,1.16209
2026-09-10 13:27:59,NZD/USD,20,36,0.58056
2026-09-10 13:28:09,US500,26,20,7604.03000
2026-09-10 13:43:23,AUD/USD,27,13,0.71655
2026-09-10 13:43:33,GBP/USD,26,13,1.35260
2026-09-10 13:43:43,EUR/USD,6,18,1.16200
2026-09-10 13:43:53,NZD/USD,20,36,0.58033
2026-09-10 13:44:03,US500,15,20,7600.25000
2026-09-10 13:59:17,AUD/USD,27,13,0.71644
2026-09-10 13:59:27,GBP/USD,26,13,1.35210
2026-09-10 13:59:37,EUR/USD,26,18,1.16189
2026-09-10 13:59:47,NZD/USD,20,36,0.58023
2026-09-10 13:59:57,US500,15,20,7596.31000
2026-09-10 14:15:11,AUD/USD,30,13,0.71580
2026-09-10 14:15:20,GBP/USD,26,30,1.35110
2026-09-10 14:15:30,EUR/USD,26,18,1.16125
2026-09-10 14:15:40,NZD/USD,20,36,0.57955
2026-09-10 14:15:50,US500,15,20,7591.80000
2026-09-10 14:31:04,AUD/USD,47,13,0.71594
2026-09-10 14:31:14,GBP/USD,26,30,1.35130
2026-09-10 14:31:24,EUR/USD,26,18,1.16143
2026-09-10 14:31:34,NZD/USD,20,36,0.57961
2026-09-10 14:31:44,US500,15,20,7591.84000
2026-09-10 14:46:58,AUD/USD,47,13,0.71598
2026-09-10 14:47:08,GBP/USD,26,30,1.35110
2026-09-10 14:47:18,EUR/USD,26,18,1.16131
2026-09-10 14:47:28,NZD/USD,20,36,0.57961
2026-09-10 14:47:38,US500,15,20,7589.58000
2026-09-10 15:02:51,AUD/USD,30,13,0.71574
2026-09-10 15:03:01,GBP/USD,26,30,1.35100
2026-09-10 15:03:11,EUR/USD,26,18,1.16106
2026-09-10 15:03:21,NZD/USD,20,36,0.57945
2026-09-10 15:03:31,US500,15,20,7595.90000
2026-09-10 15:18:45,AUD/USD,30,13,0.71559
2026-09-10 15:18:55,GBP/USD,26,30,1.35080
2026-09-10 15:19:05,EUR/USD,26,18,1.16098
2026-09-10 15:19:15,NZD/USD,20,36,0.57936
2026-09-10 15:19:25,US500,15,20,7590.31000
2026-09-10 15:34:39,AUD/USD,30,13,0.71570
2026-09-10 15:34:49,GBP/USD,26,30,1.35110
2026-09-10 15:34:59,EUR/USD,26,18,1.16120
2026-09-10 15:35:09,NZD/USD,20,36,0.57968
2026-09-10 15:35:19,US500,15,20,7589.75000
2026-09-10 15:50:33,AUD/USD,30,13,0.71574
2026-09-10 15:50:43,GBP/USD,26,30,1.35090
2026-09-10 15:50:53,EUR/USD,26,18,1.16108
2026-09-10 15:51:03,NZD/USD,20,36,0.57966
2026-09-10 15:51:13,US500,15,20,7594.02000
2026-09-10 16:06:27,AUD/USD,30,13,0.71578
2026-09-10 16:06:37,GBP/USD,26,30,1.35080
2026-09-10 16:06:47,EUR/USD,26,18,1.16095
2026-09-10 16:06:57,NZD/USD,20,36,0.57958
2026-09-10 16:07:07,US500,15,20,7591.76000
2026-09-10 16:22:21,AUD/USD,30,13,0.71557
2026-09-10 16:22:31,GBP/USD,26,30,1.35060
2026-09-10 16:22:41,EUR/USD,26,18,1.16067
2026-09-10 16:22:51,NZD/USD,20,36,0.57944
2026-09-10 16:23:01,US500,15,20,7591.70000
2026-09-10 16:38:14,AUD/USD,30,13,0.71572
2026-09-10 16:38:24,GBP/USD,26,30,1.35100
2026-09-10 16:38:34,EUR/USD,26,18,1.16091
2026-09-10 16:38:44,NZD/USD,20,36,0.57953
2026-09-10 16:38:54,US500,15,20,7591.70000
2026-09-11 08:37:24,AUD/USD,27,13,0.71680
2026-09-11 08:37:34,GBP/USD,26,13,1.35050
2026-09-11 08:37:44,EUR/USD,26,35,1.15858
2026-09-11 08:37:54,NZD/USD,20,36,0.58145
2026-09-11 08:38:03,US500,15,20,7591.70000
2026-09-11 08:53:17,AUD/USD,27,13,0.71832
2026-09-11 08:53:27,GBP/USD,26,13,1.35220
2026-09-11 08:53:37,EUR/USD,26,18,1.16018
2026-09-11 08:53:47,NZD/USD,20,36,0.58243
2026-09-11 08:53:57,US500,15,20,7591.70000
2026-09-11 09:09:11,AUD/USD,27,13,0.71772
2026-09-11 09:09:21,GBP/USD,26,13,1.35180
2026-09-11 09:09:31,EUR/USD,26,18,1.16005
2026-09-11 09:09:41,NZD/USD,20,36,0.58219
2026-09-11 09:09:50,US500,15,20,7591.70000
2026-09-11 13:18:29,AUD/USD,27,13,0.71734
2026-09-11 13:18:39,GBP/USD,26,13,1.35220
2026-09-11 13:18:49,EUR/USD,26,18,1.15980
2026-09-11 13:18:59,NZD/USD,20,36,0.58161
2026-09-11 13:19:10,US500,55,23,7670.29000
2026-09-11 13:34:23,AUD/USD,27,13,0.71754
2026-09-11 13:34:33,GBP/USD,43,13,1.35240
2026-09-11 13:34:43,EUR/USD,26,18,1.15987
2026-09-11 13:34:54,NZD/USD,20,36,0.58181
2026-09-11 13:35:04,US500,55,23,7675.99000
2026-09-11 13:50:17,AUD/USD,27,13,0.71741
2026-09-11 13:50:27,GBP/USD,26,13,1.35230
2026-09-11 13:50:37,EUR/USD,26,18,1.15987
2026-09-11 13:50:48,NZD/USD,20,36,0.58166
2026-09-11 13:50:58,US500,55,23,7672.60000
2026-09-11 15:27:59,AUD/USD,27,13,0.71740
2026-09-11 15:28:09,GBP/USD,43,13,1.35270
2026-09-11 15:28:19,EUR/USD,26,18,1.15966
2026-09-11 15:28:29,NZD/USD,20,36,0.58150
2026-09-11 15:28:39,US500,43,23,7664.45000
2026-09-11 15:43:53,AUD/USD,27,13,0.71725
2026-09-11 15:44:03,GBP/USD,43,13,1.35250
2026-09-11 15:44:13,EUR/USD,26,18,1.15954
2026-09-11 15:44:23,NZD/USD,20,36,0.58132
2026-09-11 15:44:33,US500,43,23,7663.00000
2026-09-11 15:59:47,AUD/USD,27,13,0.71725
2026-09-11 15:59:57,GBP/USD,43,13,1.35270
2026-09-11 16:00:07,EUR/USD,26,18,1.15963
2026-09-11 16:00:17,NZD/USD,20,36,0.58140
2026-09-11 16:00:28,US500,43,23,7658.95000
2026-09-11 16:15:41,AUD/USD,27,13,0.71705
2026-09-11 16:15:51,GBP/USD,43,13,1.35250
2026-09-11 16:16:01,EUR/USD,26,18,1.15935
2026-09-11 16:16:11,NZD/USD,20,36,0.58125
2026-09-11 16:16:21,US500,43,23,7656.98000
2026-09-11 16:31:35,AUD/USD,27,13,0.71704
2026-09-11 16:31:44,GBP/USD,43,13,1.35250
2026-09-11 16:31:54,EUR/USD,26,18,1.15934
2026-09-11 16:32:04,NZD/USD,20,36,0.58124
2026-09-11 16:32:14,US500,43,23,7656.98000
2026-09-11 16:47:28,AUD/USD,27,13,0.71696
2026-09-11 16:47:38,GBP/USD,26,13,1.35230
2026-09-11 16:47:48,EUR/USD,26,18,1.15945
2026-09-11 16:47:58,NZD/USD,20,36,0.58121
2026-09-11 16:48:08,US500,43,23,7656.98000
2026-09-13 18:14:07,AUD/USD,47,13,0.71614
2026-09-13 18:14:16,GBP/USD,43,13,1.35220
2026-09-13 18:14:26,EUR/USD,26,18,1.15950
2026-09-13 18:14:36,NZD/USD,20,36,0.58069
2026-09-13 18:14:46,US500,43,23,7656.98000
2026-09-13 18:30:00,AUD/USD,47,23,0.71591
2026-09-13 18:30:10,GBP/USD,26,23,1.35180
2026-09-13 18:30:20,EUR/USD,26,28,1.15913
2026-09-13 18:30:30,NZD/USD,20,46,0.58068
2026-09-13 18:30:40,US500,43,23,7656.98000
2026-09-13 18:45:54,AUD/USD,47,23,0.71585
2026-09-13 18:46:04,GBP/USD,43,23,1.35220
2026-09-13 18:46:14,EUR/USD,26,28,1.15911
2026-09-13 18:46:24,NZD/USD,20,46,0.58092
2026-09-13 18:46:34,US500,43,23,7656.98000
2026-09-13 19:01:48,AUD/USD,47,23,0.71608
2026-09-13 19:01:58,GBP/USD,43,23,1.35220
2026-09-13 19:02:08,EUR/USD,26,28,1.15908
2026-09-13 19:02:18,NZD/USD,20,46,0.58124
2026-09-13 19:02:28,US500,43,23,7656.98000
2026-09-13 19:17:41,AUD/USD,47,23,0.71591
2026-09-13 19:17:51,GBP/USD,43,23,1.35210
2026-09-13 19:18:01,EUR/USD,26,28,1.15898
2026-09-13 19:18:11,NZD/USD,20,46,0.58149
2026-09-13 19:18:21,US500,43,23,7656.98000
2026-09-13 19:33:35,AUD/USD,47,23,0.71568
2026-09-13 19:33:45,GBP/USD,43,23,1.35210
2026-09-13 19:33:55,EUR/USD,26,28,1.15911
2026-09-13 19:34:05,NZD/USD,20,46,0.58138
2026-09-13 19:34:15,US500,43,23,7656.98000
2026-09-13 19:49:29,AUD/USD,26,13,0.71508
2026-09-13 19:49:39,GBP/USD,43,13,1.35220
2026-09-13 19:49:49,EUR/USD,26,18,1.15920
2026-09-13 19:49:59,NZD/USD,20,36,0.58107
2026-09-13 19:50:09,US500,43,23,7656.98000
2026-09-13 20:05:23,AUD/USD,26,13,0.71505
2026-09-13 20:05:33,GBP/USD,43,13,1.35270
2026-09-13 20:05:42,EUR/USD,26,18,1.15950
2026-09-13 20:05:52,NZD/USD,20,36,0.58062
2026-09-13 20:06:02,US500,43,23,7656.98000
2026-09-13 20:21:16,AUD/USD,26,23,0.71482
2026-09-13 20:21:26,GBP/USD,43,23,1.35220
2026-09-13 20:21:36,EUR/USD,26,28,1.15898
2026-09-13 20:21:46,NZD/USD,20,46,0.57994
2026-09-13 20:21:56,US500,43,23,7656.98000
2026-09-13 20:37:10,AUD/USD,26,23,0.71443
2026-09-13 20:37:20,GBP/USD,26,23,1.35160
2026-09-13 20:37:30,EUR/USD,26,45,1.15862
2026-09-13 20:37:40,NZD/USD,20,46,0.57972
2026-09-13 20:37:50,US500,43,23,7656.98000
2026-09-13 20:53:04,AUD/USD,26,23,0.71459
2026-09-13 20:53:14,GBP/USD,26,23,1.35180
2026-09-13 20:53:24,EUR/USD,26,45,1.15875
2026-09-13 20:53:34,NZD/USD,20,46,0.57975
2026-09-13 20:53:44,US500,43,23,7656.98000
2026-09-13 21:08:57,AUD/USD,26,23,0.71449
2026-09-13 21:09:07,GBP/USD,26,23,1.35150
2026-09-13 21:09:18,EUR/USD,26,45,1.15846
2026-09-13 21:09:28,NZD/USD,20,46,0.57971
2026-09-13 21:09:38,US500,43,23,7656.98000
2026-09-13 21:24:51,AUD/USD,26,23,0.71456
2026-09-13 21:25:01,GBP/USD,26,23,1.35150
2026-09-13 21:25:11,EUR/USD,26,45,1.15861
2026-09-13 21:25:21,NZD/USD,20,46,0.57948
2026-09-13 21:25:31,US500,43,23,7656.98000
2026-09-13 21:40:45,AUD/USD,26,23,0.71412
2026-09-13 21:40:55,GBP/USD,26,23,1.35170
2026-09-13 21:41:05,EUR/USD,26,28,1.15881
2026-09-13 21:41:15,NZD/USD,20,46,0.57956
2026-09-13 21:41:25,US500,43,23,7656.98000
2026-09-13 21:56:39,AUD/USD,26,23,0.71491
2026-09-13 21:56:50,GBP/USD,26,23,1.35160
2026-09-13 21:57:01,EUR/USD,26,45,1.15865
2026-09-13 21:57:11,NZD/USD,20,46,0.57962
2026-09-13 21:57:22,US500,43,23,7656.98000
2026-09-13 22:12:36,AUD/USD,26,23,0.71483
2026-09-13 22:12:46,GBP/USD,26,23,1.35190
2026-09-13 22:12:56,EUR/USD,26,45,1.15874
2026-09-13 22:13:06,NZD/USD,20,46,0.57932
2026-09-13 22:13:16,US500,43,23,7656.98000
2026-09-14 06:20:09,AUD/USD,16,40,0.71298
2026-09-14 06:20:19,GBP/USD,5,20,1.34800
2026-09-14 06:20:29,EUR/USD,10,44,1.15376
2026-09-14 06:20:39,NZD/USD,10,46,0.57707
2026-09-14 06:20:49,US500,43,23,7656.98000
2026-09-14 19:08:16,AUD/USD,33,23,0.71389
2026-09-14 19:08:26,GBP/USD,16,23,1.35040
2026-09-14 19:08:36,EUR/USD,10,36,1.15514
2026-09-14 19:08:46,NZD/USD,10,46,0.57785
2026-09-14 19:08:56,US500,26,40,7619.98000
2026-09-14 19:24:10,AUD/USD,33,23,0.71388
2026-09-14 19:24:20,GBP/USD,16,23,1.35010
2026-09-14 19:24:30,EUR/USD,10,36,1.15500
2026-09-14 19:24:40,NZD/USD,10,46,0.57789
2026-09-14 19:24:50,US500,26,40,7619.98000
2026-09-14 19:40:04,AUD/USD,33,23,0.71382
2026-09-14 19:40:14,GBP/USD,16,23,1.35010
2026-09-14 19:40:24,EUR/USD,10,36,1.15480
2026-09-14 19:40:34,NZD/USD,10,46,0.57783
2026-09-14 19:40:44,US500,26,40,7619.98000
2026-09-14 19:55:58,AUD/USD,43,23,0.71370
2026-09-14 19:56:08,GBP/USD,26,23,1.35000
2026-09-14 19:56:18,EUR/USD,20,36,1.15474
2026-09-14 19:56:28,NZD/USD,20,46,0.57773
2026-09-14 19:56:38,US500,26,40,7619.98000
2026-09-14 20:11:52,AUD/USD,43,23,0.71353
2026-09-14 20:12:02,GBP/USD,26,23,1.35000
2026-09-14 20:12:12,EUR/USD,20,44,1.15463
2026-09-14 20:12:22,NZD/USD,20,46,0.57780
2026-09-14 20:12:32,US500,26,40,7619.98000
2026-09-14 21:03:30,AUD/USD,33,23,0.71352
2026-09-14 21:03:40,GBP/USD,16,23,1.34960
2026-09-14 21:03:51,EUR/USD,10,44,1.15434
2026-09-14 21:04:00,NZD/USD,10,46,0.57750
2026-09-14 21:04:11,US500,26,40,7619.98000
2026-09-14 21:19:24,AUD/USD,33,23,0.71329
2026-09-14 21:19:34,GBP/USD,16,23,1.34930
2026-09-14 21:19:44,EUR/USD,10,44,1.15416
2026-09-14 21:19:54,NZD/USD,0,46,0.57696
2026-09-14 21:20:04,US500,26,40,7619.98000
2026-09-14 21:35:18,AUD/USD,16,23,0.71288
2026-09-14 21:35:28,GBP/USD,5,40,1.34880
2026-09-14 21:35:38,EUR/USD,10,44,1.15387
2026-09-14 21:35:49,NZD/USD,0,46,0.57655
2026-09-14 21:35:58,US500,26,40,7619.98000
2026-09-14 22:29:18,AUD/USD,16,23,0.71293
2026-09-14 22:29:28,GBP/USD,5,20,1.34860
2026-09-14 22:29:38,EUR/USD,10,44,1.15367
2026-09-14 22:29:48,NZD/USD,0,46,0.57614
2026-09-14 22:29:58,US500,26,40,7619.98000
2026-09-15 02:49:47,AUD/USD,33,23,0.71327
2026-09-15 02:49:56,GBP/USD,5,40,1.34880
2026-09-15 02:50:06,EUR/USD,10,44,1.15389
2026-09-15 02:50:15,NZD/USD,0,46,0.57607
2026-09-15 02:50:24,US500,26,40,7619.98000
2026-09-15 03:07:57,AUD/USD,16,23,0.71316
2026-09-15 03:08:07,GBP/USD,5,40,1.34890
2026-09-15 03:08:16,EUR/USD,10,44,1.15398
2026-09-15 03:08:25,NZD/USD,0,46,0.57573
2026-09-15 03:08:35,US500,26,40,7619.98000
2026-09-15 03:14:06,AUD/USD,16,23,0.71299
2026-09-15 03:14:16,GBP/USD,5,40,1.34880
2026-09-15 03:14:25,EUR/USD,10,44,1.15390
2026-09-15 03:14:34,NZD/USD,0,46,0.57573
2026-09-15 03:14:43,US500,26,40,7619.98000
2026-09-15 08:23:39,AUD/USD,16,23,0.71257
2026-09-15 08:23:48,GBP/USD,5,20,1.34730
2026-09-15 08:23:58,EUR/USD,10,44,1.15372
2026-09-15 08:24:07,NZD/USD,0,46,0.57683
2026-09-15 08:24:16,US500,26,40,7619.98000
2026-09-15 13:46:20,AUD/USD,16,23,0.71291
2026-09-15 13:46:29,GBP/USD,5,40,1.34870
2026-09-15 13:46:38,EUR/USD,10,44,1.15442
2026-09-15 13:46:48,NZD/USD,0,46,0.57587
2026-09-15 13:46:57,US500,26,30,7609.37000
2026-09-15 17:55:48,AUD/USD,16,23,0.71292
2026-09-15 17:55:57,GBP/USD,5,20,1.34760
2026-09-15 17:56:06,EUR/USD,10,44,1.15374
2026-09-15 17:56:16,NZD/USD,0,46,0.57573
2026-09-15 17:56:25,US500,15,27,7583.81000
2026-09-15 20:54:40,AUD/USD,16,23,0.71309
2026-09-15 20:54:50,GBP/USD,5,20,1.34750
2026-09-15 20:54:59,EUR/USD,10,44,1.15404
2026-09-15 20:55:08,NZD/USD,0,46,0.57578
2026-09-15 20:55:18,US500,15,27,7585.73000
2026-09-15 23:24:11,AUD/USD,16,23,0.71280
2026-09-15 23:24:20,GBP/USD,5,10,1.34730
2026-09-15 23:24:29,EUR/USD,10,44,1.15379
2026-09-15 23:24:39,NZD/USD,0,46,0.57558
2026-09-15 23:24:48,US500,15,27,7585.73000
2026-09-16 01:32:08,AUD/USD,16,23,0.71256
2026-09-16 01:32:17,GBP/USD,5,27,1.34680
2026-09-16 01:32:27,EUR/USD,10,44,1.15327
2026-09-16 01:32:36,NZD/USD,0,46,0.57426
2026-09-16 01:32:45,US500,15,27,7585.73000
2026-09-16 06:46:50,AUD/USD,16,23,0.71276
2026-09-16 06:47:00,GBP/USD,5,10,1.34770
2026-09-16 06:47:09,EUR/USD,10,44,1.15459
2026-09-16 06:47:18,NZD/USD,0,46,0.57536
2026-09-16 06:47:27,US500,15,27,7585.73000
2026-09-16 12:25:27,AUD/USD,16,23,0.71294
2026-09-16 12:25:36,GBP/USD,5,27,1.34500
2026-09-16 12:25:46,EUR/USD,10,44,1.15330
2026-09-16 12:25:55,NZD/USD,0,46,0.57607
2026-09-16 12:26:04,US500,15,27,7585.73000
2026-09-16 17:12:41,AUD/USD,16,23,0.71281
2026-09-16 17:12:50,GBP/USD,5,27,1.34410
2026-09-16 17:13:00,EUR/USD,10,44,1.15315
2026-09-16 17:13:09,NZD/USD,0,46,0.57547
2026-09-16 17:13:18,US500,26,30,7605.36000
2026-09-16 20:10:00,AUD/USD,0,20,0.70901
2026-09-16 20:10:10,GBP/USD,0,41,1.33840
2026-09-16 20:10:19,EUR/USD,0,51,1.14690
2026-09-16 20:10:29,NZD/USD,0,46,0.57133
2026-09-16 20:10:38,US500,15,27,7552.25000
2026-09-16 22:56:02,AUD/USD,0,20,0.70865
2026-09-16 22:56:11,GBP/USD,0,41,1.33790
2026-09-16 22:56:20,EUR/USD,0,51,1.14662
2026-09-16 22:56:30,NZD/USD,0,55,0.57224
2026-09-16 22:56:39,US500,15,27,7551.81000
2026-09-17 01:06:18,AUD/USD,0,20,0.70888
2026-09-17 01:06:27,GBP/USD,0,41,1.33720
2026-09-17 01:06:37,EUR/USD,0,51,1.14591
2026-09-17 01:06:46,NZD/USD,0,55,0.57137
2026-09-17 01:06:55,US500,15,27,7551.81000
2026-09-17 06:08:45,AUD/USD,16,23,0.71084
2026-09-17 06:08:54,GBP/USD,0,41,1.33830
2026-09-17 06:09:03,EUR/USD,0,51,1.14669
2026-09-17 06:09:13,NZD/USD,0,55,0.57309
2026-09-17 06:09:22,US500,15,27,7551.81000
2026-09-17 11:41:02,AUD/USD,6,23,0.71073
2026-09-17 11:41:11,GBP/USD,0,41,1.33680
2026-09-17 11:41:21,EUR/USD,0,51,1.14687
2026-09-17 11:41:30,NZD/USD,0,55,0.57320
2026-09-17 11:41:39,US500,15,27,7551.81000
2026-09-17 15:39:46,AUD/USD,16,23,0.71114
2026-09-17 15:39:56,GBP/USD,0,41,1.33440
2026-09-17 15:40:05,EUR/USD,10,51,1.14775
2026-09-17 15:40:15,NZD/USD,0,55,0.57316
2026-09-17 15:40:24,US500,43,30,7627.35000
2026-09-17 19:16:49,AUD/USD,16,23,0.71108
2026-09-17 19:16:58,GBP/USD,0,41,1.33550
2026-09-17 19:17:08,EUR/USD,10,51,1.14772
2026-09-17 19:17:17,NZD/USD,0,55,0.57306
2026-09-17 19:17:26,US500,43,30,7641.68000
2026-09-17 22:20:26,AUD/USD,16,23,0.71086
2026-09-17 22:20:36,GBP/USD,0,41,1.33590
2026-09-17 22:20:45,EUR/USD,10,51,1.14759
2026-09-17 22:20:54,NZD/USD,0,55,0.57313
2026-09-17 22:21:03,US500,43,30,7637.76000
2026-09-18 00:37:12,AUD/USD,16,23,0.71140
2026-09-18 00:37:21,GBP/USD,0,41,1.33580
2026-09-18 00:37:31,EUR/USD,10,51,1.14788
2026-09-18 00:37:40,NZD/USD,0,55,0.57238
2026-09-18 00:37:49,US500,43,30,7637.76000
